case_id,Hospital_code,Hospital_type_code,City_Code_Hospital,Hospital_region_code,Available Extra Rooms in Hospital,Department,Ward_Type,Ward_Facility_Code,Bed Grade,patientid,City_Code_Patient,Type of Admission,Severity of Illness,Visitors with Patient,Age,Admission_Deposit,Stay
784,25,b,2,Y,4,gynecology,Q,D,4,91534,8,Trauma,Moderate,2,41-50,5356,unknown
3250,10,c,5,Z,4,gynecology,S,F,2,11382,15,Emergency,Moderate,2,21-30,4735,51-60
7971,26,b,2,Y,5,anesthesia,R,D,4,13449,8,Trauma,Moderate,4,71-80,4651,41-50
1415,23,a,6,X,4,gynecology,Q,F,3,125922,8,Emergency,Minor,4,21-30,5292,unknown
5291,9,g,9,Y,3,gynecology,R,B,3,96482,8,Trauma,Moderate,2,21-30,4769,31-40
5742,27,d,6,X,4,anesthesia,R,F,3,65598,8,Trauma,Moderate,12,31-40,4794,31-40
572,29,c,2,Y,3,gynecology,Q,C,2,122360,8,Urgent,Moderate,3,61-70,3884,51-60
4656,26,b,2,Y,4,gynecology,R,D,2,111889,4,Trauma,Moderate,2,51-60,5213,0-10
3770,6,a,4,X,3,gynecology,R,F,3,114555,8,Trauma,Minor,2,21-30,5019,unknown
5699,14,c,5,Z,4,gynecology,R,F,4,77954,2,Trauma,Moderate,2,41-50,4175,21-30
439,5,a,6,X,4,TB & Chest disease,Q,F,2,63855,14,Trauma,Moderate,4,61-70,4892,21-30
3155,6,a,6,X,4,gynecology,Q,F,4,30944,8,Trauma,Moderate,4,51-60,3882,More than 100 Days
4662,27,b,11,X,3,gynecology,R,F,3,46463,1,Trauma,Extreme,6,41-50,5138,31-40
813,21,c,3,Z,4,anesthesia,Q,A,2,64000,8,Trauma,Moderate,2,31-40,3704,21-30
4899,25,e,1,X,2,gynecology,Q,E,3,64545,4,Emergency,Minor,8,51-60,5221,51-60
490,22,c,1,Z,4,gynecology,S,F,3,31351,8,Emergency,Minor,2,21-30,5530,unknown
4618,20,a,7,Y,4,gynecology,Q,C,2,53362,8,Emergency,Moderate,2,31-40,4839,21-30
5391,22,a,1,X,4,anesthesia,Q,E,3,67142,1,Emergency,Moderate,3,41-50,3447,unknown
9461,26,g,9,Y,3,anesthesia,S,B,4,38002,8,Trauma,Moderate,6,unknown,5039,21-30
834,18,d,9,Y,2,gynecology,S,C,3,126208,8,Trauma,Moderate,3,61-70,4049,0-10
2324,2,c,5,Z,3,gynecology,R,F,1,116765,5,Trauma,Extreme,3,51-60,3869,61-70
2542,10,a,5,X,2,gynecology,Q,E,2,61630,unknown,Trauma,Moderate,2,61-70,4972,unknown
5111,13,a,9,Y,4,gynecology,Q,B,3,7911,8,Trauma,Extreme,2,41-50,5624,unknown
5168,26,d,2,Y,2,gynecology,S,D,4,61929,8,Trauma,Extreme,4,71-80,7161,31-40
7927,6,a,6,Y,4,gynecology,Q,C,3,29547,8,Emergency,Moderate,2,21-30,4900,21-30
4028,23,a,1,X,2,gynecology,S,E,3,80059,9,Trauma,Moderate,2,61-70,6809,51-60
4676,15,e,1,X,2,anesthesia,S,E,2,45979,8,Emergency,Moderate,2,unknown,4847,unknown
464,11,a,5,Z,2,gynecology,Q,F,4,30292,8,Emergency,Minor,4,41-50,4853,unknown
7524,26,b,2,Y,4,gynecology,R,D,4,43744,4,Urgent,Moderate,2,unknown,3493,31-40
9536,11,b,1,X,3,anesthesia,Q,E,4,79036,10,Trauma,Extreme,2,41-50,3637,21-30
2364,4,a,9,Y,5,gynecology,S,C,3,113581,8,Emergency,Extreme,4,51-60,3506,51-60
790,26,b,2,Y,4,anesthesia,Q,D,2,46631,4,Trauma,Moderate,4,31-40,4887,61-70
8317,2,d,5,Y,3,radiotherapy,S,F,2,127336,8,Trauma,Moderate,2,51-60,4955,21-30
9302,26,f,2,Y,2,anesthesia,Q,D,4,40712,8,Urgent,Moderate,4,51-60,5559,81-90
627,18,c,3,Z,4,gynecology,S,A,2,101302,8,Urgent,Moderate,2,21-30,5128,unknown
4398,7,e,1,X,2,gynecology,Q,E,3,91139,9,Emergency,Moderate,2,41-50,4959,unknown
304,23,a,1,X,3,gynecology,S,E,3,36714,8,Emergency,Extreme,2,71-80,3800,21-30
9825,26,b,2,Y,7,gynecology,Q,D,4,36270,8,Emergency,Moderate,4,unknown,5255,31-40
8635,9,d,5,Z,2,gynecology,S,F,3,115112,8,Emergency,Minor,4,71-80,4992,unknown
2926,26,b,2,Y,4,radiotherapy,S,D,4,70729,8,Emergency,Extreme,4,61-70,5194,21-30
5704,27,b,11,X,4,gynecology,R,F,3,126857,8,Trauma,Moderate,2,41-50,5147,unknown
2337,9,c,1,Z,4,gynecology,Q,E,2,8527,9,Trauma,Moderate,4,41-50,3086,61-70
5598,14,c,5,Z,3,gynecology,R,F,2,65275,8,Urgent,Moderate,3,41-50,3924,31-40
684,13,a,1,X,4,gynecology,Q,E,2,12960,9,Emergency,Extreme,4,41-50,3557,51-60
917,14,a,1,X,4,gynecology,R,E,3,59376,unknown,Emergency,Moderate,3,31-40,4072,51-60
2477,23,a,6,X,2,anesthesia,R,F,3,98569,2,Trauma,Moderate,2,21-30,5761,unknown
5315,2,b,9,Y,4,radiotherapy,Q,B,2,62146,9,Urgent,Moderate,2,81-90,4062,21-30
7269,26,b,2,Y,2,gynecology,R,D,4,42000,8,Emergency,Moderate,5,61-70,3964,71-80
984,26,b,2,Y,4,radiotherapy,Q,D,3,70472,8,Trauma,Moderate,2,41-50,5605,unknown
7596,28,a,7,Y,2,gynecology,S,C,3,122018,11,Emergency,Moderate,2,51-60,5589,0-10
442,23,a,6,X,3,gynecology,Q,F,3,67459,4,Emergency,Moderate,2,31-40,3979,unknown
5927,11,b,2,Y,4,gynecology,R,D,4,37067,8,Trauma,Moderate,4,71-80,5286,0-10
5205,14,e,1,X,4,gynecology,R,E,4,12720,1,Emergency,Moderate,4,31-40,3780,0-10
4117,25,e,1,X,2,gynecology,S,E,2,118278,9,Emergency,Extreme,2,41-50,4404,unknown
6008,20,a,7,Y,3,gynecology,R,C,3,88196,8,Trauma,Moderate,5,51-60,5001,51-60
8736,6,a,6,X,4,gynecology,R,F,3,61496,8,Trauma,Extreme,8,51-60,5428,51-60
804,3,c,5,Z,6,gynecology,Q,F,2,53367,4,Emergency,Moderate,4,61-70,3399,31-40
5166,26,b,2,Y,2,anesthesia,S,D,4,46128,8,Trauma,Minor,3,unknown,5322,21-30
788,6,a,5,Z,2,gynecology,R,F,3,58845,8,Trauma,Minor,2,21-30,4777,21-30
5540,2,c,5,Z,3,gynecology,S,F,2,77705,8,Trauma,Moderate,2,21-30,5625,51-60
4206,14,c,6,X,4,anesthesia,Q,F,4,71357,8,Trauma,Moderate,2,41-50,4237,unknown
897,29,a,9,Y,4,gynecology,R,B,2,61474,8,Trauma,Moderate,2,41-50,6806,31-40
2947,20,b,2,Y,3,gynecology,S,D,4,125519,4,Trauma,Minor,3,31-40,6017,unknown
1056,14,a,5,Z,4,gynecology,R,F,4,11164,8,Emergency,Moderate,4,81-90,4158,21-30
5814,11,d,5,X,3,gynecology,R,F,3,91763,4,Trauma,Moderate,6,21-30,3794,51-60
8296,27,b,11,X,2,radiotherapy,R,F,2,113913,1,Trauma,Moderate,3,41-50,5057,31-40
734,3,c,3,Z,3,gynecology,R,A,2,39098,8,Trauma,Moderate,6,41-50,4871,51-60
906,13,a,1,X,4,gynecology,Q,E,2,32405,8,Trauma,Moderate,4,51-60,3928,91-100
6147,26,b,2,Y,6,gynecology,S,D,2,30856,8,Trauma,Moderate,6,51-60,3262,41-50
5042,14,e,1,X,4,gynecology,S,E,2,10796,5,Emergency,Moderate,4,51-60,3197,71-80
3269,26,b,3,Y,4,gynecology,S,A,2,87714,8,Trauma,Extreme,3,21-30,5495,71-80
3038,20,e,9,Y,1,TB & Chest disease,Q,B,4,32080,8,Emergency,Moderate,2,41-50,4575,31-40
9700,26,b,1,Y,2,gynecology,R,D,3,98022,8,Emergency,Moderate,5,21-30,6917,unknown
3028,25,a,7,Y,4,gynecology,Q,C,2,29109,8,Emergency,Moderate,3,81-90,5077,21-30
507,6,a,7,Y,3,gynecology,R,C,4,10061,8,Emergency,Extreme,6,61-70,2859,21-30
2939,14,a,1,X,4,gynecology,Q,E,2,58955,8,Trauma,Moderate,2,31-40,4372,21-30
6455,18,a,1,X,2,anesthesia,R,B,3,93929,8,Trauma,Moderate,2,21-30,5149,0-10
2354,11,a,7,Y,4,gynecology,Q,B,3,35713,8,Emergency,Moderate,4,61-70,3781,unknown
2882,2,g,9,Y,2,gynecology,R,B,2,58933,8,Trauma,Moderate,2,41-50,3571,31-40
8066,26,b,2,Y,4,gynecology,R,D,4,23838,8,Trauma,Moderate,4,41-50,4907,71-80
5956,27,a,7,Y,4,gynecology,P,C,1,39817,8,Emergency,Moderate,6,61-70,4069,81-90
8277,23,a,5,X,3,gynecology,S,F,2,74104,7,Emergency,Moderate,2,81-90,5408,0-10
6578,29,b,11,X,2,anesthesia,R,F,2,113614,1,Trauma,Moderate,3,61-70,6171,51-60
9308,5,a,6,X,4,gynecology,Q,F,3,56465,8,Emergency,Moderate,4,61-70,4548,51-60
5639,21,c,3,Z,4,gynecology,Q,A,2,70748,10,Emergency,Moderate,4,51-60,4157,31-40
2248,28,b,11,X,2,gynecology,R,F,2,69674,1,Emergency,Moderate,2,41-50,4041,71-80
1947,27,b,11,X,4,gynecology,R,F,3,99977,2,Urgent,Moderate,8,41-50,3888,51-60
7957,5,a,6,X,4,gynecology,Q,F,unknown,32558,11,Trauma,Moderate,4,41-50,3966,unknown
4198,28,d,5,X,3,gynecology,S,F,4,68360,9,Trauma,Moderate,4,61-70,5173,51-60
1021,23,a,6,X,4,radiotherapy,R,E,3,37141,8,Trauma,Moderate,8,21-30,6381,81-90
882,11,c,5,Z,4,gynecology,Q,F,2,59408,25,Emergency,Moderate,4,41-50,3959,unknown
875,28,d,3,Y,3,gynecology,S,F,2,5729,1,Urgent,Moderate,3,41-50,4113,31-40
1966,15,e,1,X,3,gynecology,S,E,2,102000,9,Emergency,Moderate,2,61-70,3441,unknown
7133,7,e,1,X,2,gynecology,S,E,4,11545,2,Emergency,Minor,6,71-80,4700,81-90
2070,28,a,7,Y,1,gynecology,S,C,3,111522,8,Trauma,Moderate,2,21-30,5007,81-90
940,28,a,7,Y,2,gynecology,S,C,4,46809,8,Trauma,Extreme,4,51-60,5018,51-60
3366,28,b,11,X,2,gynecology,R,F,4,112829,1,Trauma,Moderate,5,71-80,5185,61-70
2368,2,d,9,Y,2,TB & Chest disease,S,B,2,126420,8,Urgent,Moderate,2,41-50,5649,unknown
9176,14,a,1,X,2,gynecology,S,E,2,29681,7,Emergency,Moderate,2,41-50,3815,51-60
3041,27,a,7,Y,4,gynecology,P,C,2,9923,8,Emergency,Moderate,6,61-70,3633,21-30
5520,15,c,3,Z,4,gynecology,S,A,4,131402,8,Trauma,Moderate,2,61-70,4635,unknown
2586,25,a,1,X,3,anesthesia,Q,E,3,63157,8,Trauma,Moderate,6,61-70,4701,51-60
8700,32,c,3,Z,4,anesthesia,R,A,2,77037,7,Trauma,Moderate,6,31-40,4784,21-30
9967,26,b,2,Y,2,anesthesia,R,D,3,42213,8,Trauma,Minor,2,21-30,5272,31-40
3163,28,b,11,X,1,gynecology,R,F,3,35444,1,Trauma,Moderate,11,71-80,4162,41-50
3705,32,a,9,Y,2,anesthesia,S,B,4,72298,8,Trauma,Moderate,8,61-70,4099,51-60
3457,17,e,1,X,4,gynecology,S,E,2,42878,1,Urgent,Moderate,3,41-50,3997,51-60
8280,25,b,2,Y,2,anesthesia,R,D,2,54469,8,Emergency,Moderate,3,61-70,5036,51-60
9541,25,b,2,X,4,gynecology,Q,D,2,39227,8,Trauma,Extreme,2,31-40,4404,31-40
5485,2,c,5,Z,3,gynecology,S,F,2,12113,5,Emergency,Moderate,6,21-30,5914,31-40
7119,22,a,1,X,2,radiotherapy,R,E,3,30996,8,Urgent,Extreme,2,51-60,4797,21-30
486,20,c,3,Z,4,gynecology,R,A,4,100885,14,Trauma,Moderate,5,31-40,4871,31-40
2566,27,a,6,X,3,radiotherapy,R,F,4,97673,14,Emergency,Minor,6,61-70,4671,31-40
1019,2,c,5,Z,4,gynecology,R,F,2,50191,4,Urgent,Moderate,3,41-50,4366,41-50
7626,1,g,9,Y,4,gynecology,R,B,3,41777,15,Emergency,Moderate,2,61-70,5051,31-40
2109,9,e,1,X,4,gynecology,Q,E,3,90626,unknown,Trauma,Moderate,3,21-30,3516,unknown
5581,26,b,2,Y,4,gynecology,Q,D,3,90157,11,Trauma,Moderate,5,41-50,4559,41-50
6023,20,c,5,Z,4,anesthesia,S,A,2,58110,8,Trauma,Moderate,2,91-100,5483,61-70
1115,1,c,3,Z,4,gynecology,R,F,2,84242,8,Emergency,Moderate,2,71-80,4836,unknown
8723,23,a,6,X,2,gynecology,R,F,3,88255,8,Trauma,Minor,5,unknown,3870,31-40
1128,2,d,9,Y,2,gynecology,R,B,4,26745,7,Emergency,Moderate,4,41-50,4466,31-40
3111,26,b,2,Y,4,radiotherapy,S,D,4,126876,4,Trauma,Moderate,2,51-60,6137,0-10
1641,13,e,1,X,2,anesthesia,P,E,4,98580,8,Urgent,Moderate,4,61-70,4959,31-40
544,5,a,6,X,4,gynecology,Q,F,3,43065,2,Emergency,Extreme,5,41-50,4040,31-40
5674,13,g,9,Y,2,gynecology,T,E,2,73124,8,Emergency,Moderate,5,21-30,5136,41-50
7494,26,b,2,Y,4,radiotherapy,S,D,4,50009,8,Trauma,Extreme,2,91-100,4329,41-50
801,1,d,10,Y,3,gynecology,R,B,4,102570,8,Emergency,Moderate,2,31-40,4525,unknown
9764,12,c,5,Z,4,gynecology,S,F,2,105409,5,Trauma,Moderate,4,41-50,3498,91-100
684,14,c,5,Z,4,gynecology,Q,F,2,61359,4,Trauma,Minor,2,31-40,6123,unknown
942,9,d,10,Y,4,gynecology,S,B,2,52960,4,Trauma,Moderate,3,41-50,4869,21-30
2412,19,c,3,Z,3,gynecology,R,A,2,58781,8,Trauma,Moderate,4,31-40,3971,31-40
5831,11,d,9,Y,4,gynecology,Q,B,3,72874,8,Emergency,Moderate,2,41-50,5120,unknown
9126,26,b,2,Y,7,radiotherapy,R,D,3,37375,8,Urgent,Minor,2,31-40,4470,unknown
645,12,b,2,Y,5,gynecology,S,D,4,9492,8,Emergency,Extreme,3,31-40,3084,unknown
8634,10,b,2,Y,2,TB & Chest disease,R,D,2,28029,8,Trauma,Moderate,2,41-50,5404,21-30
8257,25,b,2,Y,4,anesthesia,R,D,4,74425,8,Trauma,Moderate,11,41-50,4227,More than 100 Days
4107,11,c,1,X,3,gynecology,Q,E,3,68452,8,Trauma,Moderate,2,41-50,4237,91-100
4309,26,b,2,Y,3,gynecology,R,D,4,126211,8,Trauma,Minor,2,51-60,5372,unknown
4058,23,a,6,X,2,gynecology,Q,F,3,67356,10,Trauma,Moderate,2,41-50,5859,21-30
8014,10,b,2,Y,3,gynecology,Q,D,4,127133,5,Trauma,Moderate,8,71-80,6628,51-60
2149,19,c,3,Z,3,radiotherapy,S,A,2,92316,9,Trauma,Moderate,2,41-50,3616,51-60
1207,14,d,5,Z,3,gynecology,R,F,3,7741,5,Trauma,Moderate,5,51-60,4620,51-60
5011,28,b,11,X,3,gynecology,R,F,2,74475,8,Emergency,Moderate,11,41-50,3651,71-80
3595,10,a,1,X,3,gynecology,Q,E,3,95099,unknown,Trauma,Minor,2,31-40,3348,unknown
4836,17,a,7,Y,4,gynecology,Q,C,2,105961,8,Trauma,Moderate,2,51-60,4348,21-30
1143,9,e,1,X,4,gynecology,Q,E,3,127318,8,Emergency,Minor,2,21-30,4843,21-30
3917,11,c,3,Z,3,gynecology,Q,A,2,88645,8,Trauma,Moderate,3,41-50,6231,21-30
4710,13,c,5,Z,4,gynecology,S,F,2,124640,4,Emergency,Moderate,2,31-40,8406,31-40
6785,23,a,6,Y,4,anesthesia,R,F,2,81535,8,Urgent,Moderate,2,51-60,4268,unknown
3546,15,c,4,Z,4,gynecology,R,A,2,70157,8,Emergency,Moderate,3,41-50,2784,51-60
5603,23,a,4,X,4,gynecology,R,F,2,6828,15,Trauma,Extreme,2,unknown,5059,21-30
9310,26,b,2,Y,2,gynecology,S,D,3,107973,8,Urgent,Minor,8,71-80,6757,61-70
750,9,b,2,Y,4,radiotherapy,S,F,2,63149,8,Urgent,Extreme,4,21-30,4084,51-60
5045,5,a,6,X,4,gynecology,R,F,3,61645,11,Trauma,Moderate,4,41-50,2637,51-60
7528,14,c,5,X,2,anesthesia,R,F,3,89873,2,Trauma,Moderate,2,41-50,5082,31-40
2105,2,c,3,Z,2,radiotherapy,S,A,4,67780,8,Trauma,Moderate,4,21-30,4952,81-90
633,20,a,7,Y,6,radiotherapy,Q,C,2,37824,9,Trauma,Moderate,5,61-70,3937,unknown
5355,6,a,1,X,4,gynecology,Q,E,2,7178,9,Trauma,Moderate,3,61-70,3821,21-30
4239,10,b,2,Y,5,gynecology,Q,D,1,36038,8,Urgent,Moderate,4,51-60,3939,21-30
2858,11,a,7,Y,3,gynecology,S,B,1,55585,8,Emergency,Moderate,3,41-50,3767,31-40
6450,6,d,5,Z,4,gynecology,R,F,2,29320,8,Trauma,Minor,2,41-50,5002,21-30
1055,29,a,4,X,4,gynecology,R,F,2,96192,7,Urgent,Moderate,3,41-50,3923,91-100
7934,23,a,6,X,2,gynecology,R,E,4,65477,1,Trauma,Minor,2,71-80,4991,21-30
950,23,a,4,X,4,gynecology,R,F,3,58034,8,Trauma,Moderate,6,31-40,4118,71-80
5675,17,e,1,X,2,gynecology,S,E,2,99145,8,Emergency,Moderate,4,41-50,5446,71-80
6138,26,b,2,Y,3,radiotherapy,S,D,4,83069,8,Emergency,Moderate,3,41-50,4047,51-60
1805,26,b,2,Y,3,gynecology,R,D,3,38867,8,Trauma,Moderate,2,61-70,4343,31-40
8110,11,a,7,Y,3,gynecology,Q,C,4,127498,8,Urgent,Minor,2,41-50,6406,unknown
6145,15,a,1,X,2,gynecology,R,E,3,32774,8,Trauma,Extreme,4,61-70,7267,21-30
2283,28,a,11,X,4,gynecology,R,F,3,82122,5,Trauma,Extreme,2,31-40,4072,51-60
8351,14,a,9,Y,3,gynecology,S,B,3,68686,8,Trauma,Minor,2,51-60,5454,31-40
7982,10,b,2,Y,7,gynecology,Q,D,1,100415,8,Emergency,Moderate,4,31-40,4793,unknown
619,20,c,3,Z,2,gynecology,S,A,1,91062,8,Trauma,Extreme,4,61-70,4573,unknown
2556,26,b,2,Y,3,gynecology,R,D,2,67855,unknown,Trauma,Moderate,3,51-60,3930,71-80
746,25,b,2,Y,3,gynecology,R,D,4,121058,8,Trauma,Moderate,2,31-40,6125,51-60
4015,11,c,5,Z,4,gynecology,S,F,2,95190,5,Trauma,Moderate,2,41-50,5007,unknown
827,23,a,1,X,2,gynecology,R,E,3,8474,8,Trauma,Moderate,6,unknown,4063,21-30
8237,12,e,1,X,4,gynecology,R,E,2,115850,9,Trauma,Moderate,2,61-70,3895,21-30
2782,29,b,11,X,3,gynecology,R,F,2,52534,1,Trauma,Moderate,6,41-50,4739,51-60
7147,25,e,1,X,3,radiotherapy,S,E,2,96108,8,Emergency,Extreme,2,31-40,3977,21-30
670,26,g,9,Y,2,gynecology,S,B,3,48427,8,Emergency,Moderate,5,71-80,6799,81-90
2107,11,c,3,X,4,gynecology,S,E,2,83173,9,Trauma,Moderate,2,51-60,4243,91-100
4608,2,c,3,Z,7,radiotherapy,S,A,2,8667,8,Emergency,Moderate,2,61-70,4701,21-30
5654,5,a,6,X,3,gynecology,R,F,4,57912,8,Trauma,Minor,6,61-70,3775,0-10
1017,23,a,1,X,4,gynecology,S,E,2,90931,8,Trauma,Moderate,2,31-40,3579,31-40
7511,28,a,6,X,3,anesthesia,R,F,3,31102,1,Trauma,Minor,3,71-80,5066,51-60
8109,10,a,9,Y,2,gynecology,S,B,4,82303,8,Emergency,Extreme,2,51-60,4718,unknown
8215,27,a,7,Y,3,gynecology,R,C,1,64610,8,Trauma,Extreme,6,21-30,3610,31-40
4906,19,c,3,Z,4,anesthesia,S,A,4,111227,9,Urgent,Moderate,2,71-80,5542,21-30
8597,10,a,7,Y,5,gynecology,Q,C,1,10945,20,Emergency,Moderate,2,21-30,4919,unknown
6194,26,a,7,Y,4,gynecology,P,C,4,35345,8,Emergency,Moderate,4,21-30,4010,21-30
3143,29,b,11,X,3,gynecology,R,F,2,71174,1,Trauma,Moderate,3,41-50,3976,51-60
656,20,a,7,Y,2,gynecology,P,C,2,126146,8,Emergency,Moderate,2,71-80,6994,0-10
9880,14,a,1,X,4,gynecology,Q,E,4,68649,7,Emergency,Minor,8,unknown,4110,31-40
8005,14,c,5,Z,4,anesthesia,Q,F,3,69428,8,Trauma,Moderate,4,21-30,5147,21-30
5496,26,b,2,Y,2,gynecology,S,D,4,76315,8,Trauma,Moderate,8,unknown,5716,More than 100 Days
4953,5,e,1,X,2,anesthesia,S,E,2,41004,1,Trauma,Extreme,2,41-50,2845,41-50
1055,14,a,4,Y,4,gynecology,R,F,2,100822,2,Urgent,Moderate,2,31-40,3762,51-60
4801,2,c,3,Z,4,gynecology,S,A,3,10167,4,Trauma,Moderate,3,unknown,5882,unknown
1937,2,d,5,Z,3,gynecology,R,F,2,36156,5,Trauma,Moderate,3,51-60,6381,21-30
7534,11,a,5,Y,2,radiotherapy,S,F,3,13801,8,Emergency,Minor,2,71-80,5362,unknown
722,6,a,6,X,4,anesthesia,Q,F,1,64605,8,Trauma,Moderate,4,61-70,3919,21-30
926,11,e,1,Y,4,anesthesia,Q,D,3,83544,8,Emergency,Moderate,8,41-50,4827,31-40
922,32,g,9,Y,2,anesthesia,S,B,4,126823,8,Trauma,Extreme,2,51-60,5548,unknown
3422,23,a,6,Y,4,gynecology,R,F,3,122759,8,Trauma,Extreme,2,61-70,5020,21-30
4010,11,d,5,Z,3,gynecology,Q,F,4,65514,2,Trauma,Minor,2,unknown,5600,unknown
4021,23,a,6,X,4,gynecology,Q,F,4,43185,2,Trauma,Extreme,4,51-60,4560,31-40
881,6,c,6,X,4,anesthesia,Q,F,1,32319,8,Trauma,Moderate,2,61-70,3864,21-30
7933,5,a,6,X,4,anesthesia,Q,F,3,127707,8,Trauma,Minor,2,51-60,2238,21-30
5803,6,a,6,X,2,gynecology,R,F,3,35587,8,Trauma,Minor,2,61-70,4010,unknown
9406,1,c,5,Z,4,gynecology,R,F,2,84317,8,Emergency,Moderate,4,31-40,5185,0-10
780,25,b,2,Y,4,gynecology,P,D,2,113074,2,Emergency,Extreme,3,41-50,3997,21-30
5635,11,d,2,Y,3,anesthesia,Q,C,3,29679,8,Trauma,Moderate,4,61-70,4589,51-60
1182,6,a,6,X,4,gynecology,Q,F,2,100097,15,Trauma,Moderate,3,41-50,3742,31-40
8720,6,a,6,X,2,anesthesia,R,F,4,38959,8,Trauma,Moderate,2,41-50,5119,unknown
4234,10,e,1,X,4,gynecology,S,E,4,73964,14,Urgent,Minor,3,41-50,5136,unknown
2039,25,b,2,Y,3,gynecology,S,D,4,100392,8,Emergency,Moderate,6,41-50,4595,31-40
2795,28,b,11,X,4,gynecology,Q,F,4,72940,4,Trauma,Moderate,2,21-30,5196,21-30
2346,23,a,6,X,4,gynecology,R,F,4,96264,15,Trauma,Moderate,2,51-60,4614,unknown
7586,28,b,11,X,3,gynecology,R,F,3,31815,1,Urgent,Moderate,2,31-40,4421,21-30
3273,28,b,11,X,4,gynecology,R,F,3,53106,8,Trauma,Moderate,2,31-40,4267,21-30
8533,20,g,9,Y,6,gynecology,S,B,4,36344,8,Emergency,Moderate,4,21-30,6781,51-60
4706,2,d,9,Y,2,gynecology,Q,B,4,80955,8,Emergency,Moderate,2,41-50,3811,21-30
2108,14,a,1,X,4,gynecology,Q,E,3,95482,8,Emergency,Moderate,3,41-50,3203,unknown
5457,10,c,5,Z,3,gynecology,S,F,2,54142,10,Trauma,Moderate,2,21-30,4741,31-40
671,27,a,7,Y,4,gynecology,Q,C,3,53814,8,Urgent,Moderate,5,21-30,4039,unknown
4746,28,b,11,X,3,gynecology,R,F,4,122750,1,Urgent,Moderate,2,51-60,3925,21-30
7780,28,b,11,X,2,gynecology,S,F,4,80102,5,Trauma,Extreme,2,41-50,3774,0-10
5982,11,e,9,Y,4,gynecology,Q,B,3,73497,8,Emergency,Minor,2,81-90,4925,71-80
1761,5,a,1,X,1,gynecology,S,E,3,100672,8,Trauma,Extreme,2,61-70,4042,81-90
5764,25,d,2,Y,3,gynecology,R,F,3,26574,4,Urgent,Extreme,6,41-50,4207,51-60
630,27,b,2,Y,1,gynecology,S,F,3,40079,8,Trauma,Extreme,8,21-30,4199,31-40
4881,32,f,9,Y,2,anesthesia,S,B,4,25913,2,Trauma,Extreme,3,51-60,4213,51-60
2689,11,a,2,Y,5,anesthesia,Q,D,4,103032,8,Trauma,Minor,2,21-30,4027,31-40
2056,5,a,6,X,4,anesthesia,Q,F,4,39358,14,Trauma,Moderate,3,41-50,4879,unknown
8320,18,c,2,Y,3,radiotherapy,R,D,4,11424,8,Emergency,Moderate,2,91-100,5097,51-60
4999,32,f,9,Y,3,gynecology,S,B,3,57821,8,Trauma,Moderate,6,21-30,6293,51-60
9444,1,d,10,Y,3,gynecology,T,B,2,130531,7,Urgent,Moderate,2,21-30,5144,21-30
5182,22,a,1,X,3,gynecology,R,E,3,49273,8,Urgent,Moderate,2,61-70,4043,21-30
8278,18,c,3,Z,4,gynecology,S,A,4,114813,5,Trauma,Moderate,2,41-50,4987,unknown
633,22,a,6,X,1,gynecology,Q,F,3,76854,8,Urgent,Extreme,4,61-70,3917,21-30
732,5,a,6,X,4,radiotherapy,Q,F,4,109955,7,Emergency,Extreme,2,61-70,4423,0-10
5402,19,a,1,Y,4,anesthesia,R,E,2,80291,8,Urgent,Moderate,2,41-50,4384,21-30
5564,27,a,11,Z,4,gynecology,R,F,3,12320,5,Urgent,Moderate,3,41-50,3622,unknown
819,23,a,6,X,2,anesthesia,S,F,4,37797,8,Emergency,Moderate,4,41-50,5499,unknown
8266,12,c,5,Z,3,gynecology,Q,F,3,57044,8,Emergency,Moderate,4,51-60,7229,31-40
5428,10,d,5,Z,4,gynecology,Q,F,4,56983,4,Trauma,Moderate,2,21-30,5157,21-30
5295,23,a,6,X,4,gynecology,R,F,3,76875,1,Trauma,Moderate,2,41-50,5210,unknown
5145,22,a,6,X,4,gynecology,R,F,unknown,73124,2,Trauma,Moderate,4,21-30,2888,31-40
967,11,a,9,Y,4,gynecology,R,B,3,124345,8,Emergency,Moderate,4,41-50,4388,41-50
2461,18,e,1,X,4,gynecology,Q,E,2,75707,8,Trauma,Moderate,4,41-50,5214,21-30
3260,6,a,4,X,4,gynecology,Q,F,3,21117,8,Trauma,Moderate,5,41-50,3613,71-80
515,10,a,6,X,3,TB & Chest disease,R,F,3,74291,8,Emergency,Minor,4,71-80,3369,61-70
855,26,b,2,Y,2,gynecology,S,D,4,22910,2,Trauma,Moderate,2,41-50,4361,41-50
4459,12,a,1,X,5,gynecology,Q,E,3,77508,8,Trauma,Moderate,2,41-50,3153,21-30
5123,26,b,2,Y,2,anesthesia,S,D,4,45972,8,Trauma,Extreme,2,41-50,6305,51-60
9528,2,c,3,Z,3,anesthesia,R,A,4,52119,8,Trauma,Moderate,2,21-30,3092,31-40
4782,6,a,11,X,3,gynecology,R,F,4,62469,23,Emergency,Moderate,6,41-50,5809,31-40
1562,16,e,1,X,4,gynecology,S,E,2,87401,9,Emergency,Moderate,4,51-60,3456,21-30
9207,2,d,9,Z,4,gynecology,Q,B,4,56644,4,Urgent,Moderate,3,31-40,3666,unknown
7760,27,a,7,Y,2,gynecology,R,C,3,36186,8,Emergency,Minor,6,71-80,3685,51-60
4865,26,a,2,Y,3,anesthesia,R,D,3,28392,8,Emergency,Moderate,5,0-10,4681,31-40
7866,25,b,2,Y,2,gynecology,S,D,3,123829,8,Trauma,Moderate,2,41-50,5031,31-40
612,19,a,7,Y,4,gynecology,Q,C,2,102417,8,Emergency,Minor,6,21-30,2943,21-30
4575,23,a,4,X,4,gynecology,Q,F,2,9993,14,Trauma,Moderate,2,51-60,4828,31-40
5970,1,d,5,Z,3,gynecology,R,F,2,31527,2,Trauma,Minor,2,31-40,4137,unknown
6839,2,g,9,Y,2,gynecology,R,B,3,33834,8,Emergency,Moderate,3,41-50,7508,unknown
2266,10,b,11,X,4,gynecology,Q,F,3,70384,15,Emergency,Moderate,8,21-30,3880,51-60
9164,10,g,12,Y,4,gynecology,R,D,3,106715,2,Trauma,Moderate,4,71-80,4238,71-80
4022,6,a,1,X,4,gynecology,Q,E,2,76029,8,Emergency,Moderate,4,51-60,3559,unknown
1877,5,a,1,X,1,anesthesia,R,E,3,35338,8,Urgent,Moderate,2,41-50,4862,91-100
846,18,d,7,Y,6,gynecology,Q,C,2,62611,8,Trauma,Moderate,4,61-70,4903,unknown
4252,23,a,6,Y,4,gynecology,R,F,3,70390,unknown,Emergency,Minor,2,unknown,4888,unknown
6913,5,a,1,X,3,gynecology,Q,E,3,84085,8,Trauma,Moderate,4,61-70,2911,21-30
4524,30,c,3,Z,2,gynecology,S,A,3,127657,8,Trauma,Minor,2,31-40,4974,51-60
1288,26,b,2,Y,3,gynecology,Q,D,3,105092,8,Emergency,Moderate,3,41-50,4324,31-40
4346,26,c,2,Z,4,gynecology,R,D,2,72582,8,Trauma,Moderate,4,41-50,4433,41-50
2633,28,b,2,Y,3,radiotherapy,R,D,4,108151,14,Trauma,Moderate,2,31-40,4112,0-10
7201,25,e,9,Y,3,gynecology,S,B,3,96476,4,Emergency,Minor,2,71-80,5308,21-30
1981,26,e,2,X,4,gynecology,S,E,4,108729,8,Emergency,Extreme,4,51-60,3687,31-40
2623,14,a,1,X,4,gynecology,Q,E,3,67435,8,Trauma,Minor,2,41-50,4927,21-30
4675,23,a,6,X,1,gynecology,Q,F,2,67663,2,Trauma,Moderate,3,61-70,4983,51-60
4099,23,a,6,X,4,anesthesia,Q,F,4,32447,15,Emergency,Moderate,3,21-30,5338,51-60
2493,26,b,2,Y,2,gynecology,P,D,1,105514,8,Emergency,Extreme,4,61-70,4065,51-60
8348,23,a,9,Y,3,gynecology,Q,B,3,123389,2,Trauma,Minor,3,21-30,6744,unknown
7690,23,a,4,X,3,gynecology,R,F,4,47628,5,Trauma,Moderate,2,71-80,4722,21-30
1108,26,b,2,Y,2,surgery,Q,D,1,35012,8,Emergency,Moderate,4,61-70,3567,31-40
4450,8,d,5,Y,2,gynecology,S,B,4,52264,8,Trauma,Moderate,4,61-70,3945,51-60
786,26,e,2,X,2,gynecology,R,D,3,102182,7,Trauma,Moderate,2,41-50,4282,31-40
7835,19,c,3,Y,4,anesthesia,Q,C,2,78743,8,Trauma,Moderate,4,41-50,4120,31-40
2586,6,a,6,X,4,gynecology,Q,F,unknown,36849,8,Trauma,Extreme,4,unknown,5362,31-40
8199,28,a,7,Y,2,gynecology,R,C,2,75424,8,Trauma,Moderate,3,51-60,5107,51-60
8626,28,a,4,X,3,anesthesia,R,F,3,26021,8,Trauma,Moderate,8,61-70,5494,31-40
5381,6,a,6,X,4,gynecology,Q,F,unknown,26649,2,Trauma,Moderate,2,31-40,3862,21-30
4088,31,c,3,Y,2,gynecology,S,A,3,72769,8,Emergency,Moderate,4,41-50,6718,31-40
8287,20,c,3,Z,4,gynecology,S,A,2,64768,8,Trauma,Moderate,3,41-50,4181,41-50
4660,9,e,1,X,2,radiotherapy,Q,E,4,53540,10,Emergency,Minor,4,61-70,3338,51-60
721,28,a,7,Y,2,gynecology,P,C,2,125107,8,Trauma,Moderate,3,61-70,5117,31-40
9628,10,d,5,Z,4,gynecology,R,F,3,85296,5,Emergency,Minor,2,31-40,5483,unknown
857,1,d,10,Y,3,gynecology,T,B,3,92862,8,Trauma,Moderate,3,31-40,2857,51-60
7677,14,f,7,Y,3,radiotherapy,S,B,4,125493,8,Emergency,Minor,2,unknown,5190,unknown
3626,26,b,2,Y,2,radiotherapy,S,D,2,98393,8,Emergency,Moderate,2,41-50,3746,21-30
7666,26,b,2,Y,2,gynecology,S,D,3,93797,9,Emergency,Moderate,4,41-50,5934,unknown
8504,25,b,2,Y,1,anesthesia,R,D,2,29102,unknown,Trauma,Extreme,3,41-50,4179,51-60
5148,6,c,4,Z,4,gynecology,R,F,3,35235,8,Trauma,Extreme,2,51-60,5054,51-60
1924,28,a,4,X,4,surgery,R,F,3,53521,1,Trauma,Moderate,2,31-40,4333,51-60
517,1,d,5,Z,3,gynecology,R,F,3,29738,4,Trauma,Moderate,6,51-60,4261,61-70
1097,26,b,2,Y,3,gynecology,R,D,2,34018,8,Emergency,Moderate,5,41-50,5907,51-60
6172,17,e,1,X,2,gynecology,S,E,3,128180,9,Emergency,Moderate,2,51-60,4877,unknown
5919,26,e,1,X,2,anesthesia,S,E,4,90406,4,Emergency,Moderate,4,61-70,4719,81-90
764,19,b,2,Y,5,gynecology,Q,D,1,70653,8,Trauma,Extreme,4,61-70,4786,31-40
4177,31,c,3,Z,2,radiotherapy,S,A,2,66965,5,Emergency,Moderate,8,51-60,4070,51-60
9419,10,b,6,X,3,TB & Chest disease,S,F,4,8639,8,Trauma,Moderate,5,41-50,4808,51-60
1915,6,a,6,X,2,gynecology,R,F,3,75180,2,Trauma,Extreme,6,61-70,4881,51-60
596,9,a,1,X,2,anesthesia,Q,E,3,41463,8,Emergency,Minor,2,unknown,5563,21-30
765,14,c,1,X,3,anesthesia,S,E,2,94315,11,Trauma,Moderate,3,41-50,4203,91-100
2108,6,a,6,X,2,gynecology,Q,F,3,32521,2,Trauma,Extreme,8,61-70,6172,31-40
4741,11,a,5,X,2,anesthesia,Q,F,3,72120,8,Trauma,Minor,2,71-80,6702,91-100
998,25,b,2,Y,3,gynecology,P,D,1,73500,8,Emergency,Extreme,5,41-50,4010,51-60
5712,25,b,1,X,3,gynecology,S,E,4,49227,23,Emergency,Moderate,4,0-10,4864,More than 100 Days
779,26,a,7,Y,4,gynecology,Q,C,3,84107,8,Emergency,Moderate,2,41-50,3918,31-40
8004,26,b,2,Y,4,gynecology,R,D,4,114679,8,Emergency,Extreme,2,61-70,5793,unknown
8943,14,b,5,Z,2,gynecology,R,F,3,57489,4,Emergency,Moderate,2,81-90,4566,21-30
7779,13,c,5,Z,3,gynecology,Q,F,2,74549,4,Urgent,Moderate,4,21-30,4763,0-10
1800,5,a,6,X,4,gynecology,Q,F,3,100599,8,Trauma,Moderate,2,41-50,5441,31-40
1158,32,f,9,Y,2,anesthesia,S,B,3,73195,7,Emergency,Moderate,3,41-50,5870,51-60
689,6,a,6,X,2,gynecology,R,F,3,55058,2,Trauma,Extreme,6,61-70,4714,21-30
4686,32,f,9,Y,1,radiotherapy,S,B,1,110351,8,Trauma,Extreme,2,71-80,6815,unknown
734,25,b,2,Y,3,gynecology,S,D,3,30115,8,Trauma,Extreme,6,21-30,3763,51-60
7611,14,e,1,X,4,gynecology,S,E,2,87126,11,Emergency,Moderate,3,41-50,4733,31-40
9519,11,g,5,Y,3,gynecology,S,F,2,22499,8,Trauma,Moderate,2,61-70,4999,21-30
3926,5,a,1,X,4,anesthesia,Q,E,4,95817,8,Emergency,Minor,2,31-40,4907,31-40
533,26,b,2,Y,4,gynecology,Q,D,3,115030,8,Emergency,Moderate,2,21-30,4893,unknown
5820,26,a,7,X,5,gynecology,R,E,3,70153,8,Trauma,Moderate,3,0-10,3090,unknown
5177,27,b,11,X,3,gynecology,R,F,4,63947,2,Trauma,Extreme,2,41-50,4000,unknown
461,19,a,7,Y,2,gynecology,S,C,3,110523,8,Emergency,Moderate,6,51-60,3897,unknown
7146,9,a,1,X,2,gynecology,S,E,4,120169,8,Emergency,Extreme,3,61-70,3404,More than 100 Days
924,26,b,2,Y,1,gynecology,Q,D,4,33672,21,Urgent,Moderate,4,71-80,3670,More than 100 Days
2297,6,a,6,X,2,gynecology,R,F,3,26512,8,Trauma,Moderate,2,61-70,4435,51-60
5497,19,a,7,Y,2,gynecology,S,C,4,111709,8,Emergency,Moderate,2,71-80,5227,unknown
7542,11,d,9,Y,4,gynecology,R,B,2,13819,4,Emergency,Moderate,2,unknown,4874,unknown
611,1,g,9,Y,3,radiotherapy,S,B,3,125774,8,Trauma,Moderate,3,31-40,3773,51-60
8145,28,a,4,Y,3,gynecology,R,F,4,110887,8,Trauma,Moderate,2,41-50,4433,unknown
8769,26,b,2,Y,4,gynecology,S,D,3,66051,8,Trauma,Extreme,3,71-80,4932,31-40
7650,28,b,11,Y,4,gynecology,R,F,2,123364,4,Trauma,Moderate,2,21-30,5104,unknown
6362,25,a,7,Y,5,gynecology,R,C,2,124419,8,Trauma,Moderate,4,31-40,4400,31-40
2382,18,a,1,X,4,gynecology,S,E,2,86430,8,Emergency,Moderate,3,71-80,3539,21-30
2636,14,c,5,Z,4,gynecology,S,F,4,63129,11,Trauma,Moderate,8,41-50,4208,51-60
5883,20,a,7,Y,5,gynecology,S,C,4,71973,1,Emergency,Moderate,6,41-50,3979,51-60
4782,23,a,6,X,3,radiotherapy,R,F,3,85131,10,Trauma,Moderate,2,unknown,4573,unknown
829,5,a,7,Y,4,gynecology,Q,C,3,41456,8,Emergency,Moderate,2,31-40,4995,unknown
5780,2,d,5,Z,3,gynecology,S,F,2,123688,4,Urgent,Moderate,3,41-50,4435,51-60
5341,26,e,1,X,3,gynecology,Q,E,4,12515,7,Emergency,Extreme,2,51-60,3135,21-30
2302,26,b,2,Y,4,gynecology,R,D,2,84754,8,Trauma,Moderate,3,61-70,5003,31-40
8408,28,a,7,Y,2,gynecology,R,C,2,127620,8,Emergency,Moderate,2,unknown,5432,unknown
1805,26,b,2,Y,3,anesthesia,R,D,3,32551,unknown,Trauma,Moderate,2,81-90,3577,41-50
5047,28,b,11,X,2,anesthesia,R,F,4,62230,8,Trauma,Moderate,2,51-60,6463,unknown
5744,1,d,9,Y,2,radiotherapy,S,B,3,126278,7,Emergency,Moderate,2,21-30,4826,unknown
782,6,a,1,X,1,anesthesia,R,E,4,33827,8,Trauma,Moderate,2,41-50,3530,51-60
964,32,f,9,Y,2,gynecology,S,B,2,102443,7,Trauma,Extreme,4,41-50,3450,51-60
1198,11,d,1,Y,3,gynecology,R,B,2,94934,8,Trauma,Moderate,2,31-40,5444,21-30
5062,19,e,1,X,4,gynecology,Q,E,3,107223,4,Emergency,Extreme,2,31-40,4569,51-60
5286,10,a,1,X,3,gynecology,Q,E,2,37537,7,Emergency,Moderate,2,51-60,4606,21-30
8064,25,b,2,Y,4,gynecology,R,D,4,98087,22,Emergency,Minor,2,41-50,4155,unknown
1058,10,c,5,X,5,gynecology,Q,F,4,123866,23,Emergency,Moderate,4,21-30,4739,31-40
3725,25,e,1,X,2,anesthesia,Q,E,3,44423,1,Trauma,Moderate,2,21-30,5438,More than 100 Days
7518,10,d,9,Y,2,gynecology,S,F,3,127546,8,Trauma,Moderate,2,71-80,4786,71-80
4043,24,e,1,X,2,gynecology,S,E,3,52073,9,Emergency,Moderate,6,41-50,2884,unknown
5003,23,a,1,X,4,anesthesia,R,E,3,65257,8,Trauma,Minor,2,21-30,4803,unknown
5557,27,a,4,X,3,gynecology,R,F,3,66509,1,Trauma,Moderate,2,31-40,4156,51-60
8953,11,c,11,Z,4,radiotherapy,R,F,2,39540,1,Emergency,Moderate,2,71-80,4814,unknown
641,28,b,6,X,2,gynecology,R,F,2,12538,1,Trauma,Moderate,2,41-50,4402,unknown
2550,13,d,5,Z,3,gynecology,S,F,3,16833,5,Emergency,Moderate,2,51-60,4915,unknown
1009,28,b,4,X,2,gynecology,Q,F,2,82200,1,Trauma,Moderate,6,41-50,4162,21-30
4939,22,a,7,X,4,anesthesia,S,F,2,63586,7,Emergency,Moderate,4,61-70,3984,51-60
5457,18,e,1,X,5,gynecology,S,E,4,127443,1,Emergency,Minor,3,unknown,4208,51-60
4413,12,a,4,Z,4,gynecology,R,F,2,52276,22,Emergency,Moderate,2,31-40,4533,unknown
944,25,b,2,Y,3,gynecology,Q,D,3,87879,8,Emergency,Moderate,6,41-50,5117,51-60
6469,19,a,7,Y,3,gynecology,R,C,2,8729,8,Emergency,Moderate,3,51-60,3072,31-40
3594,18,c,3,Z,3,gynecology,R,A,4,93529,4,Trauma,Moderate,3,61-70,5354,0-10
8392,26,b,2,Y,2,gynecology,R,D,3,40817,8,Urgent,Moderate,2,31-40,5113,31-40
7887,10,a,7,Y,7,radiotherapy,Q,C,2,121245,8,Emergency,Moderate,3,71-80,5323,31-40
1292,23,a,1,X,4,gynecology,Q,E,3,29575,8,Trauma,Moderate,2,21-30,5191,unknown
5175,15,a,1,X,3,gynecology,R,E,2,26290,9,Trauma,Moderate,6,41-50,4003,91-100
613,26,b,2,Y,1,gynecology,Q,D,4,41233,8,Emergency,Moderate,12,61-70,4219,More than 100 Days
438,10,a,1,X,4,gynecology,Q,E,2,33859,10,Emergency,Moderate,4,21-30,4303,91-100
7001,32,c,5,Z,4,gynecology,S,F,3,65193,4,Trauma,Moderate,2,61-70,5266,unknown
8559,12,a,5,Z,4,gynecology,R,F,4,33221,8,Trauma,Minor,2,31-40,4506,21-30
796,10,e,1,X,2,anesthesia,R,E,4,97948,8,Trauma,Moderate,2,61-70,5444,21-30
5103,3,c,3,Z,3,gynecology,S,C,2,129947,14,Trauma,Extreme,6,0-10,6507,51-60
7264,14,a,1,X,4,gynecology,R,E,3,108013,5,Emergency,Minor,8,61-70,4399,unknown
1912,20,a,7,Y,2,gynecology,S,C,3,120205,8,Emergency,Moderate,3,51-60,4719,unknown
700,1,g,9,Y,4,gynecology,R,B,3,39662,8,Trauma,Moderate,2,21-30,5124,unknown
2343,10,a,1,X,4,gynecology,R,E,3,33464,7,Emergency,Moderate,5,41-50,6099,0-10
9310,11,a,13,Y,2,anesthesia,R,B,3,34322,8,Trauma,Extreme,3,61-70,3535,31-40
8174,10,d,5,Y,3,gynecology,Q,F,4,9469,5,Trauma,Moderate,8,41-50,3589,51-60
4176,18,c,3,Z,2,gynecology,S,A,2,10125,7,Urgent,Moderate,2,61-70,4400,31-40
8755,10,d,5,Z,4,anesthesia,Q,F,4,62380,4,Trauma,Moderate,5,41-50,4612,51-60
8309,14,c,5,Z,2,anesthesia,S,F,4,27670,8,Trauma,Moderate,2,71-80,5005,21-30
699,23,a,1,X,2,gynecology,R,E,3,107827,8,Trauma,Moderate,6,61-70,4000,21-30
448,19,c,3,Z,7,gynecology,R,A,3,59895,5,Trauma,Moderate,4,41-50,4871,31-40
2394,26,b,2,Y,4,gynecology,Q,D,4,20065,8,Trauma,Moderate,5,51-60,4155,21-30
5657,11,d,5,Z,2,anesthesia,S,F,4,126020,8,Trauma,Moderate,2,21-30,3347,unknown
4548,16,a,1,X,4,gynecology,S,E,4,13656,11,Emergency,Minor,2,41-50,5114,unknown
2783,28,b,11,X,4,anesthesia,R,F,4,97199,1,Emergency,Moderate,3,41-50,3622,71-80
1773,32,d,9,Y,3,gynecology,S,B,2,127338,4,Urgent,Moderate,4,41-50,3313,51-60
4962,32,f,9,Y,2,gynecology,S,B,2,95960,8,Emergency,Moderate,8,51-60,4124,51-60
8964,2,d,9,Y,2,gynecology,S,B,3,74836,8,Urgent,Moderate,4,31-40,5845,31-40
2361,26,b,2,Y,1,radiotherapy,S,D,4,107608,8,Emergency,Extreme,4,71-80,3205,31-40
6055,26,b,2,Y,4,gynecology,S,D,3,32972,8,Emergency,Moderate,5,61-70,4297,71-80
1146,25,a,1,X,2,gynecology,S,E,4,69855,8,Trauma,Moderate,2,31-40,4957,unknown
452,17,a,7,Y,4,gynecology,R,C,3,82275,8,Emergency,Moderate,2,41-50,4904,unknown
494,1,d,9,Y,3,gynecology,R,B,2,81444,4,Trauma,Minor,3,41-50,5545,31-40
5266,28,b,11,Y,1,gynecology,R,D,3,26231,8,Trauma,Extreme,4,41-50,4103,51-60
5032,11,c,5,Z,3,radiotherapy,Q,F,3,91570,8,Trauma,Moderate,4,21-30,6064,41-50
1218,26,b,2,Y,3,gynecology,S,D,3,25214,1,Emergency,Minor,4,unknown,3664,More than 100 Days
1851,27,a,7,Y,3,gynecology,Q,C,3,54420,8,Trauma,Moderate,2,71-80,4229,31-40
1019,32,f,9,Z,2,gynecology,S,B,4,68008,8,Trauma,Moderate,4,41-50,4734,51-60
5469,19,c,3,Z,3,gynecology,R,A,4,59467,8,Trauma,Moderate,13,61-70,4044,71-80
585,1,c,3,Z,2,gynecology,S,A,4,46878,4,Trauma,Moderate,8,31-40,4684,31-40
2152,6,a,4,X,4,gynecology,R,F,3,50281,2,Trauma,Extreme,2,41-50,3776,31-40
5087,23,a,9,Y,2,gynecology,S,B,2,61923,7,Emergency,Moderate,3,41-50,4838,0-10
9386,14,a,1,X,1,anesthesia,S,E,4,79555,8,Emergency,Moderate,2,21-30,4556,21-30
8157,26,b,2,Y,3,gynecology,S,D,3,126659,8,Emergency,Moderate,2,31-40,7621,31-40
6198,28,c,3,Z,3,gynecology,Q,F,3,7422,2,Trauma,Moderate,3,31-40,4868,21-30
1719,3,c,3,Z,4,gynecology,S,A,2,127133,8,Trauma,Moderate,2,41-50,5116,71-80
2073,11,c,3,Y,4,gynecology,Q,B,1,68357,8,Trauma,Moderate,4,61-70,3045,0-10
920,26,b,2,Y,3,gynecology,R,D,4,7672,8,Trauma,Moderate,3,71-80,7101,21-30
749,25,b,2,Y,4,radiotherapy,R,D,3,74925,8,Emergency,Moderate,4,41-50,6596,51-60
8216,10,c,5,Z,3,gynecology,Q,F,4,7902,8,Trauma,Moderate,5,31-40,3756,21-30
4913,13,e,1,X,2,anesthesia,S,E,2,64376,7,Trauma,Moderate,2,71-80,5236,21-30
5930,10,e,1,X,3,radiotherapy,S,E,3,30433,8,Trauma,Moderate,3,41-50,3925,unknown
822,14,a,6,X,4,gynecology,R,F,4,96134,1,Emergency,Moderate,2,31-40,4722,unknown
7869,26,b,2,Y,3,gynecology,R,D,3,52010,8,Trauma,Extreme,3,21-30,5118,unknown
5658,18,a,7,Y,4,gynecology,S,C,2,55597,8,Emergency,Moderate,4,31-40,4592,unknown
8120,26,a,7,Y,1,gynecology,S,C,4,33522,8,Trauma,Extreme,2,41-50,4814,31-40
6451,27,b,11,X,2,anesthesia,R,F,3,104502,8,Trauma,Moderate,12,71-80,6683,51-60
9551,6,a,6,X,3,gynecology,R,F,3,34854,2,Trauma,Moderate,12,61-70,5685,21-30
2534,25,b,2,Y,1,anesthesia,Q,D,4,34946,8,Trauma,Moderate,5,31-40,5124,More than 100 Days
2604,25,b,1,X,4,gynecology,R,E,2,45530,8,Trauma,Moderate,3,41-50,3727,51-60
825,19,a,7,Y,2,gynecology,R,C,3,104614,8,Emergency,Moderate,4,41-50,4038,unknown
7169,23,a,6,X,4,anesthesia,Q,E,3,67773,8,Emergency,Extreme,2,21-30,5904,91-100
600,12,b,2,Y,4,gynecology,Q,D,2,105662,5,Trauma,Moderate,3,41-50,3934,21-30
1020,5,a,1,X,3,gynecology,R,E,3,106683,8,Trauma,Moderate,3,61-70,3837,21-30
443,18,a,7,Y,4,gynecology,S,C,1,31657,8,Emergency,Extreme,6,61-70,3659,unknown
5454,2,c,5,Z,2,gynecology,S,F,4,88015,1,Urgent,Moderate,2,41-50,4764,51-60
6554,27,a,9,Y,4,gynecology,R,B,4,115786,8,Trauma,Moderate,2,31-40,6675,31-40
2464,23,a,6,X,2,anesthesia,Q,F,3,71185,10,Trauma,Moderate,12,51-60,3174,21-30
5311,23,a,6,X,4,anesthesia,R,F,2,68868,1,Trauma,Moderate,2,51-60,5047,31-40
5803,22,a,1,X,4,anesthesia,Q,E,3,50751,8,Emergency,Extreme,2,31-40,3718,21-30
368,27,b,11,X,3,gynecology,R,F,2,54207,1,Emergency,Extreme,2,unknown,4979,21-30
8520,14,c,5,Z,4,gynecology,S,F,2,29993,4,Trauma,Moderate,2,21-30,5004,unknown
4860,14,c,3,Z,4,gynecology,S,A,4,55432,8,Trauma,Moderate,4,21-30,2974,51-60
8590,26,b,11,X,3,gynecology,Q,F,3,53372,2,Trauma,Minor,8,41-50,6586,41-50
635,31,a,9,Y,3,gynecology,R,B,4,84562,2,Urgent,Extreme,6,41-50,4226,0-10
5750,24,a,1,X,3,gynecology,R,E,3,36780,8,Trauma,Minor,2,41-50,5285,unknown
5671,28,b,2,Y,4,gynecology,Q,D,2,76824,8,Trauma,Moderate,2,41-50,4067,21-30
4701,4,a,5,X,4,anesthesia,S,F,2,32454,7,Trauma,Minor,2,41-50,5022,21-30
3498,11,b,2,Y,6,gynecology,R,D,3,50767,14,Trauma,Moderate,2,41-50,4052,31-40
8282,26,b,2,Y,5,gynecology,Q,D,4,63239,8,Trauma,Minor,2,51-60,5181,31-40
8509,1,c,5,Z,3,gynecology,R,F,4,114162,9,Urgent,Moderate,2,21-30,4396,51-60
4306,2,c,3,Z,3,gynecology,R,A,2,69187,8,Emergency,Moderate,2,21-30,4976,21-30
5914,16,e,1,X,2,gynecology,S,E,2,107757,9,Emergency,Moderate,2,31-40,4718,unknown
879,23,a,9,X,3,radiotherapy,S,B,2,35297,21,Trauma,Moderate,4,51-60,7474,0-10
610,32,b,2,Y,4,gynecology,S,D,2,45529,4,Trauma,Moderate,4,41-50,4856,71-80
1573,11,g,9,Y,2,radiotherapy,S,B,4,46580,8,Trauma,Extreme,3,41-50,3364,81-90
8260,23,a,6,X,3,gynecology,Q,F,3,69487,8,Trauma,Minor,4,61-70,4108,51-60
9429,23,a,6,X,4,gynecology,Q,F,4,32123,14,Emergency,Minor,2,31-40,4963,unknown
4611,16,e,1,X,1,gynecology,S,E,4,105423,unknown,Emergency,Minor,2,71-80,3864,21-30
3963,26,b,2,Y,3,gynecology,S,D,4,33759,7,Trauma,Moderate,5,41-50,4783,51-60
3755,6,a,6,X,4,gynecology,Q,F,2,107385,11,Emergency,Minor,2,41-50,5660,unknown
5367,10,a,1,X,4,gynecology,Q,E,3,53233,11,Trauma,Moderate,4,41-50,5597,unknown
1098,15,e,1,X,3,gynecology,Q,E,3,113171,11,Emergency,Extreme,3,21-30,4128,unknown
5730,26,b,11,X,2,gynecology,R,F,2,48366,1,Urgent,Moderate,2,21-30,6256,unknown
5190,19,a,7,Y,3,gynecology,S,C,2,72632,8,Emergency,Moderate,5,71-80,6494,unknown
1069,14,a,1,X,4,radiotherapy,R,E,3,59972,8,Trauma,Moderate,2,41-50,7541,21-30
5225,29,b,11,X,4,gynecology,R,F,2,31566,4,Emergency,Moderate,2,31-40,5864,unknown
3254,11,c,5,Z,2,radiotherapy,S,F,3,28659,4,Emergency,Extreme,2,41-50,3427,31-40
2434,5,a,6,X,2,gynecology,Q,F,4,125098,2,Trauma,Moderate,2,unknown,4593,21-30
6956,11,b,2,Y,2,radiotherapy,S,D,3,26849,8,Trauma,Extreme,4,51-60,3807,81-90
2366,20,a,9,Y,4,gynecology,S,B,2,34049,4,Emergency,Moderate,5,51-60,5187,31-40
8753,20,a,7,Y,2,gynecology,P,C,3,119430,8,Trauma,Moderate,2,81-90,7208,51-60
4717,28,c,5,Z,4,gynecology,R,F,4,68641,4,Trauma,Moderate,2,41-50,5043,21-30
3609,26,a,7,Y,4,gynecology,S,C,2,24897,8,Trauma,Moderate,3,51-60,4162,51-60
5255,9,e,1,X,4,gynecology,Q,E,3,83004,9,Trauma,Extreme,3,41-50,4177,61-70
4807,28,a,7,Y,5,gynecology,P,C,3,75286,8,Emergency,Moderate,5,41-50,6044,31-40
8184,1,d,9,Y,2,gynecology,R,B,4,89615,8,Trauma,Moderate,6,61-70,3410,51-60
4762,6,a,6,X,2,anesthesia,R,F,3,34633,8,Trauma,Minor,2,61-70,3353,unknown
7905,2,d,13,Y,2,gynecology,S,B,4,28761,8,Trauma,Moderate,2,21-30,4833,21-30
5879,14,c,3,Z,4,gynecology,R,A,2,90217,14,Trauma,Moderate,2,31-40,4396,61-70
1948,10,b,5,X,4,gynecology,Q,F,4,121481,8,Emergency,Moderate,4,31-40,4493,31-40
3888,14,a,1,X,4,gynecology,Q,E,3,8469,8,Emergency,Moderate,4,31-40,3659,51-60
660,2,c,3,Z,4,radiotherapy,S,F,4,38221,4,Trauma,Moderate,3,41-50,5032,21-30
8359,23,a,6,X,4,anesthesia,S,F,3,102415,8,Trauma,Moderate,8,51-60,3814,unknown
7742,11,d,5,Z,2,gynecology,Q,F,2,89588,4,Emergency,Moderate,4,61-70,3501,unknown
2000,27,b,7,Y,4,gynecology,Q,F,2,36154,14,Trauma,Minor,2,61-70,3943,unknown
5919,23,a,6,X,3,anesthesia,R,F,3,63503,14,Urgent,Minor,2,21-30,5405,31-40
865,26,b,2,Y,7,gynecology,R,D,4,34174,8,Emergency,Moderate,3,41-50,3476,61-70
5514,3,c,3,Z,2,gynecology,S,A,1,50491,9,Trauma,Moderate,2,61-70,3623,21-30
613,14,a,1,X,4,gynecology,Q,E,1,72883,8,Trauma,Extreme,4,41-50,5237,unknown
8232,32,f,9,Y,2,gynecology,S,B,2,44312,4,Emergency,Moderate,5,41-50,4749,51-60
718,13,e,1,X,4,gynecology,Q,E,2,72778,11,Emergency,Minor,2,41-50,3102,unknown
8649,3,d,9,Y,4,gynecology,R,B,4,120223,7,Urgent,Moderate,8,31-40,4572,unknown
918,19,c,3,Z,4,gynecology,Q,A,1,42936,8,Trauma,Minor,2,41-50,3742,unknown
5491,13,d,5,Z,4,gynecology,S,F,4,39008,4,Emergency,Moderate,2,41-50,6909,unknown
7772,23,c,5,Z,2,radiotherapy,S,F,4,11000,8,Trauma,Minor,2,31-40,5955,41-50
8640,26,b,2,Y,7,gynecology,Q,D,2,25156,7,Trauma,Moderate,4,41-50,4871,unknown
4831,9,b,2,Y,4,gynecology,Q,D,4,52249,11,Trauma,Extreme,5,51-60,4580,71-80
5357,26,b,2,Y,4,gynecology,Q,D,2,117913,1,Trauma,Moderate,3,31-40,5892,41-50
3691,14,e,1,X,2,gynecology,R,E,4,11243,8,Emergency,Moderate,5,71-80,3542,51-60
5410,19,e,1,X,3,gynecology,R,E,2,90831,5,Emergency,Extreme,3,71-80,3871,51-60
9108,10,b,2,Y,2,anesthesia,Q,D,4,38136,8,Emergency,Moderate,2,71-80,6718,unknown
5098,29,b,5,Z,4,TB & Chest disease,R,F,3,49843,1,Trauma,Moderate,2,31-40,5077,21-30
2390,20,c,3,Z,4,gynecology,R,A,2,71472,5,Trauma,Moderate,3,41-50,4759,21-30
9034,21,c,5,Z,5,gynecology,Q,F,3,13312,23,Urgent,Extreme,5,41-50,4384,31-40
870,6,a,1,X,4,gynecology,R,E,3,72081,8,Emergency,Extreme,2,41-50,3539,unknown
7974,13,a,7,Y,4,gynecology,R,C,3,93281,8,Trauma,Minor,2,61-70,4859,21-30
569,32,f,9,Y,3,anesthesia,R,B,3,35420,8,Urgent,Moderate,5,71-80,4595,unknown
7055,6,a,6,X,4,gynecology,Q,F,3,25666,1,Trauma,Moderate,2,21-30,5097,unknown
783,6,a,4,X,4,gynecology,R,F,2,34042,1,Trauma,Moderate,2,21-30,3754,unknown
1143,23,a,6,X,2,gynecology,R,F,2,94569,8,Emergency,Moderate,2,71-80,5054,21-30
980,19,b,2,X,3,anesthesia,Q,E,3,90526,8,Trauma,Moderate,4,51-60,5813,51-60
551,17,c,3,Z,2,anesthesia,S,A,4,105618,7,Urgent,Moderate,4,21-30,3420,31-40
6297,26,b,2,Y,4,gynecology,S,D,1,38627,8,Trauma,Extreme,6,61-70,3973,51-60
869,27,a,7,Y,4,anesthesia,R,C,3,7920,8,Emergency,Moderate,2,31-40,4569,unknown
4108,25,b,2,Y,4,gynecology,R,D,2,61268,8,Emergency,Moderate,4,41-50,3827,51-60
4575,26,b,2,Y,3,anesthesia,Q,D,4,9246,7,Emergency,Extreme,4,unknown,3521,31-40
720,6,a,1,X,3,gynecology,Q,E,2,75919,8,Emergency,Extreme,4,61-70,3038,31-40
389,26,b,2,Y,4,anesthesia,Q,D,4,48708,8,Trauma,Minor,2,31-40,5412,31-40
5406,26,b,11,X,5,gynecology,S,F,3,109362,7,Trauma,Extreme,4,41-50,3517,51-60
614,3,c,3,Z,4,gynecology,S,A,3,74070,8,Trauma,Moderate,2,31-40,4814,31-40
531,7,e,1,X,4,gynecology,Q,E,3,70776,10,Emergency,Moderate,4,41-50,4922,21-30
5572,26,b,2,Y,5,gynecology,Q,D,4,75988,8,Trauma,Minor,5,71-80,5152,unknown
2140,19,d,9,Y,2,gynecology,S,B,4,66027,8,Trauma,Moderate,4,71-80,5724,71-80
4030,14,a,7,X,4,gynecology,P,C,2,126413,8,Emergency,Moderate,2,51-60,4437,unknown
7232,11,d,9,Y,4,gynecology,S,B,4,35284,8,Emergency,Moderate,2,21-30,3899,0-10
703,15,a,1,X,4,gynecology,R,B,2,34143,8,Trauma,Moderate,2,31-40,4999,21-30
886,19,a,7,Y,2,gynecology,R,C,2,11427,8,Trauma,Moderate,4,51-60,6131,21-30
1686,11,a,5,Y,3,anesthesia,S,B,4,92959,2,Trauma,Moderate,4,61-70,4044,21-30
5504,7,e,1,X,2,gynecology,S,E,4,114832,unknown,Emergency,Moderate,3,41-50,4478,31-40
1210,11,b,2,Y,1,anesthesia,Q,D,2,75522,8,Emergency,Moderate,5,71-80,3663,51-60
4398,25,a,1,X,3,gynecology,R,E,3,35796,8,Trauma,Moderate,2,41-50,4019,31-40
1096,14,d,5,Z,3,gynecology,Q,F,4,87692,8,Trauma,Moderate,2,21-30,7247,unknown
4428,23,a,1,X,4,gynecology,R,E,2,25138,8,Emergency,Moderate,2,41-50,4263,21-30
5003,28,a,4,X,3,gynecology,R,F,2,54722,11,Emergency,Extreme,3,41-50,3425,71-80
4451,14,a,6,X,4,gynecology,R,F,3,35558,8,Trauma,Moderate,3,21-30,3958,31-40
3451,26,b,2,Y,3,gynecology,Q,D,1,108747,8,Emergency,Moderate,3,41-50,3642,41-50
7042,27,a,7,Y,3,radiotherapy,S,C,3,83155,8,Emergency,Moderate,2,61-70,3672,21-30
2724,23,a,4,X,3,anesthesia,R,F,3,31305,8,Trauma,Minor,3,31-40,4831,21-30
9634,27,b,2,Y,4,gynecology,Q,D,3,64005,8,Trauma,Extreme,4,41-50,4060,31-40
6051,11,a,7,Y,3,anesthesia,Q,F,2,53707,8,Trauma,Moderate,2,61-70,5186,51-60
5574,1,d,10,Y,2,radiotherapy,S,B,3,28399,8,Urgent,Extreme,2,71-80,6738,0-10
1255,9,e,1,X,1,gynecology,Q,E,3,114490,unknown,Trauma,Minor,6,unknown,4754,More than 100 Days
2611,26,b,2,Y,4,gynecology,R,D,4,34109,8,Trauma,Minor,2,41-50,4191,More than 100 Days
2448,10,g,9,Y,3,gynecology,S,B,4,46477,8,Trauma,Moderate,5,21-30,5096,31-40
6768,17,e,1,X,4,TB & Chest disease,S,E,4,9571,8,Trauma,Moderate,5,81-90,5709,unknown
8204,31,c,3,Z,3,anesthesia,S,A,4,116669,5,Trauma,Moderate,2,61-70,5673,0-10
9586,32,g,9,Y,2,anesthesia,S,B,2,101894,5,Trauma,Moderate,2,51-60,5113,21-30
2587,32,f,9,Y,3,gynecology,S,B,3,125921,8,Urgent,Minor,2,61-70,5094,51-60
1032,5,a,6,X,3,gynecology,Q,F,2,13174,4,Trauma,Moderate,4,unknown,3356,unknown
2053,26,b,2,Y,3,gynecology,Q,D,3,100282,8,Emergency,Moderate,8,31-40,4635,31-40
5752,23,a,6,X,4,gynecology,R,F,3,64502,2,Trauma,Moderate,2,61-70,4487,21-30
1168,12,c,5,Z,3,gynecology,S,F,2,32624,9,Trauma,Moderate,4,41-50,5887,51-60
621,23,a,6,X,4,gynecology,Q,F,2,125922,14,Emergency,Moderate,2,31-40,4258,unknown
8071,28,a,5,X,4,gynecology,Q,F,4,31934,8,Trauma,Moderate,2,61-70,5320,21-30
7657,11,b,2,Y,2,gynecology,S,D,3,31551,8,Trauma,Minor,8,21-30,5424,31-40
821,6,a,1,X,3,gynecology,R,F,3,27568,8,Trauma,Minor,6,61-70,3941,31-40
1774,2,c,5,Z,4,gynecology,S,A,4,87557,9,Trauma,Moderate,3,31-40,3519,21-30
987,25,b,2,Y,3,gynecology,R,D,4,59915,4,Trauma,Extreme,6,71-80,4885,51-60
4648,19,a,7,Y,4,gynecology,Q,C,2,63206,8,Emergency,Moderate,4,71-80,3937,unknown
3518,19,c,3,Y,4,gynecology,R,A,3,65350,2,Trauma,Moderate,6,71-80,5164,31-40
7154,26,a,7,Y,4,gynecology,S,C,1,93885,8,Emergency,Moderate,2,51-60,3195,21-30
7630,28,a,4,X,4,gynecology,R,F,3,123892,7,Trauma,Minor,2,21-30,4537,unknown
512,32,c,3,Z,4,gynecology,S,A,3,58638,8,Trauma,Moderate,2,41-50,6407,21-30
1003,14,a,1,X,4,gynecology,R,E,2,38430,8,Trauma,Moderate,2,31-40,4288,21-30
9452,11,b,2,Y,4,gynecology,Q,D,1,24046,8,Emergency,Moderate,4,41-50,3800,51-60
2149,23,a,6,X,3,gynecology,R,F,2,76394,1,Emergency,Moderate,3,41-50,3953,31-40
5180,5,a,6,X,4,gynecology,R,F,3,49609,8,Urgent,Moderate,3,21-30,5155,51-60
644,19,e,1,X,2,TB & Chest disease,S,E,3,62831,9,Emergency,Moderate,4,51-60,4599,unknown
739,10,b,2,Y,3,anesthesia,R,D,2,47527,4,Emergency,Moderate,2,41-50,4844,21-30
5872,19,b,3,Z,2,gynecology,S,D,2,64065,1,Emergency,Extreme,5,41-50,3881,51-60
2953,25,b,2,Y,2,TB & Chest disease,R,D,4,92027,8,Trauma,Moderate,9,51-60,4861,More than 100 Days
5024,27,b,9,Y,3,gynecology,R,B,2,84610,2,Trauma,Moderate,3,81-90,4488,51-60
8131,26,a,7,Y,3,gynecology,R,D,3,117681,8,Emergency,Moderate,2,41-50,3240,unknown
8050,27,b,11,Y,3,radiotherapy,R,F,3,30407,2,Trauma,Extreme,3,41-50,6829,unknown
965,5,a,6,X,3,gynecology,Q,F,2,43504,2,Trauma,Moderate,2,41-50,4776,21-30
4172,17,a,7,Y,4,gynecology,R,C,4,106292,8,Trauma,Moderate,5,31-40,3296,21-30
4897,11,e,1,X,4,gynecology,Q,E,2,48782,9,Emergency,Extreme,4,41-50,6218,21-30
3554,17,c,5,Z,4,gynecology,R,F,2,75817,8,Emergency,Moderate,2,81-90,5128,51-60
6747,25,b,2,Y,4,gynecology,R,D,4,22080,8,Emergency,Extreme,5,51-60,4998,31-40
4959,31,f,9,Y,2,TB & Chest disease,S,B,4,122893,8,Trauma,Moderate,2,41-50,5283,unknown
7771,2,a,1,X,4,gynecology,Q,E,4,94902,8,Emergency,Minor,2,21-30,3624,unknown
9513,28,b,6,X,3,anesthesia,S,F,4,65451,8,Trauma,Extreme,4,41-50,5374,unknown
5550,27,a,6,X,4,gynecology,S,F,1,71490,8,Trauma,Extreme,4,51-60,6707,51-60
3711,27,a,6,X,3,gynecology,R,F,2,80595,15,Trauma,Moderate,2,41-50,5285,unknown
999,20,a,1,X,4,gynecology,Q,E,3,56739,unknown,Urgent,Moderate,3,61-70,4206,unknown
5540,24,a,6,X,4,gynecology,R,F,3,34458,8,Trauma,Extreme,2,71-80,4968,21-30
1254,10,g,9,Y,2,gynecology,S,B,4,47279,8,Trauma,Moderate,4,41-50,3377,unknown
7333,25,e,1,X,4,gynecology,Q,E,4,116137,8,Urgent,Minor,4,21-30,3160,31-40
2797,26,b,2,Y,4,gynecology,Q,D,4,32133,8,Trauma,Moderate,4,41-50,4158,31-40
606,23,a,6,X,4,gynecology,Q,F,2,102300,8,Urgent,Moderate,2,21-30,6170,21-30
7184,20,c,3,Z,3,gynecology,S,A,4,42897,4,Trauma,Moderate,2,81-90,4850,unknown
1151,10,b,2,Y,3,gynecology,Q,D,2,75855,8,Emergency,Moderate,4,41-50,3843,21-30
3377,28,e,4,X,4,gynecology,R,F,2,59233,8,Emergency,Moderate,6,41-50,4168,51-60
2716,23,a,6,X,4,radiotherapy,R,F,4,37109,8,Emergency,Minor,3,unknown,5178,unknown
1967,9,b,2,Y,4,anesthesia,Q,D,4,50830,8,Trauma,Extreme,2,71-80,5133,31-40
3093,24,a,4,X,4,gynecology,R,F,4,26103,11,Trauma,Minor,2,41-50,4603,41-50
383,11,c,3,Z,3,gynecology,S,A,2,94682,4,Trauma,Moderate,4,41-50,3924,51-60
5440,10,d,5,Z,4,gynecology,Q,F,2,88154,11,Emergency,Moderate,3,41-50,5052,unknown
793,23,a,6,X,4,gynecology,Q,F,2,99579,5,Urgent,Moderate,3,41-50,3349,21-30
2185,6,a,6,X,4,gynecology,S,F,unknown,57929,8,Trauma,Moderate,4,21-30,3267,31-40
4837,6,a,6,X,4,gynecology,Q,F,3,67274,8,Trauma,Moderate,2,31-40,7270,21-30
1136,5,a,6,X,4,anesthesia,Q,F,unknown,61261,14,Trauma,Moderate,2,51-60,2790,21-30
3833,26,b,2,Y,2,gynecology,R,D,1,126219,8,Trauma,Extreme,2,51-60,4801,More than 100 Days
3974,29,a,1,X,3,gynecology,R,E,4,112717,8,Trauma,Minor,8,51-60,4267,51-60
9551,28,a,11,X,3,anesthesia,R,F,3,67119,unknown,Trauma,Moderate,2,41-50,4087,0-10
3808,11,b,1,X,3,gynecology,R,E,3,73852,8,Emergency,Moderate,8,61-70,3166,31-40
5031,23,a,1,X,3,gynecology,R,E,3,96213,unknown,Trauma,Moderate,6,31-40,4198,51-60
8603,10,g,13,Y,3,gynecology,R,B,3,96793,8,Trauma,Moderate,2,41-50,3903,51-60
1377,15,a,1,X,4,anesthesia,Q,E,3,93824,8,Trauma,Moderate,2,51-60,5475,unknown
5605,13,a,9,Y,3,radiotherapy,R,B,2,119376,2,Emergency,Moderate,6,unknown,4037,51-60
8310,1,d,10,Y,2,anesthesia,T,B,4,101253,8,Trauma,Minor,2,41-50,5484,unknown
682,6,a,6,X,4,gynecology,R,F,3,30595,2,Trauma,Extreme,2,41-50,3272,unknown
3684,25,e,1,X,4,gynecology,Q,E,2,80147,8,Trauma,Extreme,4,41-50,3337,31-40
8498,11,b,2,Y,3,anesthesia,Q,D,3,88265,8,Emergency,Minor,4,51-60,4851,0-10
690,20,c,7,Y,3,gynecology,R,C,4,87254,8,Trauma,Extreme,6,41-50,3676,31-40
1861,19,c,3,Z,3,gynecology,S,A,3,126725,15,Trauma,Extreme,3,41-50,2812,31-40
6049,26,b,2,Y,4,anesthesia,R,D,4,104217,8,Trauma,Moderate,3,21-30,4771,unknown
6623,9,e,1,X,6,gynecology,S,E,4,88690,9,Emergency,Moderate,2,21-30,4663,unknown
9501,10,a,9,Y,4,radiotherapy,R,B,3,53674,8,Emergency,Moderate,2,21-30,5408,21-30
3437,25,e,1,Y,4,gynecology,Q,D,4,92652,22,Emergency,Moderate,5,41-50,4209,31-40
7334,28,a,4,X,3,anesthesia,R,F,3,28627,1,Trauma,Moderate,3,41-50,3240,unknown
2897,32,f,9,Y,2,gynecology,S,B,3,95608,8,Emergency,Minor,3,unknown,6528,More than 100 Days
5026,31,f,9,Y,3,gynecology,S,B,4,127937,unknown,Emergency,Moderate,3,41-50,4093,71-80
4873,23,a,6,X,3,gynecology,R,F,3,27589,8,Trauma,Minor,2,41-50,4754,21-30
2261,23,c,1,X,2,gynecology,S,A,2,86487,9,Trauma,Moderate,4,41-50,3577,71-80
6745,19,a,3,Z,4,gynecology,R,A,2,82058,8,Trauma,Extreme,3,61-70,3584,unknown
7824,25,b,2,Y,2,anesthesia,Q,D,4,28636,8,Emergency,Moderate,4,51-60,5136,51-60
7122,19,b,2,Y,4,gynecology,Q,D,2,86966,5,Emergency,Moderate,3,41-50,4815,51-60
861,13,e,1,X,2,gynecology,S,E,3,32273,4,Emergency,Moderate,2,41-50,3526,unknown
689,26,b,2,Y,3,gynecology,R,D,2,68538,4,Emergency,Moderate,2,71-80,4174,51-60
5750,28,b,11,X,4,gynecology,R,F,4,58175,7,Urgent,Moderate,10,41-50,4096,61-70
5981,26,b,2,Y,7,gynecology,Q,D,4,72514,8,Trauma,Moderate,4,61-70,4057,21-30
8181,10,d,10,Y,2,gynecology,Q,B,3,79964,8,Emergency,Extreme,4,71-80,3143,31-40
4731,13,a,1,X,2,gynecology,R,E,2,14206,5,Emergency,Moderate,2,21-30,3436,21-30
944,18,b,2,Y,6,gynecology,S,D,4,82191,8,Emergency,Moderate,3,21-30,3874,21-30
7757,5,a,1,X,3,gynecology,Q,E,3,93675,8,Emergency,Minor,2,unknown,5349,unknown
1211,14,a,7,X,4,gynecology,P,C,2,119073,8,Emergency,Moderate,3,21-30,3936,unknown
4798,13,e,1,X,3,gynecology,Q,E,3,75438,23,Trauma,Moderate,2,41-50,4528,21-30
9313,26,b,2,Y,4,gynecology,R,D,2,101117,8,Emergency,Moderate,4,71-80,3554,31-40
5942,2,d,12,Z,2,gynecology,R,B,4,77428,4,Urgent,Moderate,2,31-40,3640,unknown
4547,16,e,1,X,2,gynecology,S,E,2,7199,9,Trauma,Moderate,2,41-50,6821,21-30
688,10,a,1,X,2,anesthesia,Q,E,4,101660,9,Trauma,Moderate,4,61-70,6497,21-30
894,26,b,2,Y,2,gynecology,R,D,4,101994,8,Emergency,Moderate,6,51-60,4252,51-60
9536,28,a,11,X,2,anesthesia,R,F,4,20561,8,Trauma,Moderate,2,71-80,3798,21-30
722,6,a,6,X,4,gynecology,Q,F,3,25556,9,Trauma,Extreme,5,41-50,3952,21-30
1242,6,a,6,X,4,TB & Chest disease,Q,F,4,79848,8,Trauma,Extreme,2,61-70,3327,unknown
4759,19,c,3,Z,2,gynecology,S,A,4,65871,1,Emergency,Moderate,2,71-80,4007,61-70
972,14,a,5,Z,3,radiotherapy,Q,F,4,124470,8,Emergency,Moderate,3,41-50,2902,31-40
4137,10,a,1,X,3,gynecology,Q,E,3,13670,2,Emergency,Moderate,4,61-70,2997,unknown
5005,22,a,1,X,4,gynecology,Q,E,2,7725,1,Trauma,Moderate,2,21-30,3677,21-30
5021,20,c,5,Y,4,gynecology,R,A,2,80954,8,Emergency,Moderate,3,71-80,4037,31-40
681,10,d,5,Z,2,gynecology,S,F,3,62918,8,Emergency,Moderate,2,41-50,6179,unknown
8015,25,b,2,Y,3,gynecology,R,D,3,28193,8,Trauma,Extreme,3,21-30,5048,31-40
977,14,a,1,X,4,gynecology,Q,E,3,107330,2,Trauma,Moderate,2,41-50,5314,unknown
3688,28,b,2,Y,3,gynecology,R,D,3,67322,8,Trauma,Minor,2,unknown,4629,21-30
831,28,b,11,Z,3,gynecology,R,F,3,88081,1,Emergency,Moderate,3,31-40,3698,unknown
789,10,a,7,Y,1,gynecology,Q,E,1,68286,8,Trauma,Moderate,5,41-50,4396,31-40
5632,24,a,1,X,2,anesthesia,R,E,4,96549,8,Emergency,Moderate,2,21-30,4939,21-30
7187,26,a,7,Y,3,gynecology,Q,C,2,88949,8,Emergency,Moderate,4,71-80,7881,31-40
776,10,c,5,Z,4,gynecology,S,F,2,24147,11,Emergency,Moderate,4,41-50,3829,31-40
4692,31,f,9,Y,2,radiotherapy,S,B,4,109101,8,Trauma,Moderate,2,71-80,6995,21-30
5622,11,d,5,Z,4,anesthesia,S,F,3,121874,8,Emergency,Moderate,4,41-50,5525,31-40
6302,26,a,1,Y,2,anesthesia,S,E,4,37835,8,Emergency,Moderate,4,51-60,4437,31-40
7795,28,a,4,X,3,anesthesia,R,F,4,72869,8,Trauma,Minor,4,51-60,5386,unknown
423,26,b,2,Y,4,anesthesia,R,D,2,35788,8,Trauma,Extreme,2,41-50,4165,21-30
2346,32,c,3,Z,3,radiotherapy,R,A,2,91439,4,Trauma,Moderate,3,41-50,5454,51-60
1057,10,a,6,X,4,gynecology,Q,F,4,27814,4,Trauma,Moderate,2,31-40,4014,unknown
5319,26,b,2,Y,7,TB & Chest disease,S,D,4,77073,8,Emergency,Moderate,2,unknown,5700,0-10
9169,18,a,7,Y,6,gynecology,S,C,4,9815,8,Emergency,Moderate,2,31-40,5232,unknown
903,27,c,5,Z,3,gynecology,R,F,4,127610,8,Trauma,Extreme,2,41-50,4775,21-30
8409,14,a,6,X,4,gynecology,S,F,2,27204,7,Emergency,Moderate,5,61-70,3944,51-60
4638,31,c,3,Z,3,gynecology,R,A,2,71294,4,Urgent,Moderate,6,41-50,4773,unknown
9401,10,e,1,X,2,anesthesia,R,E,4,9660,4,Emergency,Minor,2,51-60,6237,unknown
1889,27,a,1,X,3,radiotherapy,R,E,2,108586,8,Trauma,Moderate,2,41-50,5044,21-30
5713,10,a,7,Y,4,gynecology,Q,C,4,67634,8,Trauma,Moderate,2,unknown,3586,unknown
689,11,b,5,Z,4,gynecology,S,F,3,33235,4,Emergency,Extreme,2,41-50,4892,21-30
9418,1,d,5,Z,3,gynecology,R,F,4,128832,7,Trauma,Moderate,2,41-50,7136,0-10
9525,2,c,5,Z,3,gynecology,R,F,4,98651,7,Trauma,Minor,6,61-70,5664,31-40
1938,20,c,3,Y,3,anesthesia,R,A,3,53149,8,Emergency,Moderate,2,51-60,5200,21-30
415,19,a,7,Y,4,gynecology,Q,C,4,75673,8,Trauma,Moderate,4,41-50,3060,31-40
3638,32,f,9,X,2,gynecology,S,B,2,13609,8,Trauma,Moderate,6,41-50,4064,51-60
5820,19,a,7,Y,4,anesthesia,R,C,2,51555,8,Urgent,Moderate,2,51-60,5375,21-30
8113,20,a,7,Y,4,gynecology,S,C,2,123819,8,Emergency,Moderate,5,71-80,4752,51-60
7409,10,c,3,Z,4,gynecology,Q,A,3,121051,15,Emergency,Moderate,2,41-50,4534,unknown
853,32,f,9,Y,3,gynecology,S,B,2,93955,8,Emergency,Extreme,3,51-60,3821,51-60
558,29,b,11,X,4,gynecology,R,F,3,107030,10,Trauma,Moderate,2,41-50,4963,51-60
6839,27,d,5,Z,3,gynecology,S,F,3,34082,4,Trauma,Moderate,8,71-80,3527,0-10
1185,28,a,1,X,4,gynecology,Q,E,3,7626,8,Emergency,Minor,3,51-60,4790,21-30
1154,13,a,1,X,4,gynecology,Q,E,3,54327,8,Emergency,Moderate,2,31-40,3554,21-30
7101,26,e,1,X,4,anesthesia,R,E,4,122576,8,Trauma,Moderate,2,31-40,5265,unknown
2752,23,a,1,X,1,gynecology,R,F,2,58932,8,Trauma,Extreme,2,71-80,4223,21-30
2760,26,b,2,Y,6,gynecology,Q,D,4,41515,8,Urgent,Moderate,3,91-100,3673,31-40
4409,14,a,5,X,4,gynecology,Q,E,2,66390,8,Emergency,Moderate,4,51-60,6176,unknown
5320,27,b,11,X,4,gynecology,R,F,2,28450,4,Trauma,Moderate,3,41-50,3945,71-80
524,26,e,1,X,4,gynecology,Q,E,2,60889,7,Trauma,Moderate,4,41-50,3397,21-30
4988,28,a,7,Y,6,gynecology,Q,C,3,35313,8,Trauma,Moderate,4,41-50,3866,unknown
876,26,b,2,Y,4,gynecology,Q,D,1,41926,8,Emergency,Moderate,5,41-50,5122,21-30
9913,12,a,9,Y,3,gynecology,R,B,3,26837,8,Urgent,Minor,8,unknown,3551,unknown
8995,23,a,1,X,4,anesthesia,S,E,3,41695,10,Emergency,Moderate,2,0-10,5026,21-30
5458,5,a,6,X,3,gynecology,S,F,3,103013,8,Trauma,Extreme,8,61-70,4096,31-40
1948,18,e,1,X,3,gynecology,S,E,2,96397,8,Trauma,Extreme,6,71-80,3713,51-60
4857,32,c,3,Z,4,gynecology,R,A,2,58636,5,Urgent,Moderate,3,41-50,2789,0-10
7487,29,d,4,X,2,radiotherapy,R,F,2,61606,2,Emergency,Moderate,2,21-30,3599,21-30
8212,26,b,2,Y,4,gynecology,Q,D,3,67068,8,Trauma,Moderate,4,41-50,4867,21-30
771,8,d,5,Z,4,gynecology,S,F,4,28826,8,Trauma,Moderate,4,21-30,3866,31-40
5268,27,b,11,Y,3,radiotherapy,R,D,2,123892,1,Trauma,Moderate,3,41-50,5175,unknown
9389,25,b,2,Y,1,gynecology,S,D,4,35007,7,Trauma,Moderate,6,41-50,6122,51-60
938,5,a,6,X,4,gynecology,Q,F,3,37865,22,Trauma,Extreme,2,21-30,4703,unknown
3410,26,b,2,Y,1,gynecology,R,D,2,55034,8,Emergency,Moderate,3,71-80,4395,unknown
5236,27,a,7,Y,3,gynecology,P,C,4,77127,8,Emergency,Moderate,3,21-30,4114,31-40
2158,17,e,1,X,3,gynecology,S,E,2,76922,4,Emergency,Extreme,2,31-40,3897,71-80
3651,26,e,1,X,2,anesthesia,R,E,4,28871,8,Trauma,Minor,2,61-70,4886,unknown
7794,5,a,6,X,4,anesthesia,R,F,4,88873,8,Urgent,Minor,3,21-30,4824,unknown
2578,13,a,1,X,4,gynecology,S,E,3,89177,2,Trauma,Moderate,6,61-70,4595,51-60
4341,25,e,1,X,2,gynecology,S,E,3,103910,8,Emergency,Minor,2,51-60,3119,unknown
3176,27,b,11,Y,3,gynecology,R,D,3,104300,8,Urgent,Minor,3,31-40,3499,41-50
7135,20,c,7,Y,3,gynecology,S,C,4,57167,8,Emergency,Moderate,3,71-80,4167,31-40
3014,11,a,9,Y,4,gynecology,Q,B,2,44865,8,Emergency,Moderate,5,51-60,3797,unknown
2224,9,e,1,X,3,anesthesia,Q,E,3,97849,11,Trauma,Moderate,2,51-60,6725,21-30
5434,6,a,1,X,2,anesthesia,P,E,2,69069,8,Trauma,Moderate,4,61-70,4365,21-30
5261,15,a,7,Y,5,gynecology,Q,C,3,26054,8,Trauma,Extreme,4,61-70,3964,unknown
2752,19,c,3,Z,4,anesthesia,R,A,3,78149,8,Trauma,Moderate,2,61-70,3346,21-30
5457,25,b,2,Y,4,radiotherapy,S,D,4,62042,8,Emergency,Moderate,3,71-80,5277,51-60
8495,28,b,11,X,2,gynecology,S,F,2,100816,1,Trauma,Minor,2,41-50,5044,31-40
6448,6,b,11,X,4,radiotherapy,Q,F,3,105192,1,Emergency,Moderate,8,unknown,5031,31-40
5555,21,a,7,Y,1,gynecology,P,C,2,62673,8,Emergency,Moderate,4,71-80,4705,51-60
2144,25,b,2,Y,2,anesthesia,Q,D,4,52066,7,Trauma,Moderate,4,41-50,4526,51-60
2313,6,a,1,X,4,gynecology,Q,C,1,71247,8,Emergency,Moderate,4,21-30,4471,unknown
8546,19,a,7,Y,4,anesthesia,R,C,3,124587,8,Emergency,Minor,2,71-80,4660,21-30
9528,20,c,3,Z,3,gynecology,R,A,3,72398,7,Trauma,Moderate,2,41-50,5091,unknown
2355,20,b,2,Y,2,gynecology,S,D,4,119814,8,Trauma,Minor,4,71-80,5960,More than 100 Days
7780,3,c,3,Z,4,gynecology,R,A,4,62978,4,Emergency,Moderate,2,41-50,3629,0-10
7379,14,a,1,X,3,gynecology,S,E,3,38273,9,Emergency,Moderate,2,31-40,5383,31-40
7587,19,f,7,Y,3,radiotherapy,S,C,4,130988,8,Urgent,Minor,2,51-60,7343,unknown
602,9,b,3,Y,3,gynecology,Q,D,4,50857,8,Trauma,Moderate,2,31-40,5234,unknown
5637,11,d,5,Z,2,anesthesia,Q,F,3,75390,8,Emergency,Moderate,4,51-60,5123,unknown
2649,26,b,2,Y,5,gynecology,Q,D,2,79039,14,Urgent,Moderate,2,41-50,4833,31-40
9311,26,a,1,Y,7,gynecology,Q,E,3,33899,8,Trauma,Minor,5,61-70,4453,unknown
5712,6,a,6,X,4,anesthesia,Q,F,3,64024,8,Trauma,Minor,8,61-70,7046,51-60
904,28,b,2,Y,3,gynecology,R,D,3,77550,7,Trauma,Moderate,2,41-50,4304,51-60
2985,21,c,3,Z,3,anesthesia,S,A,2,60661,8,Trauma,Moderate,6,61-70,3839,51-60
7608,27,e,11,X,3,gynecology,S,F,3,73693,1,Trauma,Moderate,3,51-60,3875,71-80
5802,11,b,2,Y,4,gynecology,Q,D,3,102900,8,Trauma,Extreme,4,41-50,3896,21-30
5507,26,e,1,X,3,gynecology,S,E,2,55725,8,Trauma,Moderate,6,41-50,3905,51-60
838,14,a,1,X,3,gynecology,R,E,2,32170,4,Emergency,Moderate,2,unknown,4865,21-30
3844,14,a,1,X,3,TB & Chest disease,R,E,2,5760,8,Emergency,Moderate,8,41-50,4168,21-30
1064,1,d,13,Y,8,gynecology,Q,B,2,69077,8,Trauma,Moderate,4,51-60,5401,21-30
4556,2,c,3,Z,3,gynecology,S,A,2,34547,4,Urgent,Moderate,3,41-50,5010,0-10
792,23,a,6,X,3,gynecology,R,F,4,38817,2,Trauma,Minor,8,31-40,5347,41-50
8155,31,f,9,Y,2,gynecology,S,B,3,111186,8,Emergency,Minor,3,61-70,6099,31-40
9563,26,b,2,Y,4,gynecology,Q,D,2,82618,8,Trauma,Moderate,4,81-90,5086,31-40
5309,31,f,9,Y,4,anesthesia,S,B,4,102422,5,Emergency,Moderate,2,41-50,4849,unknown
7935,20,a,7,Y,3,anesthesia,Q,C,3,43895,8,Emergency,Extreme,3,41-50,3628,unknown
9604,18,d,9,Y,3,gynecology,S,B,4,126799,9,Emergency,Moderate,2,41-50,4216,0-10
9830,23,a,6,X,3,gynecology,R,F,4,33222,8,Trauma,Moderate,2,21-30,5053,21-30
8195,5,a,4,X,4,gynecology,R,F,2,40982,8,Urgent,Extreme,2,21-30,3867,21-30
620,5,a,6,X,4,anesthesia,Q,F,4,9884,10,Trauma,Extreme,4,31-40,3979,unknown
4059,2,f,9,Y,2,gynecology,R,B,3,123360,8,Trauma,Moderate,2,unknown,4783,21-30
342,32,f,3,Z,2,gynecology,S,A,2,59625,5,Emergency,Moderate,2,41-50,4847,0-10
936,23,a,1,X,3,gynecology,R,E,3,9411,8,Emergency,Moderate,2,unknown,4975,unknown
8380,14,c,5,Z,7,gynecology,Q,F,3,57787,11,Trauma,Moderate,4,41-50,4133,31-40
8125,6,a,6,Z,2,anesthesia,R,F,3,107628,8,Trauma,Moderate,2,21-30,5570,unknown
5719,28,a,1,X,4,gynecology,S,E,4,10073,8,Emergency,Minor,2,51-60,5506,unknown
5091,18,a,1,X,2,gynecology,S,E,4,40705,7,Emergency,Extreme,3,41-50,4867,unknown
5493,6,a,1,X,4,gynecology,P,E,1,123195,8,Trauma,Extreme,2,51-60,4102,21-30
7942,32,c,3,Z,3,gynecology,S,A,3,106065,8,Trauma,Moderate,2,51-60,5074,41-50
4881,32,f,9,Y,2,radiotherapy,S,B,4,77742,8,Trauma,Moderate,4,71-80,4796,51-60
1057,20,c,3,Z,3,gynecology,R,A,2,67507,8,Trauma,Moderate,3,41-50,4218,31-40
7730,23,a,6,X,4,anesthesia,R,F,3,90555,8,Trauma,Moderate,2,41-50,5145,unknown
730,23,a,6,X,4,gynecology,R,F,3,85657,14,Trauma,Extreme,2,51-60,4841,unknown
1530,28,a,4,X,2,gynecology,R,F,2,97536,2,Trauma,Extreme,2,41-50,4084,51-60
5585,9,e,1,X,2,anesthesia,S,E,2,51369,8,Emergency,Moderate,4,61-70,3488,51-60
3004,20,a,9,Y,2,gynecology,S,C,3,82523,8,Trauma,Moderate,2,21-30,3739,21-30
9821,26,a,2,Y,3,gynecology,S,D,3,95954,8,Urgent,Moderate,3,unknown,4820,unknown
1091,12,a,1,X,3,gynecology,S,E,2,39402,9,Trauma,Moderate,2,21-30,3990,unknown
3443,23,a,6,X,4,radiotherapy,R,F,3,34624,8,Emergency,Moderate,2,71-80,3058,21-30
7481,1,d,5,Z,2,anesthesia,R,F,3,29980,8,Urgent,Minor,8,21-30,5393,unknown
3319,1,g,9,Y,3,gynecology,S,B,3,43546,8,Urgent,Moderate,5,41-50,4905,21-30
3129,26,b,2,Y,4,gynecology,Q,D,4,79419,unknown,Trauma,Moderate,3,41-50,4797,0-10
4914,2,c,5,Z,4,gynecology,S,F,2,92581,4,Trauma,Moderate,3,41-50,3549,71-80
5130,27,b,2,Y,4,gynecology,P,D,3,109905,8,Trauma,Moderate,2,51-60,3531,31-40
2938,31,c,5,Z,2,anesthesia,S,F,4,21916,unknown,Trauma,Moderate,4,41-50,3826,51-60
5616,13,d,5,Z,4,gynecology,Q,F,4,72195,4,Emergency,Moderate,4,81-90,3679,21-30
1063,23,a,7,Y,3,radiotherapy,Q,C,3,102478,8,Trauma,Moderate,2,81-90,5216,21-30
6315,9,e,1,X,4,gynecology,R,E,2,60733,1,Emergency,Extreme,2,81-90,4966,unknown
8979,32,c,3,Z,4,gynecology,Q,A,2,83520,4,Emergency,Moderate,2,41-50,5175,21-30
1106,6,a,6,X,4,anesthesia,R,F,2,60114,20,Trauma,Moderate,2,41-50,4948,21-30
778,6,a,1,X,4,gynecology,R,C,3,53046,5,Trauma,Moderate,2,51-60,3017,51-60
2138,6,a,1,X,4,gynecology,R,E,3,104418,unknown,Urgent,Moderate,2,unknown,3191,unknown
7453,19,e,3,X,4,gynecology,Q,E,4,7503,8,Trauma,Moderate,2,51-60,4067,21-30
4514,20,a,9,Y,5,gynecology,R,B,3,111986,8,Emergency,Moderate,4,unknown,5810,31-40
5454,12,a,9,Y,3,TB & Chest disease,S,B,3,55206,8,Emergency,Moderate,4,41-50,6532,21-30
4056,26,b,2,Y,4,radiotherapy,Q,D,4,71038,4,Trauma,Moderate,5,51-60,3971,41-50
5979,22,a,6,X,3,gynecology,Q,F,3,31617,11,Trauma,Extreme,4,81-90,3749,51-60
5295,20,c,3,Z,4,gynecology,R,A,2,63712,8,Trauma,Moderate,2,21-30,5614,unknown
1965,2,c,3,Z,3,gynecology,R,A,3,75152,5,Trauma,Moderate,4,21-30,3395,21-30
9052,20,d,9,Y,3,gynecology,S,C,3,100716,4,Trauma,Minor,4,61-70,5108,31-40
8830,26,b,2,Y,4,gynecology,R,D,2,77578,8,Trauma,Moderate,2,31-40,5192,21-30
4821,10,d,5,Z,6,gynecology,S,F,4,61654,5,Emergency,Moderate,4,71-80,3215,51-60
9687,1,d,5,Z,3,gynecology,S,F,4,63670,8,Urgent,Moderate,6,41-50,4877,51-60
7858,31,c,3,Y,2,gynecology,S,A,3,123064,8,Trauma,Moderate,4,71-80,6736,51-60
7641,10,c,5,Z,2,anesthesia,S,F,4,127698,8,Trauma,Minor,2,61-70,5526,21-30
7888,26,b,2,Y,3,radiotherapy,S,D,4,125586,4,Emergency,Moderate,5,91-100,4804,More than 100 Days
7838,23,a,9,Y,1,gynecology,R,B,4,28418,8,Trauma,Extreme,2,61-70,4230,51-60
1656,20,c,3,Z,3,gynecology,R,A,2,6502,9,Urgent,Moderate,3,31-40,3548,51-60
4701,22,a,1,X,4,gynecology,Q,E,2,83911,2,Trauma,Moderate,2,41-50,4526,31-40
1031,26,a,1,Y,4,gynecology,Q,E,2,25929,8,Trauma,Extreme,4,41-50,3881,unknown
988,19,a,7,Y,4,TB & Chest disease,R,C,2,84155,8,Emergency,Moderate,6,71-80,3634,21-30
6209,10,c,5,Z,3,gynecology,S,F,3,41078,8,Trauma,Moderate,2,31-40,4961,unknown
2701,5,a,1,X,4,gynecology,Q,E,2,56887,unknown,Trauma,Moderate,3,41-50,2525,61-70
8239,12,b,1,X,3,gynecology,R,F,3,53240,8,Trauma,Moderate,2,21-30,5796,unknown
5400,26,b,2,Y,2,gynecology,S,F,4,92428,23,Trauma,Moderate,5,61-70,6614,31-40
7226,26,b,2,Y,2,gynecology,S,C,3,124654,8,Emergency,Moderate,4,61-70,3998,51-60
5228,5,a,6,X,4,radiotherapy,Q,F,3,64995,10,Trauma,Moderate,2,61-70,2977,51-60
4192,5,a,6,X,4,gynecology,Q,F,unknown,111418,10,Trauma,Extreme,2,61-70,3143,21-30
2446,28,a,9,Y,3,gynecology,R,B,2,68273,8,Trauma,Moderate,3,71-80,4306,21-30
7996,9,d,5,X,2,radiotherapy,Q,F,4,36314,8,Emergency,Minor,2,21-30,5143,unknown
9528,25,b,2,Y,4,radiotherapy,R,D,2,56748,7,Trauma,Moderate,3,91-100,4418,51-60
7040,26,b,2,Y,4,gynecology,R,D,3,50289,8,Trauma,Minor,2,21-30,5683,unknown
9266,10,a,5,Z,4,anesthesia,Q,F,2,89081,2,Emergency,Moderate,4,31-40,4421,21-30
983,19,e,1,X,4,TB & Chest disease,Q,E,3,30067,5,Trauma,Moderate,2,31-40,3936,31-40
565,14,a,1,X,2,gynecology,Q,E,3,56652,8,Trauma,Minor,4,41-50,5426,21-30
684,13,e,1,X,4,anesthesia,Q,E,3,62609,8,Emergency,Moderate,2,41-50,5170,unknown
9620,26,b,2,Y,2,gynecology,Q,D,4,59642,8,Trauma,Extreme,2,51-60,3904,More than 100 Days
5472,5,a,6,X,4,gynecology,Q,F,unknown,106481,15,Emergency,Moderate,2,21-30,4799,unknown
8299,10,d,13,Y,2,gynecology,S,D,3,40942,8,Emergency,Moderate,2,61-70,6030,unknown
9377,5,a,6,X,3,anesthesia,R,F,3,95163,1,Trauma,Moderate,2,21-30,2767,unknown
827,19,a,7,Y,3,gynecology,P,C,2,93336,8,Emergency,Moderate,5,31-40,3647,unknown
6240,20,a,5,Z,4,gynecology,Q,F,2,63189,unknown,Urgent,Moderate,3,31-40,4825,21-30
1133,23,a,6,X,3,radiotherapy,Q,F,unknown,73065,8,Trauma,Moderate,2,21-30,4756,unknown
4765,14,e,1,X,1,gynecology,R,E,2,53761,1,Trauma,Moderate,4,61-70,4015,81-90
1924,27,b,11,X,3,gynecology,R,F,2,113023,8,Emergency,Moderate,6,91-100,4104,unknown
1053,26,b,2,Y,7,gynecology,Q,D,2,123480,8,Trauma,Moderate,3,41-50,3844,51-60
8499,9,b,2,Y,3,gynecology,Q,D,4,76610,4,Emergency,Moderate,3,unknown,4865,unknown
961,26,b,2,Y,4,gynecology,P,D,3,126777,8,Emergency,Moderate,4,41-50,4348,31-40
4474,19,b,2,Y,4,gynecology,Q,F,4,25843,10,Emergency,Moderate,4,41-50,3856,41-50
696,10,d,3,Y,2,gynecology,Q,B,4,69892,7,Emergency,Moderate,4,41-50,3147,51-60
1818,18,c,1,X,4,radiotherapy,Q,E,3,60205,1,Trauma,Extreme,4,41-50,5183,unknown
1138,19,a,7,Y,3,gynecology,S,C,2,62458,8,Emergency,Moderate,6,41-50,3987,51-60
4919,6,a,1,X,4,gynecology,S,F,4,68022,4,Trauma,Extreme,5,71-80,5024,51-60
5565,26,b,2,Y,4,gynecology,S,D,2,70465,8,Emergency,Moderate,2,21-30,5989,71-80
1732,23,a,1,X,2,gynecology,Q,E,3,125112,8,Trauma,Moderate,2,61-70,5472,21-30
624,14,a,1,X,4,TB & Chest disease,Q,E,4,88733,1,Emergency,Moderate,4,61-70,4530,unknown
3746,19,a,7,Y,4,gynecology,Q,C,4,6584,8,Emergency,Minor,2,31-40,5087,unknown
5950,26,b,2,Y,3,gynecology,S,D,4,106283,8,Emergency,Moderate,2,41-50,5263,unknown
3772,14,a,5,X,3,gynecology,S,F,2,12070,10,Trauma,Moderate,4,41-50,3745,51-60
1607,2,c,5,Z,6,gynecology,S,F,2,91614,4,Urgent,Moderate,2,61-70,5405,unknown
4782,9,e,1,X,2,radiotherapy,S,E,2,97485,8,Emergency,Moderate,4,41-50,6284,31-40
533,19,c,3,Z,4,gynecology,S,A,3,51059,5,Trauma,Moderate,3,41-50,3856,21-30
4690,13,e,1,X,2,gynecology,S,E,4,13594,4,Emergency,Moderate,4,21-30,2901,71-80
2986,25,b,2,Y,3,TB & Chest disease,R,D,3,88288,8,Emergency,Moderate,3,71-80,5067,31-40
2646,26,b,2,Y,3,gynecology,R,D,2,89339,5,Trauma,Moderate,4,41-50,4943,51-60
9540,26,b,2,Y,2,gynecology,R,D,4,32250,8,Urgent,Minor,2,41-50,3604,unknown
8405,6,a,6,X,4,gynecology,Q,F,2,29605,5,Trauma,Moderate,2,21-30,4756,unknown
5079,23,a,6,X,2,gynecology,R,F,3,112926,8,Emergency,Minor,2,51-60,5123,unknown
1664,27,b,11,X,1,radiotherapy,R,F,4,81310,8,Urgent,Moderate,2,31-40,4967,0-10
8884,12,a,9,Y,3,radiotherapy,Q,B,3,79534,8,Urgent,Moderate,4,81-90,3418,21-30
5006,19,a,9,Y,3,gynecology,R,C,4,7099,8,Trauma,Moderate,3,61-70,7130,unknown
841,19,a,7,Y,3,gynecology,P,C,2,107735,8,Emergency,Moderate,4,41-50,4209,21-30
4676,13,a,1,X,3,gynecology,Q,E,4,11989,4,Trauma,Moderate,4,21-30,3180,31-40
5686,25,b,2,Y,4,gynecology,R,D,3,123746,2,Trauma,Moderate,2,41-50,5051,21-30
2790,26,a,7,Y,3,gynecology,S,C,2,97797,8,Emergency,Moderate,2,41-50,4034,0-10
805,14,a,1,X,4,gynecology,Q,E,2,22887,9,Trauma,Moderate,4,31-40,4014,21-30
1009,26,a,1,X,2,anesthesia,R,F,3,33481,1,Trauma,Moderate,2,51-60,4315,unknown
9961,11,a,9,Y,4,gynecology,Q,C,3,39696,8,Emergency,Minor,2,unknown,6995,21-30
8318,19,a,9,Y,4,gynecology,Q,B,3,31298,8,Trauma,Minor,5,unknown,6375,51-60
2435,12,e,1,X,2,radiotherapy,S,E,2,54162,8,Trauma,Moderate,4,71-80,3792,21-30
694,2,c,3,Z,3,gynecology,R,A,2,47006,8,Trauma,Moderate,4,41-50,5130,71-80
9816,26,b,2,Y,3,gynecology,P,D,3,112362,8,Trauma,Extreme,3,91-100,4145,unknown
511,15,a,7,Y,4,gynecology,R,C,3,49458,8,Emergency,Moderate,3,unknown,3129,51-60
5200,19,c,3,Z,2,anesthesia,S,A,4,10850,8,Trauma,Moderate,5,41-50,3534,51-60
2895,9,e,1,X,4,gynecology,R,E,2,39564,1,Trauma,Moderate,2,21-30,4736,unknown
9545,1,d,10,Y,4,TB & Chest disease,T,B,4,28264,4,Emergency,Moderate,3,51-60,4578,51-60
2059,20,a,9,Y,2,gynecology,S,B,2,103269,7,Trauma,Moderate,4,51-60,3250,More than 100 Days
6295,29,b,2,X,5,gynecology,R,F,4,66291,8,Emergency,Moderate,6,61-70,4811,21-30
673,20,c,3,Z,4,gynecology,S,A,3,60986,8,Trauma,Moderate,2,71-80,3980,unknown
2068,19,a,7,Y,4,gynecology,R,C,2,37520,4,Emergency,Moderate,2,41-50,4415,unknown
5044,14,a,7,Y,4,gynecology,S,C,2,94961,8,Emergency,Extreme,4,41-50,3188,21-30
5785,14,a,1,X,2,gynecology,R,E,3,28123,8,Emergency,Minor,3,61-70,2791,21-30
7638,27,b,11,X,2,radiotherapy,R,F,3,38976,8,Trauma,Moderate,2,61-70,3560,unknown
7151,5,a,6,X,4,gynecology,R,F,3,67870,4,Trauma,Minor,2,21-30,5153,41-50
1710,23,a,6,X,4,gynecology,R,F,2,50084,11,Trauma,Moderate,2,41-50,3907,21-30
7628,19,a,7,Y,6,gynecology,Q,C,2,116983,8,Emergency,Moderate,2,41-50,5245,51-60
5293,1,a,12,Y,3,gynecology,P,C,2,90613,8,Emergency,Moderate,3,31-40,5079,21-30
7728,20,a,7,Y,4,gynecology,R,C,3,102470,8,Emergency,Minor,5,81-90,5324,71-80
1297,15,c,5,Z,2,gynecology,S,A,2,89687,8,Trauma,Moderate,4,41-50,3955,51-60
1326,7,a,6,X,4,gynecology,Q,E,4,26609,9,Trauma,Extreme,3,unknown,4335,unknown
2764,14,c,5,Z,3,gynecology,Q,F,2,12786,8,Trauma,Moderate,4,41-50,4220,unknown
9433,8,b,2,Y,7,radiotherapy,S,D,3,28574,8,Trauma,Moderate,4,41-50,7153,91-100
7319,26,a,1,X,3,gynecology,R,F,4,105280,8,Emergency,Extreme,8,21-30,3896,31-40
3125,6,a,6,X,2,radiotherapy,R,F,4,70155,8,Trauma,Moderate,2,61-70,5520,21-30
2953,18,a,1,X,3,gynecology,R,E,3,67222,8,Trauma,Moderate,3,61-70,5252,21-30
8246,29,a,4,X,2,anesthesia,R,F,4,24399,8,Trauma,Moderate,2,unknown,5165,21-30
8672,3,g,9,Y,2,anesthesia,R,B,3,114429,8,Urgent,Moderate,2,71-80,5229,21-30
5323,10,b,11,X,2,gynecology,R,F,2,98134,7,Trauma,Moderate,6,61-70,3118,51-60
982,25,a,2,Y,4,gynecology,Q,C,3,37787,8,Emergency,Extreme,4,71-80,5808,31-40
882,6,a,6,X,4,radiotherapy,R,F,3,40410,8,Trauma,Moderate,5,41-50,3638,unknown
8388,6,c,5,X,5,gynecology,Q,F,4,62061,8,Trauma,Extreme,4,61-70,5065,51-60
7289,18,c,3,Z,3,gynecology,Q,A,3,61135,8,Emergency,Moderate,4,21-30,5433,unknown
5736,23,c,5,Z,2,gynecology,R,F,3,29486,5,Trauma,Minor,4,51-60,3718,51-60
5575,26,b,2,Y,3,radiotherapy,Q,D,2,7134,21,Emergency,Moderate,3,41-50,3950,41-50
7121,20,a,9,Y,3,gynecology,S,C,3,125589,8,Trauma,Moderate,4,61-70,4574,51-60
807,18,a,7,Y,4,gynecology,P,C,2,61482,8,Emergency,Moderate,4,51-60,4601,21-30
9445,32,f,9,Y,3,gynecology,S,B,4,109149,8,Trauma,Extreme,8,41-50,5223,21-30
1035,6,a,6,X,4,gynecology,R,F,4,63294,2,Emergency,Moderate,2,21-30,5840,21-30
8573,14,a,4,X,2,gynecology,R,F,2,10851,8,Trauma,Extreme,6,71-80,4117,81-90
4051,20,c,3,Z,3,anesthesia,S,A,3,67945,8,Trauma,Moderate,4,41-50,6138,91-100
2302,28,a,4,X,4,gynecology,R,F,2,125653,1,Emergency,Moderate,2,unknown,4859,61-70
8191,10,b,9,Y,3,anesthesia,S,D,4,110981,8,Trauma,Moderate,2,21-30,4054,51-60
1125,3,g,9,Y,3,gynecology,T,B,2,26951,4,Trauma,Moderate,4,41-50,3691,71-80
7619,11,c,1,Z,4,gynecology,S,E,2,91152,4,Emergency,Moderate,2,41-50,3781,61-70
1802,2,d,9,Y,4,gynecology,S,B,4,32839,2,Trauma,Extreme,4,41-50,4989,unknown
5477,26,b,11,Y,3,TB & Chest disease,R,D,3,58020,9,Trauma,Moderate,5,41-50,4345,51-60
881,26,b,2,Y,4,gynecology,Q,D,4,112849,8,Emergency,Moderate,3,51-60,3521,31-40
4042,19,a,7,Y,4,radiotherapy,Q,C,2,59523,8,Trauma,Moderate,4,31-40,4133,21-30
3777,19,a,7,Y,3,gynecology,S,B,2,113749,1,Emergency,Moderate,6,71-80,3523,61-70
935,14,a,1,Y,4,gynecology,R,F,3,63092,7,Trauma,Moderate,4,51-60,4206,51-60
1141,25,b,2,Y,4,radiotherapy,Q,D,2,67668,23,Emergency,Extreme,3,31-40,4143,21-30
996,25,b,2,Y,4,gynecology,Q,D,1,70374,8,Emergency,Extreme,4,81-90,5607,21-30
6169,23,a,6,X,2,gynecology,R,F,3,99706,14,Trauma,Moderate,2,61-70,7048,21-30
8491,3,c,3,Z,3,anesthesia,R,A,3,81282,8,Urgent,Moderate,2,81-90,5627,51-60
7918,27,a,7,Y,4,gynecology,R,C,3,125666,8,Emergency,Moderate,6,61-70,5195,unknown
900,21,a,7,Y,5,radiotherapy,Q,C,3,7492,8,Emergency,Moderate,2,51-60,5299,unknown
2177,28,a,7,Y,3,gynecology,R,C,3,32750,8,Trauma,Moderate,3,31-40,3704,unknown
1873,23,f,9,Y,2,gynecology,S,B,4,123332,8,Emergency,Extreme,9,51-60,4774,unknown
1618,10,a,1,X,4,gynecology,R,E,3,33545,14,Emergency,Extreme,3,31-40,4559,21-30
786,25,b,2,Y,5,gynecology,Q,D,2,27635,8,Urgent,Moderate,4,31-40,4479,unknown
7174,20,a,7,Y,4,gynecology,S,C,2,59859,8,Emergency,Moderate,2,31-40,5259,unknown
6127,23,a,6,X,3,radiotherapy,R,F,2,53963,1,Trauma,Moderate,3,31-40,4681,51-60
8620,25,d,7,Y,3,gynecology,S,B,4,83161,8,Trauma,Moderate,3,41-50,5116,71-80
7987,20,a,7,Y,4,radiotherapy,P,C,3,119992,9,Trauma,Moderate,4,61-70,3363,unknown
9098,20,b,2,Y,3,radiotherapy,R,D,2,56938,4,Emergency,Moderate,4,81-90,3895,31-40
6794,9,e,1,X,2,gynecology,S,E,4,58233,2,Emergency,Moderate,2,61-70,3521,unknown
4264,23,a,6,X,4,gynecology,Q,F,3,101504,11,Emergency,Moderate,4,41-50,4115,unknown
4991,14,a,7,X,4,gynecology,Q,C,2,90787,1,Emergency,Moderate,4,41-50,3605,21-30
4538,26,b,2,Y,4,gynecology,Q,D,3,65817,8,Trauma,Moderate,4,31-40,6128,21-30
2123,26,e,1,X,7,anesthesia,R,E,4,106133,8,Emergency,Moderate,3,41-50,4232,51-60
4726,26,g,9,Y,3,radiotherapy,Q,B,2,106306,8,Emergency,Extreme,8,41-50,4665,31-40
7889,27,b,2,Y,3,gynecology,R,D,2,31295,8,Emergency,Moderate,5,31-40,5220,0-10
1802,10,c,5,Z,4,gynecology,R,F,4,97720,14,Trauma,Moderate,2,41-50,4365,0-10
741,25,e,2,Y,2,anesthesia,Q,D,2,109486,5,Emergency,Moderate,8,31-40,3122,91-100
8236,2,c,5,Z,6,gynecology,S,F,4,83070,4,Trauma,Moderate,2,61-70,6575,21-30
4106,22,a,6,X,4,gynecology,R,F,3,72306,2,Trauma,Moderate,4,41-50,4828,51-60
9852,23,a,6,X,3,gynecology,R,F,2,35401,14,Urgent,Moderate,2,21-30,4504,unknown
4204,13,c,3,Z,5,anesthesia,Q,A,3,59374,8,Trauma,Minor,2,61-70,4572,unknown
7321,25,b,2,Y,7,gynecology,Q,D,3,32276,8,Trauma,Extreme,5,91-100,4935,21-30
5033,1,d,5,Z,3,gynecology,S,A,2,126493,4,Trauma,Moderate,4,41-50,2955,51-60
7655,25,a,1,Y,7,gynecology,Q,C,2,61774,9,Trauma,Moderate,6,41-50,3299,51-60
3316,2,c,5,Z,3,gynecology,S,F,2,122706,5,Trauma,Moderate,4,41-50,5173,21-30
2307,29,c,5,Z,4,gynecology,R,F,3,61048,1,Trauma,Moderate,2,41-50,7788,unknown
3725,25,b,2,Y,4,gynecology,Q,D,2,78654,8,Emergency,Extreme,2,21-30,5300,21-30
4854,25,b,2,Y,3,gynecology,R,D,2,89655,1,Emergency,Moderate,5,41-50,6106,51-60
805,1,a,9,Y,2,gynecology,R,B,2,98241,8,Urgent,Minor,3,21-30,5395,unknown
2096,25,b,11,X,2,gynecology,R,E,4,56420,1,Trauma,Moderate,3,41-50,4150,51-60
4359,10,a,1,X,2,gynecology,R,E,4,72090,2,Trauma,Moderate,4,51-60,3993,21-30
1128,10,b,5,Y,4,radiotherapy,R,F,2,13759,4,Emergency,Extreme,5,41-50,5011,21-30
1863,12,b,12,Y,5,gynecology,Q,D,2,32253,8,Emergency,Moderate,4,51-60,4195,21-30
7448,28,b,11,X,4,gynecology,R,F,2,53859,8,Trauma,Extreme,2,41-50,7033,21-30
5744,23,a,6,X,2,gynecology,R,F,4,12330,8,Emergency,Moderate,4,41-50,3790,31-40
5823,28,a,13,X,4,anesthesia,R,F,4,93758,8,Urgent,Minor,12,51-60,3944,unknown
4371,26,b,2,Y,5,gynecology,R,D,3,125486,8,Emergency,Extreme,4,51-60,4296,31-40
4676,31,c,3,Z,2,anesthesia,S,A,4,94090,8,Trauma,Minor,2,unknown,3304,31-40
5290,14,a,1,X,2,gynecology,S,E,2,64066,9,Trauma,Moderate,2,71-80,5593,51-60
2162,26,a,7,Y,4,gynecology,S,C,3,31482,8,Emergency,Moderate,5,71-80,4469,unknown
729,20,c,3,Z,4,gynecology,R,A,4,95169,8,Trauma,Moderate,6,91-100,3593,31-40
3122,28,a,7,Y,3,gynecology,R,C,2,11808,8,Emergency,Extreme,2,71-80,7345,51-60
528,6,d,6,X,6,gynecology,R,F,2,70163,14,Urgent,Moderate,3,41-50,4719,31-40
5450,14,c,5,Z,3,gynecology,R,F,4,60599,2,Trauma,Moderate,3,41-50,3673,21-30
576,27,a,4,X,4,gynecology,R,F,2,78647,7,Emergency,Minor,3,51-60,5079,unknown
917,10,a,6,Y,4,radiotherapy,S,F,4,110424,8,Trauma,Moderate,2,61-70,3276,21-30
846,10,b,2,Y,2,anesthesia,S,D,4,92832,8,Emergency,Moderate,4,71-80,3434,51-60
6709,11,c,3,X,3,radiotherapy,R,A,2,88044,9,Urgent,Moderate,3,51-60,4062,51-60
5319,19,a,7,Y,3,gynecology,Q,C,3,9012,8,Emergency,Minor,8,51-60,3886,21-30
1980,5,a,6,X,4,gynecology,Q,F,2,46234,unknown,Emergency,Moderate,3,41-50,3784,unknown
3784,3,c,5,Z,3,gynecology,S,F,2,59346,5,Trauma,Moderate,4,41-50,3908,unknown
8235,25,b,2,Y,3,gynecology,R,F,3,108324,8,Emergency,Moderate,6,61-70,4250,51-60
2089,28,a,7,Y,2,gynecology,R,F,3,42696,8,Emergency,Extreme,2,71-80,4943,unknown
2923,26,b,2,Y,1,gynecology,S,D,3,123438,8,Trauma,Moderate,4,31-40,5152,More than 100 Days
5346,26,b,2,Y,4,TB & Chest disease,S,D,4,94726,14,Trauma,Moderate,4,61-70,4947,71-80
9359,23,a,3,Y,2,radiotherapy,S,C,3,26502,7,Emergency,Minor,8,unknown,3752,31-40
824,25,b,2,Y,4,radiotherapy,S,D,2,105466,8,Emergency,Moderate,4,71-80,4024,51-60
6756,31,c,3,Z,2,anesthesia,R,A,4,54168,8,Trauma,Minor,2,41-50,5034,31-40
1254,19,c,3,Z,3,gynecology,R,A,3,56537,8,Trauma,Moderate,2,41-50,3996,51-60
711,28,a,4,X,4,gynecology,R,C,3,106513,1,Emergency,Moderate,3,41-50,5044,21-30
5059,12,b,2,Y,2,gynecology,S,B,4,60978,4,Trauma,Moderate,3,31-40,5807,More than 100 Days
7832,13,e,1,X,1,gynecology,S,E,4,49734,9,Emergency,Moderate,2,41-50,3648,More than 100 Days
4915,10,c,5,Z,6,gynecology,R,F,3,33316,11,Trauma,Minor,2,21-30,5379,0-10
2605,26,a,7,Y,6,gynecology,S,C,2,97322,8,Emergency,Moderate,3,31-40,4412,51-60
1523,11,b,11,X,3,anesthesia,R,F,2,68284,4,Trauma,Moderate,3,41-50,3732,31-40
573,8,e,1,X,4,gynecology,Q,E,4,44959,9,Emergency,Extreme,2,41-50,3685,unknown
1041,5,a,6,X,4,gynecology,Q,F,unknown,78620,2,Trauma,Moderate,2,21-30,4192,21-30
9727,18,a,9,Y,2,gynecology,S,B,2,95041,8,Trauma,Moderate,2,71-80,5072,51-60
6764,14,c,1,Z,4,TB & Chest disease,S,E,4,125421,4,Trauma,Moderate,2,41-50,5859,21-30
5090,14,e,1,X,3,gynecology,S,E,4,73879,8,Emergency,Moderate,2,41-50,3349,21-30
1020,26,b,2,Y,2,gynecology,Q,D,3,99836,8,Emergency,Moderate,4,61-70,4269,unknown
8586,28,b,2,Y,3,gynecology,R,D,3,10387,8,Emergency,Minor,5,31-40,7255,31-40
446,18,a,9,Y,3,gynecology,Q,C,4,103529,8,Emergency,Moderate,4,31-40,3371,31-40
5147,3,g,9,Y,3,radiotherapy,T,B,4,33037,8,Trauma,Moderate,8,71-80,5117,31-40
7814,26,b,2,Y,4,gynecology,R,D,4,31799,8,Urgent,Minor,2,41-50,5204,31-40
5503,27,b,2,Y,2,radiotherapy,R,D,3,124165,8,Trauma,Moderate,4,31-40,3942,41-50
1025,6,a,1,X,5,gynecology,Q,F,4,87935,15,Trauma,Extreme,4,21-30,4911,51-60
5595,7,d,2,Y,3,gynecology,S,B,4,64944,8,Emergency,Moderate,8,61-70,4695,unknown
5752,25,e,1,X,2,gynecology,R,E,4,55251,1,Emergency,Extreme,6,61-70,3856,More than 100 Days
853,6,a,4,X,4,gynecology,R,F,4,96378,4,Trauma,Moderate,2,unknown,4778,unknown
6451,19,e,2,Y,4,anesthesia,S,A,2,85248,8,Emergency,Moderate,6,41-50,3565,51-60
560,26,b,2,Y,3,gynecology,S,D,2,65199,8,Emergency,Extreme,3,41-50,4813,71-80
5180,11,c,5,Z,3,gynecology,R,F,4,96676,2,Trauma,Moderate,3,41-50,4724,51-60
1586,23,a,6,X,4,gynecology,Q,F,3,62886,15,Emergency,Moderate,3,41-50,6829,unknown
8413,14,c,5,Z,5,gynecology,R,F,3,73107,5,Emergency,Minor,3,21-30,5153,More than 100 Days
813,23,a,6,X,4,gynecology,Q,F,4,40371,14,Urgent,Moderate,2,31-40,5088,unknown
2797,28,a,11,X,4,gynecology,R,F,3,73613,1,Trauma,Extreme,3,21-30,5531,51-60
3097,18,a,7,Y,2,gynecology,P,C,2,124356,8,Emergency,Moderate,3,41-50,7493,21-30
755,1,c,3,Z,3,gynecology,R,A,4,32453,4,Urgent,Minor,2,21-30,6438,31-40
9909,26,b,2,Y,4,gynecology,S,D,2,127285,8,Trauma,Moderate,4,41-50,4274,51-60
2399,10,c,11,Z,3,gynecology,Q,F,4,94899,7,Emergency,Moderate,4,31-40,3252,0-10
1247,23,a,6,X,4,gynecology,R,F,3,30268,22,Trauma,Moderate,2,41-50,3877,31-40
2077,10,a,12,Z,4,gynecology,Q,F,3,121478,14,Urgent,Moderate,3,31-40,4652,31-40
686,13,e,1,X,4,gynecology,Q,E,4,99159,9,Trauma,Moderate,3,41-50,3734,21-30
2442,6,a,6,X,3,gynecology,Q,F,unknown,32686,8,Trauma,Extreme,8,51-60,4449,21-30
6112,10,a,1,X,4,gynecology,Q,E,4,120948,7,Trauma,Moderate,2,71-80,5531,21-30
1574,13,a,9,Y,6,gynecology,Q,B,4,126131,8,Emergency,Extreme,4,21-30,4842,31-40
4862,26,a,7,Y,2,gynecology,S,C,2,67461,8,Emergency,Moderate,2,51-60,4084,unknown
8008,26,b,2,Y,3,radiotherapy,S,D,3,64941,8,Emergency,Moderate,4,41-50,4777,51-60
9103,30,f,9,Y,2,radiotherapy,S,B,4,126298,8,Emergency,Minor,2,21-30,3727,unknown
5137,6,a,6,X,4,radiotherapy,Q,F,unknown,23965,8,Trauma,Moderate,2,41-50,4907,21-30
5635,26,a,7,Y,2,gynecology,R,F,3,6978,8,Urgent,Moderate,2,21-30,4401,21-30
661,23,a,6,X,4,gynecology,S,F,2,67666,5,Trauma,Moderate,2,41-50,3976,unknown
624,14,e,1,X,4,gynecology,Q,E,3,129533,8,Emergency,Minor,2,41-50,5588,21-30
8997,31,f,9,Y,3,gynecology,S,B,3,52277,unknown,Trauma,Minor,2,21-30,4990,unknown
3535,18,c,3,Z,2,anesthesia,S,A,2,65281,8,Trauma,Moderate,2,31-40,8539,unknown
5787,13,c,5,Z,4,gynecology,R,F,3,36994,8,Trauma,Moderate,2,21-30,5755,unknown
5308,28,b,6,X,4,gynecology,R,F,3,71268,2,Trauma,Moderate,2,41-50,5036,21-30
5451,19,e,1,X,6,gynecology,Q,E,2,50848,9,Trauma,Moderate,4,41-50,2511,31-40
6798,23,a,6,X,4,gynecology,R,E,3,13741,2,Trauma,Minor,2,21-30,5227,unknown
4631,18,b,2,Y,4,radiotherapy,Q,D,3,62837,8,Trauma,Moderate,3,41-50,3900,31-40
8184,28,b,11,X,4,gynecology,R,F,3,115885,1,Trauma,Moderate,2,41-50,4948,51-60
5217,27,a,7,Y,4,gynecology,R,C,3,83068,8,Emergency,Moderate,6,51-60,3904,51-60
5794,6,a,6,X,4,gynecology,R,F,4,28450,1,Urgent,Moderate,3,41-50,4043,31-40
3002,26,b,2,Y,4,gynecology,Q,D,4,97659,8,Trauma,Moderate,2,31-40,3797,21-30
1164,10,d,5,Z,4,gynecology,Q,F,2,113361,8,Trauma,Moderate,2,21-30,5489,21-30
867,26,b,7,Y,5,gynecology,Q,D,2,129171,8,Emergency,Extreme,2,41-50,4924,21-30
1019,26,b,7,Y,1,gynecology,R,C,4,29121,8,Trauma,Moderate,9,61-70,5019,21-30
8083,9,a,9,Y,2,gynecology,S,B,3,33610,8,Emergency,Minor,4,71-80,4942,unknown
2209,28,a,7,Y,5,gynecology,S,C,4,69013,8,Trauma,Extreme,11,51-60,4073,51-60
9331,20,c,3,Z,2,gynecology,R,A,3,72966,8,Trauma,Moderate,3,31-40,7356,81-90
3669,15,e,1,X,4,gynecology,Q,E,2,68708,9,Emergency,Moderate,2,31-40,3492,51-60
8372,17,e,1,X,4,gynecology,S,E,2,50523,11,Emergency,Moderate,2,61-70,3738,21-30
5692,11,b,2,Y,3,gynecology,Q,D,4,85699,8,Emergency,Moderate,2,71-80,5184,51-60
4454,19,c,3,Z,2,TB & Chest disease,S,A,2,70754,8,Emergency,Moderate,5,41-50,3705,51-60
2164,20,c,2,Y,3,gynecology,P,D,2,96154,unknown,Urgent,Moderate,6,41-50,4029,31-40
2145,28,c,3,Z,3,gynecology,R,F,2,64091,9,Trauma,Moderate,6,81-90,3608,51-60
9545,26,b,2,Y,2,radiotherapy,R,D,4,31688,8,Emergency,Minor,2,71-80,4775,unknown
974,26,b,2,Y,2,gynecology,R,D,3,51914,8,Emergency,Extreme,4,41-50,3238,51-60
2770,2,a,9,Y,4,gynecology,R,B,2,62567,8,Emergency,Moderate,2,unknown,6588,21-30
2515,5,a,6,X,4,gynecology,R,F,2,13103,5,Trauma,Moderate,5,31-40,3587,unknown
9694,24,a,6,X,3,gynecology,R,F,3,29797,8,Emergency,Moderate,4,61-70,3454,51-60
4497,26,a,1,X,4,gynecology,Q,E,2,98376,8,Trauma,Moderate,3,61-70,3504,21-30
8219,10,d,9,Y,4,anesthesia,R,B,3,127419,8,Trauma,Minor,2,unknown,5229,21-30
5308,25,e,2,X,2,anesthesia,R,E,4,109527,8,Trauma,Moderate,3,51-60,4754,61-70
471,9,e,1,X,4,gynecology,Q,E,2,44299,9,Emergency,Extreme,6,41-50,2614,21-30
1084,26,b,2,Y,4,anesthesia,Q,D,3,108300,22,Trauma,Moderate,2,31-40,5278,31-40
2747,27,a,4,X,3,gynecology,R,F,3,80347,8,Emergency,Moderate,6,41-50,4131,51-60
5997,25,a,1,X,3,gynecology,R,E,2,50882,8,Trauma,Extreme,3,61-70,5167,unknown
593,14,a,6,X,2,gynecology,R,F,2,69338,2,Trauma,Moderate,6,71-80,5086,unknown
700,23,d,9,Y,3,gynecology,R,B,4,41223,8,Emergency,Moderate,2,unknown,4600,More than 100 Days
2863,19,c,3,Z,4,TB & Chest disease,S,E,2,12095,5,Trauma,Moderate,5,31-40,5012,unknown
605,10,e,3,X,2,gynecology,R,E,2,58582,4,Emergency,Extreme,4,91-100,4025,51-60
4207,14,a,1,X,3,gynecology,R,F,3,8910,9,Emergency,Moderate,3,41-50,3667,31-40
3685,14,a,5,X,2,anesthesia,S,F,4,58229,8,Emergency,Moderate,2,21-30,5849,unknown
494,19,c,5,Z,6,gynecology,S,B,2,52289,23,Emergency,Minor,5,31-40,3260,51-60
2673,20,a,7,Y,4,gynecology,Q,C,2,40246,8,Emergency,Moderate,4,61-70,4184,0-10
5085,6,e,1,X,4,gynecology,R,E,2,32843,2,Emergency,Moderate,2,41-50,3061,unknown
9399,31,f,9,Y,3,gynecology,S,B,4,102465,8,Urgent,Moderate,8,41-50,6519,51-60
597,31,c,3,Z,4,gynecology,R,A,4,82988,8,Trauma,Extreme,4,41-50,3974,31-40
2151,6,c,4,X,3,anesthesia,R,F,2,64183,4,Trauma,Moderate,2,41-50,5290,41-50
8167,6,a,6,X,3,gynecology,Q,F,1,68485,8,Emergency,Moderate,5,51-60,4900,21-30
983,19,c,3,Z,2,radiotherapy,S,A,2,64401,8,Trauma,Moderate,6,61-70,4980,51-60
4636,23,b,9,X,2,gynecology,R,F,3,44411,8,Emergency,Minor,4,61-70,4194,51-60
1231,25,b,2,Y,4,gynecology,S,D,4,105867,8,Emergency,Extreme,3,71-80,4280,51-60
5619,15,c,5,Z,3,gynecology,S,F,2,12026,11,Trauma,Moderate,4,41-50,3446,71-80
2541,28,b,4,Y,3,TB & Chest disease,R,F,3,58047,8,Trauma,Moderate,6,61-70,4278,More than 100 Days
5382,14,c,5,Z,3,gynecology,S,F,4,50355,22,Trauma,Moderate,4,41-50,6865,41-50
602,11,g,9,Y,2,gynecology,S,B,4,33247,8,Trauma,Minor,2,unknown,4899,unknown
1028,28,b,11,X,2,radiotherapy,R,F,3,109701,8,Trauma,Moderate,2,21-30,3393,More than 100 Days
1056,10,b,11,X,3,gynecology,R,E,3,61542,2,Trauma,Minor,5,71-80,3892,31-40
6870,11,b,5,Z,2,gynecology,S,F,4,52685,5,Trauma,Moderate,4,41-50,3735,51-60
2096,26,b,2,Y,4,gynecology,R,D,2,103094,8,Emergency,Moderate,3,31-40,4945,More than 100 Days
5749,28,a,7,Y,3,gynecology,P,C,1,29611,8,Emergency,Moderate,4,61-70,3800,51-60
9466,12,d,12,Z,4,gynecology,Q,F,2,122859,8,Emergency,Moderate,3,41-50,5718,31-40
746,23,a,6,X,4,gynecology,R,F,3,60231,10,Trauma,Extreme,8,61-70,2724,71-80
4624,14,c,5,Z,3,gynecology,R,F,4,30492,8,Trauma,Moderate,12,41-50,4908,21-30
1965,32,f,9,Y,3,gynecology,S,B,4,123995,8,Urgent,Moderate,2,41-50,6017,unknown
3393,26,b,2,Y,3,gynecology,S,D,4,109064,8,Emergency,Moderate,2,21-30,4872,unknown
4585,32,c,3,Z,4,anesthesia,R,A,3,59159,8,Trauma,Moderate,11,61-70,3751,31-40
1875,13,e,1,X,3,gynecology,R,E,2,36347,2,Emergency,Moderate,2,21-30,5161,51-60
5887,2,d,9,Y,3,gynecology,R,B,2,32453,8,Emergency,Moderate,2,31-40,5816,unknown
5921,14,e,1,X,2,gynecology,S,E,4,111379,21,Trauma,Moderate,8,21-30,4821,unknown
8334,31,f,9,Y,2,anesthesia,S,B,4,124936,8,Trauma,Extreme,6,41-50,6643,51-60
731,23,a,6,X,3,gynecology,R,F,2,6313,8,Trauma,Moderate,3,41-50,6010,31-40
6752,10,b,13,Z,3,gynecology,R,F,3,117459,8,Trauma,Moderate,3,unknown,4895,21-30
5583,20,a,7,Y,2,anesthesia,S,C,4,84269,8,Emergency,Moderate,6,51-60,4936,More than 100 Days
5422,1,d,10,Y,4,gynecology,R,B,4,95394,8,Trauma,Moderate,2,51-60,5015,21-30
769,9,c,5,Z,4,gynecology,R,F,4,45881,4,Trauma,Moderate,2,21-30,4923,unknown
4854,11,g,3,Y,2,gynecology,R,D,4,30497,8,Trauma,Minor,2,51-60,4021,0-10
6489,9,a,6,X,4,radiotherapy,Q,F,2,34865,4,Urgent,Moderate,2,31-40,4131,unknown
2921,12,c,3,Z,5,gynecology,R,A,2,12664,8,Trauma,Moderate,2,21-30,3480,71-80
7296,32,f,9,Y,2,gynecology,S,B,3,93430,8,Emergency,Extreme,2,61-70,5547,31-40
2574,9,d,5,Z,4,gynecology,R,F,4,26517,4,Emergency,Moderate,4,unknown,4671,91-100
7382,2,c,3,Z,3,gynecology,S,A,3,113678,8,Trauma,Extreme,2,71-80,6117,61-70
4428,23,a,6,X,4,anesthesia,S,F,3,30485,8,Trauma,Moderate,3,61-70,5260,21-30
8055,14,a,1,X,1,TB & Chest disease,S,E,3,52867,8,Trauma,Minor,8,61-70,3995,31-40
5047,10,e,7,Y,4,gynecology,Q,D,3,107073,8,Trauma,Moderate,2,21-30,4115,21-30
594,28,c,3,Z,2,gynecology,S,F,2,124438,1,Emergency,Extreme,6,51-60,3339,51-60
8081,14,a,1,X,4,gynecology,S,E,4,14632,8,Trauma,Moderate,2,unknown,5537,21-30
5429,13,e,1,X,4,gynecology,R,E,2,125684,unknown,Urgent,Extreme,3,31-40,2588,unknown
5665,24,e,1,X,4,anesthesia,S,E,3,117115,4,Emergency,Moderate,4,81-90,4090,51-60
5612,26,b,2,Y,3,gynecology,R,F,3,63485,8,Urgent,Minor,3,41-50,4121,31-40
4601,14,a,1,X,4,gynecology,R,E,4,76398,1,Emergency,Moderate,3,41-50,4138,31-40
552,27,a,7,Y,3,gynecology,R,C,2,30190,8,Emergency,Moderate,2,21-30,5386,21-30
8326,23,a,6,X,3,gynecology,R,F,2,79889,8,Trauma,Moderate,2,51-60,5567,unknown
4824,8,e,1,X,2,anesthesia,S,E,3,79932,8,Emergency,Moderate,4,51-60,4462,71-80
8406,20,a,7,Y,3,radiotherapy,S,C,4,66314,8,Trauma,Moderate,2,unknown,5140,0-10
6475,26,b,2,Y,2,anesthesia,R,D,3,93653,8,Emergency,Moderate,2,41-50,6105,0-10
7661,28,a,6,X,1,gynecology,R,F,3,67597,4,Trauma,Extreme,4,71-80,2886,51-60
2943,6,a,6,X,4,gynecology,R,F,1,112414,2,Urgent,Extreme,4,41-50,3994,31-40
4978,8,e,1,X,3,gynecology,S,E,4,79638,9,Emergency,Minor,2,21-30,4885,unknown
2282,21,f,7,Y,4,anesthesia,S,B,2,123396,8,Trauma,Moderate,2,71-80,4925,unknown
1858,10,d,5,X,4,gynecology,R,F,2,88953,4,Emergency,Moderate,2,31-40,5091,31-40
6144,27,a,7,Z,3,gynecology,R,C,3,12310,8,Trauma,Moderate,3,21-30,5306,51-60
3163,29,a,7,Y,4,gynecology,R,C,2,82476,8,Urgent,Moderate,4,31-40,4019,51-60
5725,18,a,1,X,2,anesthesia,S,C,4,128883,8,Trauma,Extreme,6,81-90,4041,unknown
8041,23,d,9,X,3,gynecology,R,F,3,32160,unknown,Trauma,Extreme,2,71-80,4948,21-30
5754,11,e,1,Y,4,gynecology,Q,E,4,67783,7,Trauma,Moderate,4,41-50,4646,unknown
9671,28,b,11,X,3,gynecology,R,F,2,11870,1,Trauma,Extreme,3,41-50,5720,31-40
7957,25,e,1,X,5,radiotherapy,R,E,4,9222,8,Emergency,Moderate,8,41-50,3989,unknown
563,11,e,2,Y,4,gynecology,Q,E,2,10430,8,Trauma,Moderate,4,41-50,4020,71-80
4017,11,a,7,Y,4,gynecology,S,C,2,126551,4,Emergency,Moderate,3,41-50,3052,71-80
5750,1,d,9,Y,3,gynecology,Q,B,4,43995,8,Emergency,Moderate,2,51-60,6058,21-30
9552,31,f,9,Y,4,gynecology,S,B,4,29850,8,Emergency,Moderate,2,0-10,5874,unknown
6569,9,e,1,X,2,gynecology,S,E,4,89064,11,Emergency,Moderate,2,41-50,3424,21-30
4490,32,c,3,Z,4,gynecology,S,A,2,112324,9,Trauma,Minor,3,71-80,7237,31-40
5358,1,c,5,Z,2,gynecology,S,F,2,85546,8,Trauma,Moderate,4,71-80,4661,31-40
2923,2,c,5,Z,2,gynecology,S,F,4,27723,4,Emergency,Moderate,4,61-70,4133,51-60
866,26,b,2,Y,2,radiotherapy,S,D,3,50690,8,Trauma,Minor,4,41-50,3801,51-60
4456,18,c,3,Z,4,gynecology,R,E,2,47044,4,Trauma,Moderate,2,41-50,4681,unknown
970,1,d,9,Z,3,gynecology,S,B,2,94256,5,Trauma,Moderate,2,41-50,4811,0-10
2019,11,b,1,X,2,anesthesia,Q,E,4,96768,8,Trauma,Extreme,2,61-70,5079,21-30
7601,26,a,7,Y,4,gynecology,S,C,3,84880,8,Emergency,Minor,5,71-80,4157,51-60
1710,20,c,5,Z,2,anesthesia,S,E,4,109543,8,Trauma,Moderate,4,71-80,5466,31-40
5509,28,b,11,X,3,gynecology,R,F,4,37588,8,Urgent,Moderate,6,41-50,4249,unknown
4670,2,c,5,Z,3,radiotherapy,R,F,2,62418,4,Trauma,Moderate,2,61-70,3750,31-40
1004,17,a,7,Y,4,gynecology,S,C,4,68083,8,Urgent,Moderate,2,81-90,3473,21-30
7768,19,e,1,X,3,gynecology,R,E,4,81469,9,Emergency,Minor,2,31-40,4870,unknown
8044,2,c,5,Z,4,gynecology,R,A,3,102032,8,Urgent,Minor,2,31-40,5085,unknown
5495,26,b,2,Y,4,anesthesia,R,D,4,71569,8,Emergency,Minor,2,21-30,5075,unknown
5238,14,c,5,Z,3,gynecology,R,F,3,80991,8,Emergency,Minor,4,41-50,5331,unknown
924,23,a,6,X,3,gynecology,Q,F,4,74086,2,Trauma,Moderate,3,71-80,4513,31-40
5639,13,c,5,Z,2,gynecology,S,F,4,64311,4,Trauma,Moderate,4,51-60,3525,51-60
4085,27,a,7,Y,4,gynecology,P,C,1,46079,8,Urgent,Extreme,2,51-60,4185,91-100
4950,27,b,2,Y,3,gynecology,R,D,2,60789,4,Urgent,Moderate,2,31-40,5047,unknown
6023,22,a,6,X,2,anesthesia,R,F,unknown,72989,8,Trauma,Moderate,2,21-30,4726,31-40
5226,7,a,6,X,4,surgery,R,F,4,74840,2,Trauma,Moderate,2,41-50,4528,21-30
8878,14,a,1,X,4,anesthesia,Q,E,1,32902,2,Trauma,Extreme,2,31-40,5215,21-30
5002,1,d,5,Y,3,gynecology,T,F,3,34429,8,Trauma,Moderate,2,21-30,4747,21-30
730,18,a,1,X,5,gynecology,P,E,3,82129,10,Emergency,Moderate,6,31-40,4092,21-30
2086,18,c,1,Z,4,gynecology,Q,E,3,97104,8,Emergency,Moderate,4,41-50,5208,unknown
3308,26,b,2,Y,2,anesthesia,S,D,2,127758,4,Emergency,Moderate,6,41-50,6065,31-40
6489,6,a,6,X,4,gynecology,R,F,3,12107,1,Trauma,Moderate,2,21-30,6313,unknown
417,19,b,1,X,4,radiotherapy,R,E,1,62905,8,Emergency,Minor,3,51-60,4118,31-40
2887,23,a,4,X,2,gynecology,R,F,2,123452,4,Trauma,Moderate,3,51-60,4629,51-60
5820,25,e,1,X,3,radiotherapy,Q,E,1,99455,2,Emergency,Extreme,5,71-80,4625,51-60
2063,19,c,3,Z,4,gynecology,S,A,3,76731,8,Emergency,Moderate,5,71-80,3448,41-50
936,18,a,9,Y,3,gynecology,Q,B,4,39903,8,Trauma,Moderate,3,unknown,6880,21-30
8544,32,c,3,Z,3,gynecology,S,A,4,103568,9,Trauma,Moderate,2,21-30,3894,unknown
2244,19,a,7,Y,2,gynecology,R,C,2,78646,8,Emergency,Moderate,2,61-70,3912,21-30
4086,23,a,4,X,3,anesthesia,R,F,3,108432,2,Emergency,Moderate,2,51-60,4069,unknown
5126,2,c,3,Z,4,gynecology,Q,F,2,55209,8,Trauma,Moderate,8,61-70,3656,51-60
916,20,c,7,Z,3,gynecology,S,A,4,78083,8,Urgent,Moderate,6,21-30,5522,unknown
1040,20,a,9,Y,6,gynecology,Q,B,3,109255,8,Emergency,Moderate,2,41-50,3793,unknown
4592,23,a,6,X,2,gynecology,Q,F,3,117143,8,Trauma,Minor,6,41-50,4066,51-60
2643,24,a,6,X,4,anesthesia,R,F,3,30269,2,Trauma,Moderate,3,0-10,7217,81-90
7721,14,a,1,X,3,gynecology,Q,E,3,114704,8,Trauma,Moderate,2,41-50,3016,0-10
3719,27,b,11,X,4,gynecology,R,F,3,30677,14,Trauma,Minor,3,51-60,4120,51-60
7646,28,a,7,Y,3,gynecology,Q,C,2,71628,8,Trauma,Extreme,6,31-40,2838,More than 100 Days
5143,27,b,11,X,3,anesthesia,R,F,2,46901,2,Trauma,Extreme,3,61-70,4917,21-30
777,5,a,6,X,4,gynecology,R,F,2,42708,11,Emergency,Moderate,2,31-40,3735,21-30
4270,5,a,6,X,4,gynecology,Q,F,1,128266,11,Emergency,Extreme,8,21-30,3542,0-10
870,32,f,9,Y,5,gynecology,S,B,2,26833,8,Emergency,Extreme,4,31-40,3225,71-80
729,11,e,2,Y,5,gynecology,Q,D,4,71166,7,Trauma,Moderate,2,41-50,3983,unknown
702,14,c,5,Z,4,anesthesia,S,F,3,98620,10,Trauma,Moderate,2,31-40,3875,unknown
2364,19,b,2,Y,3,gynecology,S,D,2,92994,8,Trauma,Moderate,4,71-80,3380,51-60
7577,9,d,9,Y,4,gynecology,R,B,4,91711,8,Urgent,Extreme,8,71-80,4867,31-40
5251,14,e,1,X,4,radiotherapy,R,E,3,69483,9,Emergency,Extreme,2,41-50,4597,unknown
4519,8,e,1,X,4,gynecology,R,E,2,28287,11,Emergency,Moderate,2,31-40,4767,21-30
6651,19,e,1,X,4,anesthesia,R,E,3,59772,8,Emergency,Moderate,6,41-50,3465,unknown
1618,26,b,2,Y,3,gynecology,R,D,2,50814,2,Emergency,Extreme,5,51-60,4072,51-60
3970,18,c,3,Z,4,gynecology,R,A,3,32646,8,Trauma,Moderate,2,41-50,3338,21-30
8760,23,a,6,X,2,gynecology,R,F,3,10382,10,Trauma,Minor,4,61-70,4486,21-30
4366,20,a,7,Y,3,gynecology,S,B,3,74951,8,Emergency,Moderate,6,71-80,4816,0-10
5724,26,b,2,Y,4,gynecology,S,D,4,30915,5,Emergency,Moderate,5,41-50,3702,51-60
7462,31,f,9,Y,3,radiotherapy,S,B,3,115196,7,Trauma,Moderate,2,21-30,6810,unknown
2720,29,a,6,X,4,radiotherapy,R,F,2,73799,1,Trauma,Moderate,2,61-70,5527,51-60
474,32,f,9,Y,2,gynecology,S,B,4,108270,8,Emergency,Extreme,6,31-40,3917,0-10
5251,13,a,6,X,4,gynecology,Q,F,2,110289,8,Trauma,Moderate,4,31-40,3119,unknown
1649,23,a,7,Y,4,anesthesia,R,C,3,74538,8,Trauma,Moderate,4,61-70,2909,21-30
3990,32,c,3,Z,3,gynecology,R,A,4,71516,4,Urgent,Moderate,2,41-50,4876,31-40
4492,29,e,4,X,2,radiotherapy,R,F,3,95117,8,Trauma,Moderate,6,71-80,4107,81-90
6685,19,a,7,Y,2,gynecology,P,C,4,117566,8,Emergency,Moderate,2,41-50,4806,0-10
7650,13,a,1,X,4,anesthesia,Q,E,4,100551,8,Emergency,Minor,2,41-50,4828,unknown
4848,23,a,4,X,3,gynecology,R,F,2,22060,8,Trauma,Extreme,6,21-30,4044,unknown
639,6,a,1,X,4,gynecology,S,E,2,63401,8,Emergency,Moderate,3,61-70,3927,51-60
7927,20,c,3,Z,3,gynecology,R,A,4,101362,8,Trauma,Moderate,2,61-70,5464,31-40
9263,19,a,7,Y,4,gynecology,Q,C,4,25040,8,Emergency,Moderate,4,unknown,5852,unknown
8019,14,c,5,Z,2,TB & Chest disease,S,F,3,67923,8,Trauma,Moderate,4,61-70,4970,31-40
5826,23,a,6,X,3,anesthesia,S,F,4,27734,2,Emergency,Moderate,8,61-70,3534,51-60
2637,28,b,11,X,3,TB & Chest disease,R,F,3,46804,8,Trauma,Extreme,6,61-70,4999,51-60
1055,11,g,9,Y,3,gynecology,S,B,3,34482,2,Emergency,Minor,2,51-60,4582,51-60
5273,14,c,5,Z,4,gynecology,S,F,4,53815,1,Emergency,Moderate,2,41-50,4593,unknown
8308,3,c,3,Z,4,anesthesia,S,A,4,8854,8,Trauma,Minor,2,61-70,5699,51-60
203,19,a,7,Y,2,radiotherapy,Q,C,3,31636,8,Emergency,Moderate,6,51-60,3307,81-90
940,23,a,6,X,2,anesthesia,Q,F,4,56169,8,Trauma,Moderate,2,61-70,5074,21-30
5777,26,b,11,X,2,anesthesia,R,F,4,20712,8,Emergency,Minor,2,41-50,5359,unknown
7484,18,e,1,X,2,gynecology,Q,E,4,58727,5,Emergency,Moderate,6,41-50,3396,unknown
4287,1,d,9,Y,4,gynecology,S,B,2,91578,unknown,Emergency,Moderate,2,unknown,4945,21-30
653,20,c,3,Z,4,anesthesia,S,A,2,85716,8,Urgent,Moderate,2,41-50,6460,41-50
551,31,f,9,Y,2,gynecology,T,B,3,112948,8,Trauma,Moderate,3,71-80,5206,31-40
6392,20,a,9,Y,4,gynecology,Q,B,2,21839,8,Trauma,Moderate,2,41-50,5192,21-30
4555,7,e,1,X,4,gynecology,Q,E,3,32537,2,Emergency,Extreme,4,21-30,3047,21-30
8495,26,b,2,Y,6,gynecology,R,D,2,33541,8,Trauma,Extreme,3,51-60,4832,51-60
6047,28,b,11,X,3,gynecology,R,F,2,100951,1,Emergency,Moderate,6,41-50,4461,31-40
4592,26,b,2,Y,4,radiotherapy,R,D,2,101995,8,Emergency,Extreme,2,41-50,4339,51-60
1811,5,a,7,Y,4,radiotherapy,Q,C,3,69908,7,Emergency,Moderate,2,31-40,2746,21-30
1129,14,e,1,X,4,anesthesia,Q,E,2,49010,2,Trauma,Moderate,2,41-50,4440,31-40
2335,10,a,9,Y,4,gynecology,S,B,3,129730,8,Emergency,Moderate,4,21-30,4914,31-40
3665,6,a,6,X,4,gynecology,Q,F,3,74129,8,Emergency,Extreme,4,81-90,3848,21-30
7048,15,a,7,Z,3,gynecology,R,E,3,43351,8,Urgent,Moderate,5,71-80,3899,unknown
929,23,a,6,X,4,gynecology,R,E,3,57854,8,Trauma,Extreme,8,41-50,3320,21-30
5797,9,e,1,X,3,gynecology,R,E,2,53899,4,Emergency,Moderate,2,21-30,4242,unknown
1025,11,a,7,Y,4,anesthesia,Q,B,3,61630,8,Trauma,Minor,2,41-50,3729,unknown
2792,26,a,7,Y,3,gynecology,R,C,2,56692,8,Trauma,Moderate,2,41-50,4280,51-60
9529,31,c,9,Y,2,gynecology,S,B,4,110216,5,Emergency,Moderate,2,41-50,4889,unknown
6866,18,c,3,Z,4,gynecology,R,F,4,49164,5,Emergency,Moderate,2,41-50,3622,31-40
6318,31,f,9,Y,3,gynecology,S,D,2,26785,7,Emergency,Extreme,4,61-70,4190,51-60
5887,23,a,6,X,2,gynecology,S,F,3,34292,2,Emergency,Moderate,2,61-70,5998,21-30
1060,24,a,4,X,2,gynecology,R,F,4,76840,8,Trauma,Moderate,2,91-100,5125,21-30
5411,26,a,7,Y,2,gynecology,S,E,4,30733,8,Trauma,Moderate,6,61-70,4049,51-60
2715,27,f,5,Y,3,anesthesia,R,B,4,35604,8,Trauma,Moderate,2,unknown,4382,51-60
5221,10,e,1,X,2,anesthesia,R,E,3,50898,7,Emergency,Moderate,2,21-30,3586,unknown
7401,2,d,9,Y,3,anesthesia,R,B,2,65093,5,Trauma,Moderate,3,51-60,5172,unknown
7186,25,b,2,Y,1,gynecology,R,D,4,31695,8,Trauma,Minor,2,21-30,5384,21-30
1597,2,c,5,Z,3,gynecology,R,A,4,104475,4,Trauma,Moderate,2,41-50,4989,unknown
632,27,b,11,X,3,gynecology,R,F,2,95790,2,Trauma,Extreme,3,71-80,4768,51-60
1099,14,a,1,X,1,gynecology,Q,E,3,91985,8,Trauma,Moderate,5,61-70,4908,21-30
2140,20,e,1,X,3,gynecology,R,E,2,93570,8,Trauma,Moderate,3,41-50,4038,21-30
7674,28,b,2,Y,4,gynecology,R,D,3,68743,7,Emergency,Moderate,4,31-40,4802,31-40
8932,8,e,1,X,4,anesthesia,S,E,3,78319,8,Emergency,Minor,2,41-50,4163,71-80
4658,14,c,5,Z,3,gynecology,R,F,2,88651,1,Trauma,Moderate,2,41-50,4524,21-30
7437,28,b,11,X,3,gynecology,S,F,4,54221,5,Trauma,Moderate,5,51-60,3423,unknown
7864,19,e,1,X,4,gynecology,Q,E,2,81677,14,Emergency,Moderate,4,31-40,3813,31-40
5095,13,c,5,Z,3,gynecology,S,F,2,88196,4,Trauma,Moderate,6,51-60,4101,51-60
2972,10,b,2,X,3,gynecology,R,F,4,100634,8,Emergency,Minor,2,41-50,4411,unknown
4645,23,a,6,X,5,gynecology,R,F,3,25041,8,Trauma,Moderate,2,41-50,4460,21-30
632,17,a,7,Y,4,gynecology,S,C,3,64651,8,Emergency,Moderate,2,31-40,4515,0-10
8165,20,c,3,Z,3,gynecology,R,A,3,87779,8,Trauma,Moderate,2,51-60,3636,41-50
6845,32,f,9,Y,2,gynecology,S,B,2,32556,5,Emergency,Moderate,5,71-80,5166,51-60
4907,6,d,5,Z,4,gynecology,S,F,2,61355,8,Urgent,Moderate,3,31-40,6801,21-30
5487,9,e,1,X,3,gynecology,R,E,2,37746,8,Trauma,Moderate,2,71-80,6057,unknown
3243,23,a,9,Y,4,radiotherapy,Q,D,2,53648,8,Trauma,Moderate,2,41-50,5215,unknown
7552,23,a,1,X,1,gynecology,R,E,2,103000,4,Emergency,Moderate,2,41-50,4797,31-40
4960,26,b,2,Y,4,gynecology,R,D,4,106674,8,Urgent,Minor,6,31-40,3953,31-40
611,20,a,9,Y,3,gynecology,Q,B,3,26303,9,Emergency,Moderate,2,51-60,5048,unknown
7688,5,c,5,X,4,gynecology,R,F,3,76454,2,Emergency,Minor,4,unknown,4269,0-10
5518,2,c,3,Z,2,gynecology,S,A,4,65905,8,Emergency,Moderate,6,61-70,4799,31-40
1693,19,c,3,Z,3,gynecology,R,A,4,35267,8,Trauma,Moderate,2,31-40,2844,31-40
5424,14,c,5,Z,3,gynecology,S,F,4,50604,4,Trauma,Minor,4,41-50,5656,0-10
5387,27,b,11,X,3,gynecology,R,F,4,77437,1,Trauma,Moderate,3,21-30,3959,unknown
304,6,a,6,Z,2,gynecology,S,F,2,88217,9,Emergency,Moderate,2,31-40,3992,51-60
1207,28,e,11,X,4,gynecology,R,F,4,103433,1,Trauma,Moderate,2,41-50,5220,unknown
955,26,b,2,Y,7,gynecology,Q,D,4,27358,4,Trauma,Moderate,2,31-40,3833,21-30
6116,3,c,3,Z,4,radiotherapy,Q,A,2,23249,4,Trauma,Moderate,4,31-40,6240,31-40
8044,10,d,5,Z,4,anesthesia,R,F,4,66893,4,Urgent,Moderate,2,51-60,4003,unknown
7821,1,d,10,Y,4,gynecology,R,B,2,52722,8,Emergency,Moderate,3,unknown,5068,31-40
2630,28,b,11,X,3,gynecology,R,F,4,116197,14,Trauma,Moderate,2,41-50,3607,51-60
4528,12,c,5,Z,4,gynecology,S,F,4,24431,11,Trauma,Moderate,4,41-50,5117,31-40
4075,27,b,2,Z,3,radiotherapy,R,D,2,4882,1,Trauma,Moderate,2,61-70,4184,21-30
894,2,c,3,Z,3,gynecology,S,A,3,88665,9,Trauma,Moderate,4,71-80,4701,51-60
2046,20,c,3,Z,3,gynecology,Q,A,2,100419,8,Urgent,Moderate,3,41-50,4374,0-10
7027,11,e,2,X,3,gynecology,Q,D,2,31910,4,Trauma,Minor,2,41-50,5167,unknown
1983,20,a,7,Y,3,gynecology,S,C,4,34921,8,Trauma,Moderate,4,41-50,3926,31-40
2298,26,a,7,Y,4,anesthesia,Q,C,3,62689,8,Trauma,Moderate,4,81-90,6990,unknown
5762,25,b,2,Y,2,radiotherapy,R,D,4,42890,8,Trauma,Moderate,2,41-50,5234,31-40
4604,25,a,7,Y,4,gynecology,P,C,2,7413,8,Emergency,Moderate,6,31-40,3916,0-10
1703,1,c,5,Z,4,gynecology,S,F,3,71241,11,Trauma,Moderate,2,31-40,4608,21-30
9407,26,b,2,Y,4,gynecology,Q,D,2,67306,1,Trauma,Moderate,2,31-40,4182,51-60
5556,14,c,5,Z,4,anesthesia,Q,F,2,56762,8,Trauma,Moderate,2,41-50,7049,21-30
7783,26,e,1,X,2,gynecology,R,E,3,54006,8,Emergency,Minor,8,unknown,4951,unknown
365,25,e,1,X,4,radiotherapy,Q,E,3,31374,9,Emergency,Moderate,2,unknown,4920,unknown
3061,23,a,6,X,4,gynecology,R,F,2,58313,1,Trauma,Moderate,2,21-30,3873,21-30
305,14,c,3,Z,4,gynecology,S,F,2,86360,8,Urgent,Extreme,4,41-50,5644,21-30
2384,28,a,4,X,1,anesthesia,R,F,3,102296,8,Trauma,Moderate,6,71-80,5292,51-60
2702,26,b,2,Y,3,gynecology,R,D,2,10931,7,Emergency,Moderate,6,31-40,3805,71-80
2144,25,e,1,X,1,gynecology,Q,E,2,77255,4,Emergency,Moderate,4,31-40,4101,21-30
4966,10,b,2,Y,4,gynecology,Q,D,2,67398,8,Trauma,Moderate,2,unknown,4727,unknown
9367,27,a,4,X,3,gynecology,R,F,3,110908,1,Emergency,Moderate,3,41-50,4672,unknown
4923,9,a,1,X,4,anesthesia,Q,E,3,127537,8,Trauma,Minor,2,21-30,4713,unknown
4964,20,c,3,Z,7,anesthesia,Q,A,3,92277,4,Trauma,Moderate,4,61-70,4900,21-30
7491,17,a,1,X,2,gynecology,S,E,2,10555,8,Emergency,Moderate,2,81-90,2856,51-60
353,23,a,6,X,2,gynecology,Q,F,2,54967,8,Urgent,Extreme,2,41-50,6024,21-30
1197,26,b,11,Y,4,anesthesia,R,D,2,44378,8,Trauma,Moderate,3,41-50,3833,31-40
2344,32,f,9,Y,2,anesthesia,S,B,2,123226,8,Emergency,Moderate,2,21-30,5436,0-10
3846,29,e,6,X,4,gynecology,P,F,2,69912,14,Emergency,Minor,2,41-50,5761,21-30
675,6,a,6,X,4,gynecology,Q,F,2,32285,8,Trauma,Extreme,3,61-70,4594,21-30
8049,28,a,7,Y,3,gynecology,R,C,1,42921,8,Emergency,Moderate,4,41-50,4138,unknown
2665,10,a,13,Y,4,gynecology,Q,B,2,89927,2,Trauma,Moderate,2,51-60,5710,21-30
2531,3,c,5,Z,4,gynecology,S,F,4,35532,5,Trauma,Extreme,4,31-40,3873,51-60
1995,11,c,5,Z,2,gynecology,S,F,3,44772,4,Trauma,Moderate,4,71-80,5765,51-60
970,25,b,2,Y,3,gynecology,R,D,4,40651,1,Trauma,Moderate,3,41-50,4002,21-30
4906,23,a,1,X,3,gynecology,R,E,4,71149,2,Trauma,Extreme,14,71-80,5285,unknown
965,26,b,1,X,5,gynecology,S,E,3,9988,8,Trauma,Extreme,4,61-70,3318,unknown
5413,25,b,2,Y,5,radiotherapy,R,D,4,13844,2,Trauma,Moderate,4,31-40,5046,51-60
4140,13,c,5,Z,3,anesthesia,S,F,4,66032,8,Trauma,Moderate,2,41-50,4179,unknown
630,26,b,2,Y,4,TB & Chest disease,R,D,4,28904,8,Trauma,Moderate,2,51-60,4183,51-60
4572,27,b,11,X,4,gynecology,R,F,3,100812,8,Emergency,Moderate,3,31-40,3982,31-40
699,8,d,5,Z,3,gynecology,R,F,3,85708,8,Trauma,Minor,3,41-50,7788,unknown
7880,9,e,1,X,2,anesthesia,S,E,3,111210,8,Emergency,Minor,2,21-30,4866,unknown
760,23,a,4,X,4,gynecology,S,F,2,90538,1,Trauma,Moderate,2,61-70,5976,unknown
5860,13,e,1,X,4,radiotherapy,Q,E,3,89605,2,Urgent,Moderate,2,41-50,5437,21-30
1649,10,a,6,X,3,gynecology,S,E,3,124951,1,Trauma,Moderate,2,41-50,2988,21-30
6320,6,a,4,X,3,anesthesia,R,F,3,76166,8,Trauma,Minor,2,51-60,3601,31-40
2843,2,c,3,Z,3,anesthesia,R,F,3,77534,11,Emergency,Moderate,4,31-40,7079,61-70
4818,21,a,7,Y,4,gynecology,S,C,4,37281,8,Emergency,Extreme,4,21-30,3831,unknown
4772,19,a,7,Y,4,gynecology,S,C,2,86882,8,Emergency,Moderate,2,unknown,4727,31-40
8560,20,a,7,Y,4,radiotherapy,R,C,3,63313,8,Emergency,Moderate,3,21-30,2846,51-60
2094,2,c,5,Z,4,gynecology,S,F,2,118077,7,Trauma,Moderate,2,41-50,4879,31-40
3672,26,b,2,Y,3,radiotherapy,Q,D,3,100297,8,Emergency,Moderate,5,31-40,4844,31-40
3017,6,b,11,X,4,gynecology,R,F,2,32688,11,Emergency,Extreme,5,41-50,6378,21-30
6389,13,e,1,X,4,anesthesia,S,E,3,66171,1,Emergency,Moderate,2,31-40,4137,unknown
3081,10,c,3,Z,4,gynecology,Q,A,2,127359,8,Emergency,Moderate,4,31-40,5051,51-60
4345,18,c,3,Z,2,anesthesia,S,A,4,58873,8,Trauma,Moderate,4,41-50,3112,51-60
2021,11,b,2,Y,4,anesthesia,R,D,4,84918,8,Trauma,Minor,2,unknown,5147,21-30
566,14,a,6,X,4,gynecology,R,F,2,57717,1,Trauma,Moderate,5,71-80,3621,51-60
9701,9,d,13,Y,3,gynecology,R,B,1,37114,4,Emergency,Moderate,3,71-80,5003,31-40
1060,10,a,5,X,6,gynecology,S,F,2,66210,4,Trauma,Moderate,3,21-30,3661,unknown
3058,23,a,6,X,4,anesthesia,Q,F,4,60206,8,Trauma,Moderate,3,61-70,3507,31-40
5132,31,c,3,Z,2,anesthesia,R,F,4,51660,8,Trauma,Moderate,2,21-30,4344,31-40
5938,23,a,6,X,2,gynecology,R,F,4,44392,8,Trauma,Moderate,5,71-80,5358,unknown
5385,5,a,6,X,3,gynecology,R,F,4,91428,8,Trauma,Moderate,3,21-30,4920,31-40
4646,6,a,6,X,4,gynecology,R,F,2,66840,1,Emergency,Moderate,2,41-50,3225,21-30
2988,15,a,1,X,3,gynecology,R,E,4,114186,8,Trauma,Minor,12,unknown,3819,41-50
7682,28,a,7,Y,2,gynecology,R,C,3,31512,8,Urgent,Moderate,6,unknown,4142,31-40
7871,19,a,7,Y,1,gynecology,R,C,3,65968,8,Emergency,Moderate,4,71-80,4743,31-40
4148,26,b,2,Y,2,gynecology,S,D,2,10005,8,Emergency,Extreme,5,41-50,4241,More than 100 Days
2956,26,b,2,Y,3,gynecology,Q,D,3,30552,8,Emergency,Moderate,4,61-70,4096,51-60
637,26,b,2,Y,4,anesthesia,R,D,3,118184,8,Emergency,Moderate,3,41-50,3559,unknown
834,28,a,1,X,4,gynecology,R,F,2,57141,8,Urgent,Extreme,6,41-50,4887,unknown
4994,6,a,6,X,4,anesthesia,R,F,3,69395,8,Trauma,Moderate,2,71-80,6599,31-40
1862,18,c,4,X,4,gynecology,R,F,4,89731,1,Emergency,Moderate,4,41-50,6801,31-40
763,20,c,3,Z,3,gynecology,S,A,3,71859,8,Urgent,Moderate,3,41-50,4535,51-60
2925,19,a,7,Y,2,gynecology,S,C,4,66883,8,Trauma,Moderate,4,71-80,3149,51-60
5826,20,c,3,Z,4,gynecology,S,A,4,127349,8,Urgent,Moderate,2,41-50,6158,31-40
7273,23,a,6,X,4,gynecology,R,F,3,38208,9,Emergency,Moderate,2,41-50,3918,31-40
744,26,b,2,Y,7,gynecology,Q,D,3,78654,8,Trauma,Extreme,4,31-40,3137,31-40
5438,26,c,2,Y,2,gynecology,Q,D,2,87394,4,Trauma,Moderate,4,61-70,5448,21-30
6046,29,a,7,Y,3,gynecology,Q,C,4,38147,8,Emergency,Minor,2,31-40,4855,unknown
8502,20,c,3,Z,3,gynecology,R,A,2,60097,4,Trauma,Moderate,2,41-50,3355,21-30
7578,28,a,6,X,4,anesthesia,R,F,3,31644,1,Emergency,Minor,2,unknown,3288,21-30
7677,10,c,5,Z,2,anesthesia,S,F,4,35464,5,Emergency,Moderate,2,21-30,5038,31-40
4291,18,d,5,Z,3,gynecology,R,F,4,109299,4,Trauma,Minor,5,21-30,4219,unknown
8628,26,b,7,Y,2,gynecology,S,D,4,123344,8,Emergency,Minor,8,71-80,4905,31-40
7598,26,b,2,Y,2,gynecology,S,B,4,49582,9,Emergency,Moderate,2,41-50,3663,More than 100 Days
2775,11,d,5,Z,3,radiotherapy,S,F,2,45773,5,Trauma,Moderate,4,71-80,4462,unknown
433,14,e,1,X,4,gynecology,Q,E,2,90199,1,Trauma,Moderate,6,31-40,3923,41-50
4243,10,c,3,Z,2,gynecology,S,A,4,90131,1,Emergency,Moderate,6,41-50,3437,unknown
5422,11,g,5,Z,4,gynecology,Q,F,3,64645,9,Trauma,Moderate,4,61-70,5078,unknown
938,6,a,7,Y,4,gynecology,Q,C,2,90916,8,Emergency,Moderate,8,unknown,4613,unknown
5507,21,c,3,Z,4,gynecology,S,A,3,52703,8,Emergency,Moderate,4,41-50,6031,unknown
1086,26,b,2,Y,4,radiotherapy,T,D,4,31848,8,Urgent,Moderate,2,31-40,5258,unknown
338,19,a,1,X,4,anesthesia,R,E,2,10943,8,Urgent,Minor,4,41-50,5711,21-30
4998,5,a,6,X,4,gynecology,Q,F,1,93960,8,Trauma,Extreme,4,51-60,4479,21-30
903,5,a,6,X,4,gynecology,R,F,2,33900,8,Trauma,Moderate,2,61-70,2586,31-40
1884,26,b,2,Y,4,gynecology,Q,E,3,79733,8,Trauma,Moderate,4,41-50,5093,unknown
3678,30,d,9,Y,3,gynecology,S,B,3,131507,8,Trauma,Minor,2,41-50,5090,unknown
8230,26,b,2,Y,4,anesthesia,Q,D,4,8723,8,Trauma,Moderate,2,unknown,4525,31-40
5516,25,e,1,Y,3,radiotherapy,Q,E,3,124705,8,Trauma,Moderate,2,81-90,7044,unknown
1084,7,a,6,X,2,anesthesia,S,F,4,39835,2,Trauma,Moderate,3,51-60,3194,unknown
5970,27,b,11,X,4,gynecology,R,F,4,107906,2,Emergency,Minor,2,21-30,4679,21-30
7398,27,a,13,Y,3,gynecology,R,C,3,95971,8,Emergency,Extreme,4,31-40,4496,21-30
2619,28,b,11,X,2,gynecology,R,F,2,6564,1,Trauma,Moderate,8,41-50,3484,51-60
7095,32,f,9,Y,4,gynecology,S,B,4,34572,8,Emergency,Moderate,8,41-50,4350,31-40
7358,26,e,1,X,2,anesthesia,R,E,4,112090,8,Emergency,Moderate,4,71-80,5727,0-10
2305,28,b,11,Y,3,gynecology,R,D,2,37162,1,Trauma,Moderate,2,81-90,4177,41-50
5868,25,e,1,X,4,gynecology,Q,E,4,29999,8,Emergency,Minor,2,61-70,3090,unknown
8425,2,a,9,Y,3,radiotherapy,S,B,4,82447,8,Emergency,Moderate,3,61-70,3443,21-30
5694,20,c,3,Z,3,gynecology,S,A,2,81740,8,Emergency,Moderate,4,51-60,4155,31-40
2320,6,a,7,Y,4,radiotherapy,Q,C,2,28846,7,Trauma,Moderate,4,41-50,4305,21-30
7435,10,a,1,X,2,gynecology,Q,E,3,93907,8,Trauma,Moderate,4,unknown,4202,unknown
6832,26,a,7,Y,3,TB & Chest disease,S,C,3,28686,8,Trauma,Moderate,2,41-50,5431,21-30
2353,27,b,11,X,3,radiotherapy,R,F,3,34601,8,Trauma,Moderate,6,41-50,5497,51-60
955,2,c,5,Z,4,anesthesia,S,F,2,5385,8,Trauma,Moderate,3,41-50,2874,21-30
8413,5,a,6,X,4,anesthesia,Q,F,3,53068,8,Emergency,Moderate,2,51-60,6137,unknown
7681,27,b,2,Y,3,TB & Chest disease,R,D,4,88996,7,Emergency,Moderate,6,41-50,6667,51-60
6064,19,a,5,Y,3,gynecology,S,B,3,46590,7,Trauma,Moderate,6,61-70,3951,51-60
4570,6,a,6,Z,4,anesthesia,Q,F,4,29014,7,Trauma,Extreme,4,61-70,3900,31-40
2495,26,b,2,Y,2,radiotherapy,S,C,4,7049,8,Trauma,Moderate,8,41-50,3530,31-40
4853,4,c,3,Z,3,gynecology,S,A,4,56283,4,Trauma,Moderate,2,51-60,4919,41-50
903,28,a,7,Y,4,gynecology,Q,C,2,122955,2,Trauma,Moderate,4,61-70,4982,21-30
1027,10,b,2,Y,4,gynecology,R,D,2,107674,2,Trauma,Moderate,5,41-50,4249,51-60
1957,17,c,3,Z,2,gynecology,S,A,4,131507,8,Trauma,Moderate,2,51-60,5409,21-30
956,25,b,2,Y,4,anesthesia,P,D,3,41490,unknown,Trauma,Moderate,5,31-40,3962,61-70
9985,28,a,6,X,3,anesthesia,Q,F,4,104836,8,Trauma,Moderate,3,61-70,3879,41-50
4881,19,c,3,Y,2,radiotherapy,R,A,3,75224,8,Trauma,Moderate,3,41-50,5022,21-30
5081,26,b,2,Y,5,anesthesia,S,D,4,108055,8,Urgent,Moderate,3,21-30,4888,41-50
3617,26,b,2,Y,3,gynecology,Q,D,3,26942,8,Trauma,Moderate,2,31-40,5096,41-50
2188,8,e,1,X,4,gynecology,S,E,4,128219,1,Urgent,Minor,2,21-30,3855,unknown
5201,16,e,1,X,3,gynecology,S,E,3,110083,8,Emergency,Moderate,5,51-60,4017,31-40
9086,9,d,5,Z,4,gynecology,S,F,4,63144,8,Trauma,Moderate,2,21-30,6075,unknown
9463,26,e,9,Y,2,gynecology,S,B,3,79072,unknown,Urgent,Minor,3,71-80,4957,31-40
7856,21,d,2,Y,4,gynecology,Q,F,2,35353,8,Urgent,Moderate,4,31-40,4175,0-10
961,23,a,10,Y,3,gynecology,Q,F,2,27506,14,Emergency,Extreme,8,31-40,3966,51-60
1623,20,c,3,Z,3,gynecology,R,A,2,93918,8,Urgent,Moderate,2,41-50,3215,unknown
6687,27,b,11,X,3,gynecology,Q,F,4,55326,1,Trauma,Moderate,2,31-40,4445,21-30
9426,5,a,6,X,4,gynecology,Q,F,3,23781,8,Trauma,Moderate,4,41-50,2880,unknown
3123,6,a,4,X,3,anesthesia,R,F,4,92310,8,Trauma,Moderate,3,41-50,3378,21-30
8846,1,d,9,Y,4,gynecology,S,B,3,59691,8,Urgent,Moderate,2,61-70,4820,unknown
8598,11,a,7,Y,5,gynecology,Q,C,3,54842,8,Trauma,Moderate,4,81-90,4770,21-30
7974,3,c,3,Z,2,radiotherapy,S,A,4,44881,5,Trauma,Moderate,2,31-40,6942,unknown
1580,7,e,1,X,4,gynecology,Q,E,3,63353,unknown,Emergency,Extreme,2,41-50,2634,21-30
8006,26,b,2,Y,2,gynecology,S,D,4,28591,8,Trauma,Moderate,2,41-50,6333,31-40
3633,14,a,1,X,4,gynecology,Q,E,2,48101,8,Emergency,Moderate,8,21-30,3721,unknown
5771,10,a,9,Y,4,gynecology,Q,F,1,81967,5,Emergency,Extreme,2,41-50,5014,21-30
6024,3,c,3,Z,4,gynecology,S,A,3,55047,8,Emergency,Extreme,3,21-30,6005,21-30
5367,21,c,3,Z,2,gynecology,S,A,2,64897,8,Trauma,Moderate,6,41-50,5276,51-60
2209,31,f,9,Y,2,gynecology,S,B,2,120312,7,Emergency,Moderate,3,41-50,4678,More than 100 Days
3601,20,a,9,Y,2,gynecology,S,C,2,123237,8,Emergency,Moderate,5,41-50,4260,21-30
7982,2,d,5,Z,4,TB & Chest disease,S,F,2,30961,4,Emergency,Moderate,2,31-40,5268,unknown
2093,27,a,4,X,4,gynecology,R,F,4,32656,1,Emergency,Moderate,6,61-70,4619,unknown
5023,31,c,3,Z,2,gynecology,S,B,4,61035,8,Urgent,Moderate,4,31-40,4869,51-60
862,14,c,5,Z,3,gynecology,Q,F,2,25353,4,Emergency,Moderate,4,unknown,3680,unknown
3726,27,a,6,X,3,gynecology,R,F,3,78591,8,Trauma,Moderate,3,71-80,4737,21-30
9772,10,d,5,Z,2,gynecology,S,F,3,50291,1,Emergency,Moderate,4,61-70,6199,71-80
8300,10,b,2,Y,3,radiotherapy,Q,D,3,35625,8,Urgent,Extreme,2,61-70,5185,unknown
3292,26,b,1,X,4,gynecology,R,E,2,83438,8,Emergency,Moderate,6,41-50,4530,51-60
7616,19,a,7,Y,5,gynecology,Q,C,1,33751,8,Emergency,Extreme,5,41-50,3382,21-30
6642,14,e,1,X,4,radiotherapy,S,E,3,86967,8,Trauma,Minor,3,41-50,4319,51-60
5581,31,c,13,Y,4,gynecology,S,F,2,46242,2,Trauma,Moderate,4,41-50,3751,21-30
8323,25,e,1,X,3,gynecology,R,E,3,9808,8,Trauma,Moderate,2,41-50,4972,81-90
5272,32,f,9,Y,2,gynecology,S,B,2,61750,8,Trauma,Moderate,2,71-80,6428,51-60
5591,10,a,1,X,4,gynecology,Q,E,2,83097,8,Trauma,Moderate,2,41-50,4157,51-60
5088,26,b,2,Y,3,gynecology,R,D,3,97359,2,Trauma,Moderate,4,21-30,4883,21-30
6825,19,a,7,Y,3,gynecology,R,C,4,32594,8,Emergency,Moderate,6,41-50,3397,unknown
7114,26,e,1,X,4,anesthesia,R,E,3,58192,8,Trauma,Moderate,2,61-70,4150,91-100
910,2,f,9,Y,2,gynecology,S,B,4,112198,2,Trauma,Minor,2,41-50,5260,unknown
912,6,a,1,X,4,gynecology,Q,E,1,82856,14,Trauma,Extreme,4,71-80,4717,21-30
8001,6,b,11,X,2,anesthesia,R,F,4,75543,1,Trauma,Minor,8,71-80,4526,More than 100 Days
3197,5,a,6,X,3,gynecology,Q,E,4,51014,11,Trauma,Extreme,4,61-70,3305,31-40
2765,23,a,4,X,3,gynecology,R,F,3,41686,8,Trauma,Moderate,2,31-40,4858,unknown
9887,12,b,9,Y,3,gynecology,Q,B,4,48922,8,Trauma,Moderate,2,41-50,5109,21-30
5627,28,b,11,X,4,gynecology,Q,D,2,95121,8,Trauma,Moderate,4,41-50,4138,51-60
972,26,b,2,Y,4,radiotherapy,Q,D,4,65478,8,Emergency,Moderate,4,41-50,3742,More than 100 Days
5225,19,a,7,Y,4,gynecology,Q,C,2,72965,8,Emergency,Moderate,4,41-50,3783,21-30
7759,14,a,1,X,4,anesthesia,Q,E,3,13023,4,Trauma,Moderate,12,31-40,4719,unknown
3450,27,b,2,Y,4,gynecology,R,F,3,97347,8,Emergency,Minor,3,21-30,6553,31-40
2012,26,b,2,Y,5,anesthesia,Q,D,4,7707,8,Trauma,Moderate,3,51-60,4972,31-40
2572,9,d,13,Y,3,gynecology,Q,D,1,82721,2,Trauma,Moderate,4,61-70,5344,51-60
2654,19,b,7,Y,2,gynecology,P,C,2,7887,8,Emergency,Moderate,4,41-50,4236,unknown
810,26,b,2,X,4,gynecology,R,D,4,55275,8,Trauma,Moderate,2,51-60,5231,51-60
921,6,a,6,X,4,gynecology,Q,F,2,64929,11,Trauma,Moderate,2,61-70,4241,91-100
8304,28,b,4,X,4,gynecology,R,F,3,69942,8,Emergency,Moderate,5,21-30,4021,0-10
2459,19,c,3,Z,3,gynecology,Q,F,3,122471,8,Trauma,Moderate,6,41-50,6234,unknown
5901,2,d,9,Z,3,gynecology,S,B,3,96525,8,Trauma,Moderate,4,51-60,5037,41-50
3095,26,b,2,Y,7,gynecology,S,D,4,78510,8,Emergency,Minor,4,71-80,4278,31-40
4286,10,e,1,X,3,gynecology,S,E,1,9083,10,Emergency,Moderate,2,21-30,4957,unknown
6241,28,a,4,X,2,gynecology,R,F,4,46707,8,Trauma,Minor,8,71-80,5175,51-60
7842,26,b,2,Y,1,radiotherapy,S,D,2,35890,8,Trauma,Moderate,8,61-70,5588,81-90
2731,7,e,1,X,2,gynecology,S,E,3,30118,8,Emergency,Moderate,2,31-40,4582,51-60
5693,26,b,7,Y,4,gynecology,S,D,2,61694,8,Trauma,Moderate,4,41-50,3733,51-60
2641,26,b,2,Y,3,radiotherapy,S,D,3,81204,8,Emergency,Moderate,4,71-80,3988,More than 100 Days
5573,6,a,6,X,3,gynecology,Q,F,2,82849,14,Emergency,Minor,8,unknown,3345,More than 100 Days
4880,3,c,3,Z,2,anesthesia,R,F,3,12347,7,Trauma,Minor,5,71-80,3822,51-60
3406,19,c,3,Z,2,anesthesia,R,A,3,57541,4,Trauma,Moderate,2,71-80,6341,21-30
346,25,e,7,Y,4,gynecology,R,D,4,57563,unknown,Emergency,Minor,2,31-40,4687,31-40
4724,28,a,4,X,3,gynecology,R,F,3,40019,8,Trauma,Moderate,2,41-50,4047,21-30
7753,6,a,6,X,4,gynecology,R,F,3,66433,2,Emergency,Minor,2,unknown,4740,21-30
5527,15,a,7,X,4,gynecology,S,B,2,69257,11,Emergency,Moderate,2,31-40,4349,21-30
4083,10,a,1,X,3,gynecology,S,E,3,24253,8,Emergency,Minor,3,51-60,4440,31-40
9780,9,a,7,Y,8,gynecology,P,C,4,99963,8,Trauma,Moderate,4,71-80,4991,31-40
4453,10,b,2,Y,4,gynecology,Q,D,3,123656,unknown,Emergency,Moderate,3,31-40,5030,unknown
4144,3,c,3,Z,3,gynecology,R,A,2,120890,5,Urgent,Moderate,2,61-70,6880,31-40
273,19,c,3,Z,3,gynecology,S,F,2,68154,5,Emergency,Moderate,2,41-50,2971,unknown
4489,26,b,2,Y,1,anesthesia,S,D,4,43118,8,Trauma,Moderate,5,41-50,6910,More than 100 Days
5698,6,a,6,X,1,anesthesia,R,F,4,41204,8,Emergency,Extreme,2,41-50,4840,31-40
3219,31,c,3,Z,2,anesthesia,S,A,4,108196,8,Trauma,Moderate,2,71-80,4509,31-40
4378,26,b,2,Y,4,radiotherapy,R,D,3,125415,unknown,Trauma,Moderate,4,71-80,4478,21-30
5086,26,a,7,Y,2,anesthesia,S,C,3,6306,8,Trauma,Moderate,2,31-40,6088,21-30
5791,9,b,2,Y,3,gynecology,R,F,4,68408,unknown,Emergency,Moderate,2,31-40,4776,0-10
7777,18,a,7,Y,4,gynecology,Q,C,1,10242,8,Emergency,Moderate,3,31-40,7216,0-10
2350,26,b,2,Y,2,gynecology,R,D,2,98268,8,Trauma,Moderate,6,41-50,4245,51-60
2531,3,a,2,Y,7,gynecology,Q,B,4,91856,8,Trauma,Moderate,2,31-40,4750,31-40
5602,18,a,7,Y,5,gynecology,P,C,2,126712,8,Emergency,Moderate,2,61-70,3190,21-30
1190,31,f,9,Y,2,gynecology,S,B,2,102597,unknown,Emergency,Moderate,2,41-50,3643,51-60
2269,25,b,2,Y,2,gynecology,S,D,3,69756,8,Trauma,Moderate,6,71-80,6116,51-60
1657,27,b,11,X,4,anesthesia,R,F,4,24619,1,Trauma,Moderate,3,61-70,3989,unknown
2170,15,a,5,Z,7,gynecology,Q,F,4,25369,8,Trauma,Moderate,2,61-70,5222,21-30
1941,21,a,7,Y,3,gynecology,R,C,3,29630,8,Emergency,Moderate,4,41-50,3948,51-60
6048,28,a,4,X,2,gynecology,S,F,2,101737,unknown,Trauma,Moderate,2,31-40,7435,unknown
1895,6,a,6,X,5,gynecology,Q,F,4,56504,2,Trauma,Moderate,3,41-50,3464,31-40
6340,19,a,7,Y,5,anesthesia,S,C,2,50971,8,Emergency,Moderate,2,51-60,4919,31-40
967,23,a,6,X,4,gynecology,Q,E,2,51642,9,Trauma,Moderate,4,41-50,4492,31-40
1755,3,c,5,Z,2,gynecology,S,F,3,119604,8,Trauma,Moderate,5,61-70,4759,More than 100 Days
889,5,a,6,X,4,gynecology,Q,F,3,110552,10,Trauma,Extreme,2,31-40,5310,unknown
840,10,c,5,Z,3,gynecology,R,F,2,93033,23,Urgent,Moderate,4,41-50,3816,0-10
9055,18,a,9,Y,4,gynecology,S,B,3,25108,8,Emergency,Minor,2,71-80,3505,0-10
1745,28,a,7,Y,4,gynecology,Q,C,1,92036,8,Trauma,Extreme,4,41-50,4526,unknown
2279,26,b,2,Y,6,gynecology,S,D,2,22910,8,Trauma,Moderate,5,41-50,4858,31-40
9649,18,e,1,X,3,gynecology,S,E,2,54199,7,Trauma,Moderate,8,41-50,4667,51-60
853,17,a,7,Y,4,radiotherapy,Q,C,1,79440,8,Trauma,Moderate,3,41-50,3744,unknown
5223,1,c,5,Z,3,gynecology,R,F,2,54596,8,Trauma,Moderate,4,41-50,5802,21-30
809,23,a,1,X,1,radiotherapy,R,E,4,62505,9,Trauma,Moderate,2,71-80,4268,51-60
2594,23,a,1,X,3,gynecology,R,E,2,94601,1,Trauma,Extreme,2,41-50,3816,21-30
945,23,a,6,X,4,gynecology,Q,F,3,23790,2,Trauma,Moderate,3,41-50,4627,21-30
1045,11,g,9,Y,2,radiotherapy,Q,B,2,29273,8,Trauma,Moderate,2,81-90,5607,21-30
4541,26,b,2,Y,4,gynecology,Q,D,2,33583,8,Emergency,Moderate,4,31-40,5237,31-40
1963,19,c,3,Z,2,gynecology,S,A,4,94850,5,Emergency,Moderate,2,71-80,3632,51-60
2716,14,a,5,Z,4,gynecology,S,F,3,104602,2,Trauma,Moderate,2,unknown,5025,unknown
5747,23,a,5,X,3,gynecology,S,F,3,93698,8,Urgent,Moderate,2,unknown,4126,71-80
6331,27,a,4,X,4,gynecology,R,F,3,85438,2,Emergency,Moderate,2,81-90,3214,51-60
4495,19,d,5,Z,4,radiotherapy,R,F,3,120596,8,Trauma,Moderate,2,41-50,3343,21-30
5111,9,d,5,Z,3,gynecology,Q,F,3,14680,8,Emergency,Moderate,2,41-50,4965,unknown
5048,20,f,3,Y,2,anesthesia,S,A,2,93314,8,Emergency,Moderate,2,unknown,4979,unknown
8266,6,a,1,X,4,gynecology,Q,E,3,35310,8,Emergency,Moderate,2,41-50,4415,unknown
4908,18,a,1,X,4,gynecology,S,E,2,81808,10,Trauma,Extreme,3,41-50,5574,31-40
2260,26,b,7,Y,4,gynecology,Q,D,3,124323,8,Emergency,Moderate,4,21-30,4962,31-40
9772,8,d,10,Y,3,gynecology,T,B,1,36030,8,Trauma,Extreme,4,31-40,3466,31-40
4101,13,b,2,Y,4,anesthesia,R,D,2,63055,8,Trauma,Minor,3,41-50,6838,51-60
5185,26,g,9,Y,3,gynecology,S,B,2,7943,8,Emergency,Moderate,8,51-60,4685,31-40
9124,22,a,6,X,3,gynecology,Q,F,unknown,76003,1,Trauma,Moderate,2,41-50,5158,unknown
930,29,b,11,X,2,anesthesia,R,D,3,121136,8,Emergency,Moderate,6,41-50,3328,61-70
4981,20,a,7,Y,4,gynecology,S,C,2,58243,8,Emergency,Moderate,2,51-60,4982,unknown
1969,14,a,7,X,4,gynecology,Q,F,3,30712,23,Trauma,Extreme,4,31-40,3402,21-30
4899,20,c,3,Z,4,gynecology,R,A,2,108856,9,Emergency,Moderate,3,41-50,4576,unknown
328,32,f,9,Y,3,gynecology,S,B,2,55179,7,Emergency,Extreme,8,61-70,2851,More than 100 Days
6911,2,g,9,Y,4,gynecology,R,B,2,26936,8,Trauma,Moderate,3,51-60,5793,31-40
9311,6,a,6,X,2,gynecology,R,F,2,34904,10,Trauma,Moderate,2,81-90,4179,21-30
840,26,b,2,Y,2,gynecology,R,D,2,37795,8,Trauma,Extreme,3,41-50,5116,21-30
7817,23,c,5,Z,4,gynecology,R,F,4,11079,8,Urgent,Moderate,2,81-90,6483,21-30
5302,1,d,5,Z,2,gynecology,T,F,3,32921,10,Emergency,Moderate,4,41-50,4195,51-60
901,13,a,1,X,4,gynecology,Q,E,2,128032,10,Trauma,Moderate,4,71-80,3663,unknown
510,23,a,1,X,4,gynecology,R,F,4,109692,8,Trauma,Extreme,2,41-50,4952,21-30
2386,26,b,2,Y,4,gynecology,R,D,4,78717,7,Emergency,Minor,4,21-30,3941,51-60
5272,19,a,1,Y,4,gynecology,Q,C,3,26708,8,Trauma,Moderate,2,51-60,4636,unknown
4621,9,e,1,X,4,gynecology,S,E,2,66934,10,Trauma,Extreme,3,41-50,3238,41-50
8372,8,b,2,Y,3,TB & Chest disease,R,D,2,56731,10,Emergency,Moderate,3,41-50,4975,21-30
7497,23,a,6,X,2,radiotherapy,R,E,2,62552,8,Trauma,Moderate,3,51-60,5960,71-80
3732,31,c,5,Z,2,gynecology,S,F,2,69479,4,Trauma,Moderate,2,61-70,4944,More than 100 Days
1174,12,a,1,X,3,TB & Chest disease,S,F,3,104360,11,Trauma,Moderate,4,21-30,4917,51-60
715,20,c,3,Z,3,anesthesia,S,A,4,60499,8,Urgent,Moderate,2,41-50,5993,31-40
9323,13,e,1,X,4,gynecology,Q,E,4,123152,7,Trauma,Minor,3,41-50,2811,unknown
6404,6,a,4,X,3,gynecology,R,F,2,82849,1,Trauma,Moderate,2,41-50,5496,71-80
346,28,a,4,X,4,gynecology,R,F,2,8161,7,Urgent,Moderate,3,41-50,5511,0-10
8046,10,g,9,Y,3,gynecology,R,B,3,27615,14,Trauma,Moderate,3,41-50,5042,71-80
7199,14,c,5,Z,2,gynecology,S,F,4,7504,9,Emergency,Moderate,2,41-50,6922,21-30
9781,26,g,2,Y,2,gynecology,S,D,4,67017,8,Trauma,Moderate,4,61-70,4319,21-30
7725,28,a,7,Y,4,gynecology,Q,C,2,125263,8,Trauma,Moderate,2,61-70,4756,21-30
442,19,a,7,X,2,gynecology,Q,C,1,83167,8,Emergency,Extreme,4,71-80,4733,21-30
5097,27,a,1,X,3,TB & Chest disease,R,E,3,77395,1,Trauma,Extreme,3,31-40,4726,unknown
7291,26,b,1,Y,4,gynecology,Q,D,3,13575,10,Trauma,Moderate,3,71-80,3535,unknown
4467,1,c,3,Z,4,gynecology,R,A,4,110843,11,Emergency,Moderate,3,31-40,3477,41-50
4947,20,c,3,Z,5,gynecology,Q,A,2,64321,9,Trauma,Moderate,8,41-50,3273,unknown
965,1,d,10,Y,3,gynecology,R,B,2,7650,4,Trauma,Moderate,2,51-60,4636,21-30
4525,29,a,4,X,3,gynecology,R,F,2,7259,1,Trauma,Moderate,2,41-50,4380,71-80
9712,28,b,13,Y,3,gynecology,R,B,2,126442,8,Trauma,Extreme,2,71-80,4068,71-80
611,26,b,2,X,4,gynecology,Q,D,1,107803,1,Emergency,Extreme,2,41-50,3605,unknown
9499,19,a,9,X,3,radiotherapy,R,E,2,22723,8,Urgent,Moderate,3,41-50,4641,21-30
5018,27,b,11,X,4,gynecology,R,F,3,126570,7,Trauma,Extreme,4,61-70,4136,71-80
4663,9,e,1,X,3,gynecology,S,E,4,80935,2,Emergency,Minor,4,41-50,3617,unknown
2701,32,c,3,Y,4,anesthesia,Q,A,4,97259,8,Trauma,Moderate,2,31-40,4932,41-50
411,12,b,2,Y,4,gynecology,Q,D,2,129577,8,Emergency,Moderate,5,71-80,5275,unknown
793,26,a,7,Y,3,gynecology,S,C,3,93151,8,Trauma,Extreme,5,71-80,3889,More than 100 Days
4168,23,a,6,X,4,gynecology,Q,F,2,85774,8,Trauma,Moderate,2,61-70,2770,21-30
6175,23,a,6,X,2,anesthesia,R,F,3,90551,8,Trauma,Moderate,11,51-60,4614,91-100
5719,13,a,1,X,3,gynecology,Q,E,3,25022,8,Trauma,Extreme,4,61-70,3621,21-30
8184,14,a,1,X,2,gynecology,S,E,4,71285,8,Emergency,Minor,2,61-70,5755,More than 100 Days
2484,26,b,2,Y,4,gynecology,Q,D,2,93389,8,Urgent,Moderate,3,71-80,5084,31-40
6944,26,b,2,Y,1,anesthesia,Q,D,3,127733,8,Trauma,Moderate,4,91-100,4962,31-40
9870,6,a,6,X,4,gynecology,R,F,3,102533,8,Trauma,Moderate,11,21-30,5144,81-90
4676,9,d,9,Z,2,anesthesia,R,B,4,129266,4,Emergency,Moderate,2,41-50,5236,31-40
4760,26,b,2,Y,3,anesthesia,Q,D,4,75313,8,Trauma,Moderate,11,61-70,4926,More than 100 Days
2007,27,b,11,X,3,gynecology,R,F,2,32613,2,Trauma,Extreme,2,41-50,4801,21-30
6846,28,a,4,X,3,gynecology,R,F,4,33333,8,Trauma,Minor,3,61-70,5815,51-60
2729,10,c,5,Z,4,gynecology,S,F,4,104049,7,Emergency,Moderate,2,81-90,4857,0-10
5331,23,a,6,X,4,radiotherapy,Q,E,2,72010,14,Trauma,Moderate,2,31-40,4714,21-30
1141,6,c,5,X,3,gynecology,Q,F,3,70876,7,Trauma,Moderate,3,21-30,5258,51-60
7803,27,a,4,X,2,gynecology,R,F,3,68600,8,Emergency,Extreme,2,unknown,3269,unknown
9954,10,d,5,Z,3,gynecology,S,F,4,128533,4,Trauma,Minor,2,unknown,5136,unknown
860,10,d,5,Z,2,anesthesia,S,F,4,44883,5,Emergency,Extreme,2,21-30,4015,31-40
6019,26,a,1,X,3,gynecology,R,F,4,33911,7,Urgent,Moderate,2,41-50,6254,unknown
4814,8,e,1,X,4,gynecology,Q,E,4,90343,7,Emergency,Moderate,2,21-30,2723,31-40
1689,18,a,7,Y,3,gynecology,R,C,2,123602,8,Emergency,Moderate,6,41-50,6598,51-60
674,10,a,9,Y,3,gynecology,S,B,4,42138,8,Trauma,Moderate,3,41-50,5805,31-40
4870,11,c,5,Z,7,gynecology,S,F,4,68857,4,Trauma,Moderate,4,41-50,3398,0-10
1078,26,b,2,Y,4,anesthesia,Q,D,1,39892,8,Emergency,Extreme,4,41-50,4721,31-40
9616,25,b,2,Y,4,gynecology,R,D,4,22721,8,Emergency,Moderate,4,31-40,5454,41-50
1158,14,a,6,X,3,gynecology,R,F,3,28946,8,Emergency,Minor,4,51-60,6429,31-40
762,6,a,6,X,3,gynecology,S,F,4,42149,8,Trauma,Minor,2,unknown,4715,21-30
6440,26,b,2,Y,4,gynecology,Q,D,3,89929,8,Trauma,Moderate,2,41-50,3661,41-50
633,12,e,1,X,2,anesthesia,R,E,4,99175,8,Urgent,Moderate,2,71-80,3691,51-60
1972,28,a,6,X,5,gynecology,R,F,3,12051,15,Trauma,Moderate,2,71-80,5093,0-10
7396,10,b,5,Z,4,gynecology,R,F,2,105256,4,Trauma,Moderate,2,31-40,4197,21-30
2036,5,a,6,X,3,anesthesia,R,F,4,70817,1,Trauma,Moderate,5,41-50,3891,51-60
3073,27,a,4,X,3,gynecology,R,F,2,51356,1,Urgent,Moderate,2,51-60,4901,unknown
7936,27,a,7,Y,3,gynecology,P,C,3,37075,8,Trauma,Moderate,6,71-80,5045,More than 100 Days
5567,10,d,9,Y,4,gynecology,Q,B,2,32699,14,Emergency,Extreme,3,31-40,4718,unknown
597,23,a,4,X,3,gynecology,R,F,2,43532,22,Trauma,Extreme,6,61-70,4257,51-60
5087,27,b,11,X,3,gynecology,R,F,2,62667,1,Trauma,Moderate,6,41-50,4225,51-60
5199,25,b,2,Y,2,gynecology,P,D,4,39506,8,Trauma,Minor,2,51-60,5164,31-40
799,5,a,6,X,4,gynecology,Q,F,2,107532,9,Urgent,Moderate,2,21-30,3857,31-40
2327,28,b,2,Y,4,gynecology,R,D,4,12644,5,Trauma,Minor,8,41-50,5062,21-30
5806,27,b,11,Y,4,gynecology,R,F,2,49392,8,Emergency,Extreme,6,31-40,3447,51-60
8315,26,e,2,Y,4,gynecology,Q,C,3,111307,8,Trauma,Extreme,3,unknown,5193,21-30
5001,21,c,3,Z,4,gynecology,R,A,3,66893,8,Trauma,Moderate,2,31-40,3696,31-40
5719,11,b,11,X,3,anesthesia,R,F,4,35499,4,Emergency,Moderate,3,unknown,6470,51-60
845,19,a,7,Y,3,gynecology,Q,C,2,80543,8,Emergency,Extreme,6,71-80,2864,51-60
4680,26,b,2,Y,4,radiotherapy,R,D,3,91881,8,Emergency,Moderate,2,81-90,4862,unknown
4688,5,e,1,X,3,gynecology,S,E,3,99534,9,Trauma,Moderate,2,41-50,5723,unknown
5392,26,b,7,Y,4,gynecology,Q,C,2,100587,8,Trauma,Moderate,2,81-90,5088,21-30
8381,20,a,7,Y,4,gynecology,R,C,2,122452,8,Urgent,Moderate,3,21-30,5338,unknown
3620,19,b,13,Y,4,gynecology,Q,D,2,103935,8,Emergency,Moderate,3,21-30,3789,31-40
4869,26,b,11,X,3,gynecology,R,F,3,111888,1,Trauma,Moderate,6,61-70,3728,51-60
749,11,b,11,Z,3,gynecology,S,D,4,37415,4,Trauma,Moderate,2,21-30,3210,31-40
4829,6,a,6,X,4,gynecology,Q,F,4,73874,4,Trauma,Moderate,8,71-80,2658,21-30
435,18,c,3,Z,4,gynecology,S,A,4,63240,8,Trauma,Moderate,2,31-40,4582,unknown
4478,32,f,9,Y,2,gynecology,S,B,3,113109,8,Emergency,Moderate,6,51-60,6866,0-10
2551,2,a,3,Y,3,radiotherapy,R,B,2,53519,8,Trauma,Moderate,2,unknown,5004,unknown
667,26,b,2,X,3,gynecology,Q,F,3,84035,2,Emergency,Moderate,12,41-50,4019,31-40
5278,10,c,5,Z,4,gynecology,S,F,4,34054,9,Trauma,Moderate,4,41-50,4488,51-60
3079,23,e,1,X,6,gynecology,Q,E,3,61262,8,Trauma,Extreme,8,41-50,3852,21-30
5980,21,c,7,Y,7,gynecology,R,A,3,64717,8,Trauma,Moderate,3,41-50,3619,21-30
2177,26,b,2,Y,3,gynecology,R,D,3,13343,8,Emergency,Moderate,3,41-50,3355,unknown
1730,32,a,9,Y,4,gynecology,S,B,4,26647,8,Emergency,Moderate,2,41-50,4980,unknown
5281,23,a,1,X,1,gynecology,R,F,2,85639,9,Trauma,Moderate,2,41-50,4863,unknown
758,28,a,6,X,3,gynecology,R,F,3,30487,7,Trauma,Moderate,4,41-50,4138,71-80
4867,11,a,1,X,3,gynecology,Q,E,4,11198,1,Emergency,Moderate,2,21-30,3055,unknown
4569,18,e,1,Z,2,gynecology,S,E,2,32199,5,Emergency,Moderate,2,41-50,5268,71-80
9347,19,a,1,X,4,gynecology,Q,E,3,25971,8,Urgent,Moderate,5,21-30,3380,unknown
4376,2,c,5,Z,2,gynecology,S,F,2,92420,5,Trauma,Moderate,2,41-50,3730,51-60
4560,6,a,1,X,3,gynecology,R,F,3,14519,8,Trauma,Moderate,2,61-70,4996,unknown
240,32,c,3,Z,2,gynecology,S,A,2,97160,8,Trauma,Moderate,3,41-50,5322,21-30
5377,31,f,9,Y,2,gynecology,S,B,4,50527,8,Emergency,Extreme,5,unknown,4493,More than 100 Days
4405,22,a,6,X,4,gynecology,Q,F,3,37189,8,Trauma,Moderate,2,51-60,4854,unknown
6145,26,b,2,Y,2,anesthesia,Q,D,4,66712,8,Trauma,Moderate,2,71-80,5890,21-30
4477,19,a,7,Y,4,gynecology,Q,C,2,121414,23,Emergency,Moderate,4,51-60,4166,31-40
7731,11,b,2,Y,3,gynecology,S,D,4,31669,4,Trauma,Moderate,2,61-70,5251,21-30
4139,23,a,6,X,4,gynecology,R,F,2,11333,1,Urgent,Moderate,3,61-70,3921,51-60
2873,13,a,1,X,4,gynecology,S,E,2,88216,8,Trauma,Extreme,7,61-70,4134,21-30
2256,28,b,11,X,4,radiotherapy,R,F,2,67692,5,Emergency,Moderate,2,41-50,5036,0-10
7751,19,a,7,Y,2,gynecology,P,C,2,108178,8,Trauma,Moderate,2,71-80,5291,51-60
5210,10,a,1,X,3,gynecology,Q,E,3,36336,8,Emergency,Minor,2,31-40,6776,unknown
1099,10,d,6,X,4,gynecology,Q,F,4,126654,8,Emergency,Minor,4,21-30,4819,unknown
4859,7,e,1,X,4,gynecology,Q,E,3,81261,9,Emergency,Minor,2,21-30,5061,unknown
5085,19,c,3,Z,4,gynecology,R,A,3,39675,8,Trauma,Minor,3,31-40,3889,31-40
8153,26,b,2,Y,2,TB & Chest disease,S,D,4,59602,8,Emergency,Minor,8,51-60,4958,31-40
1448,23,c,5,Z,4,gynecology,Q,F,2,110857,5,Urgent,Moderate,4,31-40,3746,31-40
7565,1,b,2,Y,3,TB & Chest disease,S,D,3,122694,unknown,Trauma,Moderate,3,21-30,6983,unknown
884,6,a,5,Z,4,gynecology,Q,F,2,84985,4,Trauma,Moderate,4,41-50,3490,51-60
4942,28,a,4,X,3,gynecology,R,F,3,58759,8,Trauma,Moderate,6,41-50,3252,51-60
519,25,b,2,Y,3,gynecology,S,D,2,55363,8,Trauma,Moderate,4,51-60,6390,51-60
442,10,d,9,Y,3,TB & Chest disease,Q,B,4,31565,9,Trauma,Moderate,2,21-30,4414,0-10
941,14,c,5,X,4,anesthesia,S,F,2,123604,1,Trauma,Moderate,3,41-50,6312,31-40
2585,23,a,1,X,2,gynecology,R,E,2,67342,8,Trauma,Moderate,6,71-80,4851,More than 100 Days
5801,32,c,3,Z,4,gynecology,R,A,3,46658,9,Trauma,Moderate,2,41-50,7163,31-40
6167,5,a,7,Y,3,gynecology,S,C,3,21924,2,Emergency,Moderate,2,81-90,6234,21-30
5281,23,a,6,X,4,anesthesia,Q,F,unknown,42096,14,Trauma,Moderate,2,51-60,3063,21-30
1227,2,g,9,Y,3,gynecology,R,C,3,75112,8,Trauma,Moderate,4,31-40,4914,21-30
3558,11,d,5,Z,2,radiotherapy,S,F,4,99944,1,Urgent,Moderate,8,41-50,4177,unknown
4604,1,c,5,Z,3,gynecology,S,F,2,86846,22,Urgent,Moderate,4,71-80,4758,51-60
2566,28,b,5,Z,3,gynecology,S,F,4,73259,1,Trauma,Moderate,3,51-60,4124,51-60
3717,27,b,2,X,3,gynecology,S,F,4,124694,8,Urgent,Moderate,4,31-40,4865,31-40
661,22,c,5,Z,2,radiotherapy,R,F,4,9325,14,Emergency,Moderate,2,21-30,4985,unknown
2224,5,a,7,X,4,gynecology,Q,F,4,60323,8,Urgent,Moderate,6,31-40,4160,71-80
7284,23,a,1,X,2,gynecology,R,E,4,54443,1,Trauma,Moderate,2,41-50,3838,unknown
3673,23,a,1,X,4,gynecology,Q,E,2,50233,8,Emergency,Moderate,4,41-50,4114,unknown
2281,26,a,7,Y,2,gynecology,R,E,2,37384,1,Emergency,Extreme,2,81-90,3772,81-90
5432,6,a,6,X,2,gynecology,R,F,2,30487,2,Emergency,Moderate,2,41-50,3923,unknown
4916,28,a,4,X,3,gynecology,R,F,3,25819,1,Emergency,Moderate,2,21-30,4153,21-30
4754,10,c,1,X,4,gynecology,S,E,2,126227,11,Urgent,Moderate,4,41-50,3826,51-60
1075,25,b,2,Y,4,radiotherapy,Q,D,1,94922,8,Trauma,Extreme,4,41-50,3892,31-40
5757,14,a,1,X,3,anesthesia,R,F,3,78467,8,Trauma,Moderate,2,31-40,5245,unknown
4328,2,c,5,Z,3,gynecology,S,F,3,13067,5,Emergency,Moderate,3,61-70,4765,51-60
4854,32,f,9,Y,3,radiotherapy,S,B,2,89459,unknown,Emergency,Moderate,6,41-50,3277,51-60
7544,31,c,9,Z,2,gynecology,S,B,1,96115,8,Trauma,Extreme,4,71-80,3671,51-60
5549,2,a,5,Y,4,gynecology,R,B,2,71799,8,Trauma,Moderate,2,31-40,5336,21-30
9580,28,a,6,X,4,gynecology,R,F,3,13418,8,Trauma,Moderate,3,41-50,5496,21-30
723,25,e,1,X,1,gynecology,R,E,3,62934,8,Emergency,Extreme,8,81-90,3859,21-30
5490,26,b,2,Y,2,anesthesia,R,D,4,35720,8,Urgent,Moderate,2,21-30,5539,21-30
1808,6,a,6,X,4,surgery,R,F,4,56062,8,Urgent,Moderate,3,51-60,4688,31-40
644,27,b,11,X,3,gynecology,R,D,4,72639,8,Trauma,Moderate,6,21-30,5091,31-40
2375,17,b,13,Y,3,gynecology,R,B,4,83237,8,Trauma,Moderate,3,51-60,5823,unknown
5097,18,a,7,Y,3,gynecology,R,C,2,99094,8,Emergency,Moderate,2,71-80,7402,21-30
739,23,b,6,X,3,gynecology,R,F,1,79651,5,Emergency,Moderate,4,41-50,4137,31-40
9478,10,a,5,Z,4,anesthesia,R,F,4,9487,8,Trauma,Moderate,2,91-100,5175,31-40
4279,14,a,1,X,4,gynecology,Q,E,3,34828,9,Emergency,Minor,2,unknown,4615,unknown
391,26,b,2,Y,4,gynecology,Q,D,3,95431,8,Trauma,Moderate,4,51-60,5081,0-10
6358,23,c,5,Z,4,gynecology,S,F,2,125925,8,Emergency,Moderate,4,unknown,5817,51-60
804,5,a,6,Z,4,gynecology,Q,F,4,31896,8,Trauma,Minor,4,41-50,4911,unknown
8087,14,c,3,Z,3,anesthesia,R,A,3,46665,5,Trauma,Moderate,2,41-50,5011,unknown
699,20,f,9,Y,2,gynecology,S,B,3,33829,8,Emergency,Extreme,2,41-50,4542,unknown
8964,19,c,3,Y,4,radiotherapy,S,A,4,45288,8,Trauma,Moderate,2,21-30,3889,31-40
5727,6,a,6,X,1,gynecology,R,F,3,23860,8,Trauma,Moderate,4,81-90,3753,31-40
4086,1,d,10,Y,3,gynecology,T,B,2,11821,8,Emergency,Moderate,3,41-50,6258,51-60
1346,6,e,1,X,2,gynecology,S,E,4,52784,8,Emergency,Moderate,2,41-50,3730,unknown
1409,28,a,4,X,3,gynecology,R,F,2,90868,2,Trauma,Moderate,2,81-90,4946,71-80
5941,28,a,7,Y,3,gynecology,R,C,4,43193,1,Emergency,Moderate,6,71-80,7462,unknown
4790,27,a,4,X,2,gynecology,Q,C,3,36893,8,Urgent,Moderate,2,61-70,4824,31-40
5669,10,d,5,Z,2,gynecology,R,F,3,70030,8,Emergency,Minor,2,41-50,5551,51-60
4130,25,e,1,X,4,gynecology,S,E,2,8461,1,Trauma,Moderate,3,71-80,4112,51-60
2464,19,a,5,Z,3,gynecology,R,F,3,92089,20,Emergency,Moderate,6,41-50,6403,unknown
6173,28,b,2,X,6,gynecology,R,F,3,30768,8,Urgent,Moderate,2,51-60,3318,51-60
6961,32,f,9,Y,2,gynecology,S,B,1,33646,8,Emergency,Extreme,5,61-70,5833,More than 100 Days
830,10,a,5,X,4,radiotherapy,S,F,4,74801,2,Trauma,Minor,2,21-30,5356,31-40
422,10,c,5,Z,4,anesthesia,T,F,4,35763,8,Trauma,Moderate,2,41-50,4642,unknown
7301,27,a,7,Y,3,gynecology,P,C,2,103058,8,Emergency,Moderate,4,41-50,3487,31-40
5345,32,f,9,Y,4,gynecology,S,B,2,28777,8,Trauma,Moderate,5,41-50,4757,51-60
4869,5,a,6,X,4,gynecology,Q,F,4,31530,8,Trauma,Moderate,4,41-50,4009,unknown
9644,26,b,2,Y,5,gynecology,Q,D,2,36595,2,Trauma,Moderate,4,41-50,3814,51-60
697,23,a,7,Y,4,gynecology,R,B,4,84583,8,Emergency,Moderate,2,61-70,5083,unknown
466,2,f,9,Y,2,anesthesia,S,B,4,36898,unknown,Emergency,Moderate,2,31-40,5574,unknown
4846,26,b,2,Y,4,anesthesia,Q,D,4,124995,8,Emergency,Moderate,2,21-30,4884,31-40
8145,2,c,5,Z,3,gynecology,S,A,2,13647,4,Trauma,Moderate,4,71-80,3728,31-40
3814,26,b,2,Y,3,gynecology,R,F,4,122227,8,Trauma,Moderate,5,41-50,5829,31-40
6684,19,c,3,Z,3,gynecology,S,A,2,77329,8,Emergency,Moderate,6,41-50,3237,51-60
8590,19,a,7,Y,2,gynecology,R,C,3,124623,8,Emergency,Moderate,2,21-30,6500,31-40
946,20,c,1,X,2,gynecology,S,E,4,108375,8,Trauma,Moderate,4,41-50,4660,51-60
5191,19,c,5,Z,4,gynecology,S,F,4,111433,1,Emergency,Minor,3,31-40,5060,unknown
4826,2,c,3,Z,4,radiotherapy,Q,A,2,18096,8,Trauma,Moderate,2,81-90,5244,unknown
854,2,c,5,Z,4,gynecology,S,F,2,67499,8,Trauma,Moderate,2,31-40,4394,41-50
2217,27,b,2,Y,3,radiotherapy,Q,D,2,121369,8,Trauma,Moderate,4,51-60,6045,0-10
4973,26,e,1,X,4,gynecology,R,E,4,4480,9,Emergency,Extreme,6,41-50,3919,51-60
4360,18,a,7,Y,5,gynecology,P,C,2,34044,8,Trauma,Moderate,6,41-50,3997,31-40
588,20,c,3,Z,4,gynecology,S,A,4,63280,8,Trauma,Moderate,2,41-50,3924,51-60
4961,28,b,11,X,4,gynecology,R,D,2,3001,8,Trauma,Moderate,8,41-50,5119,unknown
835,21,c,3,Z,3,gynecology,R,A,2,75509,8,Trauma,Moderate,4,41-50,5426,21-30
863,2,c,5,Z,2,anesthesia,R,F,2,82563,8,Emergency,Moderate,8,61-70,4037,51-60
5223,24,a,6,X,4,anesthesia,R,F,3,72091,8,Trauma,Moderate,2,31-40,5588,21-30
5753,14,c,5,Z,4,gynecology,Q,F,4,30524,8,Trauma,Moderate,4,41-50,5081,unknown
9142,5,a,1,X,4,gynecology,R,F,2,80558,unknown,Emergency,Moderate,2,71-80,5204,unknown
4083,2,c,3,Z,4,gynecology,R,A,3,121637,4,Trauma,Moderate,2,31-40,4897,21-30
864,8,e,1,X,2,anesthesia,S,E,2,121466,8,Emergency,Moderate,2,81-90,3234,21-30
6205,26,b,2,Y,3,gynecology,R,D,4,109998,8,Trauma,Moderate,6,71-80,3817,More than 100 Days
5878,26,b,2,Y,4,gynecology,R,D,4,35299,8,Trauma,Extreme,6,21-30,4111,81-90
5936,26,b,2,Y,3,gynecology,P,D,2,107036,8,Trauma,Moderate,3,71-80,4954,41-50
697,27,a,4,X,3,gynecology,R,F,3,111385,8,Trauma,Moderate,2,61-70,4733,unknown
1120,10,a,9,Y,4,gynecology,R,B,4,72431,8,Emergency,Minor,2,81-90,4177,unknown
2933,26,b,2,Y,2,radiotherapy,S,D,4,31540,8,Trauma,Moderate,3,41-50,4222,61-70
6062,20,a,7,Y,4,gynecology,S,C,2,8420,8,Emergency,Moderate,2,41-50,4563,21-30
9180,29,b,4,X,2,gynecology,R,F,2,68111,1,Trauma,Moderate,2,61-70,4174,51-60
526,26,b,2,Y,1,anesthesia,Q,D,3,30372,8,Emergency,Extreme,5,61-70,4114,51-60
698,10,d,13,Z,2,gynecology,S,B,2,33408,unknown,Emergency,Minor,2,31-40,4878,unknown
5085,26,b,2,Y,4,radiotherapy,Q,D,4,98678,8,Trauma,Extreme,4,41-50,4121,21-30
9283,28,c,5,Z,4,gynecology,S,F,4,59664,1,Trauma,Moderate,2,41-50,3879,unknown
573,6,a,5,Z,4,gynecology,R,F,4,57233,8,Trauma,Moderate,2,41-50,5022,31-40
5075,31,f,9,Y,3,gynecology,S,B,3,68725,8,Trauma,Minor,5,51-60,5799,81-90
6651,1,c,3,Z,3,gynecology,R,A,3,52545,8,Trauma,Extreme,2,31-40,4752,unknown
605,8,e,1,X,4,anesthesia,Q,E,4,85629,1,Emergency,Minor,4,41-50,3438,31-40
818,28,g,11,X,3,gynecology,S,F,2,66876,8,Urgent,Extreme,5,41-50,3490,71-80
9438,9,d,9,Y,2,anesthesia,S,B,3,110583,11,Emergency,Minor,2,71-80,4243,31-40
5884,10,a,5,X,4,gynecology,Q,F,2,53656,5,Trauma,Moderate,3,41-50,4613,unknown
7505,26,e,1,X,1,anesthesia,R,E,3,85505,1,Trauma,Minor,3,51-60,3636,91-100
7516,23,a,6,X,4,anesthesia,Q,E,3,52752,8,Emergency,Minor,2,61-70,4788,21-30
5328,28,b,11,X,4,gynecology,R,F,2,72713,1,Trauma,Moderate,2,31-40,4933,unknown
5634,31,f,9,Y,2,anesthesia,S,B,2,84845,2,Emergency,Extreme,2,41-50,4744,51-60
4975,23,a,4,X,3,gynecology,R,F,3,88627,11,Urgent,Extreme,6,31-40,3605,31-40
4742,11,b,2,Z,1,radiotherapy,S,F,3,60301,4,Trauma,Minor,4,61-70,3358,51-60
999,25,b,2,Y,3,gynecology,Q,D,4,108698,8,Emergency,Minor,3,21-30,5151,31-40
1687,24,e,1,X,3,gynecology,S,E,4,88072,8,Emergency,Minor,2,31-40,4847,unknown
4889,21,c,3,Z,3,gynecology,S,A,2,54329,5,Emergency,Moderate,2,41-50,6673,0-10
3358,23,a,4,X,4,gynecology,R,F,2,38416,7,Emergency,Moderate,2,31-40,4860,unknown
9304,26,b,2,Y,4,gynecology,Q,D,2,121293,8,Emergency,Moderate,3,31-40,4902,31-40
5700,25,e,1,X,4,gynecology,R,E,3,48623,8,Emergency,Moderate,2,41-50,5118,unknown
679,27,b,2,Y,8,gynecology,R,D,2,45701,8,Emergency,Extreme,3,31-40,4209,unknown
4557,9,a,1,X,4,gynecology,Q,E,4,39407,4,Emergency,Extreme,4,31-40,3981,81-90
7682,29,b,11,X,3,gynecology,R,F,2,9434,1,Trauma,Moderate,6,41-50,3749,81-90
3054,27,a,4,X,3,gynecology,R,F,2,112741,4,Emergency,Moderate,6,51-60,4259,51-60
8167,11,b,2,Y,1,TB & Chest disease,Q,D,4,92794,8,Trauma,Moderate,2,21-30,5792,21-30
4713,14,c,3,X,4,gynecology,R,E,4,70633,8,Urgent,Moderate,2,61-70,4837,0-10
2413,32,c,3,Z,3,gynecology,R,A,4,78431,5,Trauma,Moderate,2,31-40,5207,unknown
4449,32,a,9,Y,3,gynecology,S,B,1,51906,8,Emergency,Minor,2,21-30,3913,More than 100 Days
847,23,a,6,X,4,anesthesia,Q,F,3,128880,14,Trauma,Moderate,2,unknown,4700,21-30
6093,29,b,11,X,3,gynecology,R,F,4,58976,5,Emergency,Moderate,8,61-70,3989,More than 100 Days
5352,27,b,11,X,3,gynecology,R,F,3,112812,1,Trauma,Moderate,3,61-70,3984,91-100
1981,13,a,1,X,4,radiotherapy,Q,E,2,63420,11,Emergency,Extreme,4,81-90,3293,unknown
993,31,a,9,Y,1,gynecology,S,B,3,43889,8,Urgent,Minor,3,41-50,4007,unknown
7383,6,a,6,X,4,gynecology,P,E,1,59077,8,Trauma,Moderate,3,21-30,2692,31-40
595,6,a,6,Y,4,gynecology,Q,E,2,12887,14,Emergency,Moderate,4,21-30,2939,21-30
1068,7,a,7,Y,4,anesthesia,Q,C,3,32951,8,Emergency,Moderate,4,41-50,6076,More than 100 Days
707,20,c,3,Z,3,anesthesia,Q,A,4,7186,8,Trauma,Moderate,6,61-70,4271,21-30
1876,23,a,1,X,4,gynecology,R,E,2,73812,1,Trauma,Moderate,2,41-50,5092,unknown
3808,11,e,1,X,4,gynecology,Q,E,4,127726,23,Emergency,Moderate,2,41-50,4070,31-40
6675,26,a,7,X,1,gynecology,S,B,4,5300,8,Trauma,Moderate,4,41-50,3922,61-70
3960,13,c,5,Z,4,gynecology,Q,F,4,79595,4,Trauma,Moderate,2,21-30,6108,91-100
849,25,e,1,X,3,gynecology,R,E,2,34698,unknown,Trauma,Extreme,2,31-40,3504,unknown
5583,27,b,11,X,3,gynecology,R,F,4,34826,8,Trauma,Minor,2,71-80,5679,More than 100 Days
932,10,c,5,Z,2,gynecology,S,F,3,95162,4,Emergency,Moderate,2,41-50,3972,21-30
8254,19,a,1,X,3,gynecology,S,B,3,125304,8,Trauma,Moderate,6,61-70,5185,31-40
548,10,d,6,X,4,gynecology,Q,F,2,12207,23,Emergency,Extreme,2,41-50,6575,21-30
5588,18,e,1,X,4,gynecology,S,E,3,124597,4,Emergency,Moderate,2,31-40,4977,unknown
527,6,a,7,Y,2,gynecology,S,C,2,62292,7,Emergency,Extreme,4,51-60,3162,51-60
4138,26,e,1,X,2,gynecology,R,E,3,33166,8,Urgent,Moderate,2,61-70,3883,0-10
4848,28,a,4,X,4,gynecology,R,F,3,116805,unknown,Trauma,Moderate,3,41-50,5123,unknown
6373,14,a,1,X,4,gynecology,S,E,4,72561,8,Emergency,Moderate,2,41-50,5460,21-30
2265,25,b,2,Y,3,anesthesia,Q,D,4,64540,8,Trauma,Moderate,5,41-50,4284,41-50
1942,28,a,4,X,3,radiotherapy,S,E,2,107091,7,Trauma,Moderate,6,41-50,4268,51-60
410,3,c,5,Z,3,gynecology,S,A,3,112291,8,Emergency,Moderate,2,41-50,4678,41-50
829,27,a,7,Y,2,gynecology,S,C,2,71825,8,Emergency,Moderate,4,61-70,3366,51-60
2918,12,b,2,Y,2,gynecology,S,D,1,64121,8,Trauma,Extreme,5,31-40,4269,31-40
5598,14,c,5,Z,4,gynecology,S,F,3,67015,8,Trauma,Moderate,2,41-50,5946,unknown
9720,19,b,6,X,3,gynecology,S,F,4,71366,8,Trauma,Minor,8,unknown,3872,More than 100 Days
9338,11,b,2,Y,2,anesthesia,S,D,3,32093,8,Emergency,Minor,4,71-80,4803,More than 100 Days
4533,5,a,1,X,2,anesthesia,Q,E,4,82960,8,Trauma,Moderate,2,51-60,6350,21-30
5016,14,a,5,Y,2,gynecology,S,F,2,74388,5,Emergency,Minor,4,41-50,3808,51-60
750,26,b,2,Y,4,gynecology,Q,D,3,59259,8,Trauma,Minor,2,41-50,5597,31-40
7957,10,e,1,X,1,gynecology,S,E,4,27148,8,Trauma,Moderate,8,41-50,3688,91-100
5417,13,g,9,Y,4,gynecology,S,B,2,3962,23,Trauma,Extreme,2,61-70,4972,unknown
7986,10,e,1,X,4,gynecology,Q,E,3,34022,8,Trauma,Minor,3,61-70,6074,unknown
8069,26,a,7,Y,4,gynecology,Q,C,2,101049,8,Emergency,Moderate,2,41-50,3450,21-30
6028,10,d,5,Y,4,gynecology,S,F,4,95678,8,Trauma,Moderate,2,71-80,4501,31-40
2428,11,g,9,Y,4,gynecology,S,B,2,9685,8,Trauma,Moderate,6,61-70,5130,21-30
7586,6,a,6,X,4,radiotherapy,Q,F,2,105380,8,Emergency,Moderate,3,51-60,6968,unknown
2738,11,b,2,Y,1,gynecology,Q,D,1,33794,8,Trauma,Extreme,6,61-70,3630,unknown
379,26,b,2,Y,3,gynecology,R,D,4,65647,8,Trauma,Extreme,3,41-50,3776,51-60
625,31,f,9,Y,3,gynecology,S,B,4,57072,8,Trauma,Minor,6,41-50,5790,51-60
8543,27,b,2,Y,1,anesthesia,Q,D,3,78836,8,Emergency,Moderate,4,51-60,4465,31-40
1917,20,a,7,Y,2,gynecology,S,C,3,63878,8,Emergency,Extreme,2,71-80,4184,unknown
5017,11,a,6,Y,4,gynecology,R,F,2,58138,5,Emergency,Moderate,3,21-30,3812,unknown
582,28,a,7,Y,2,gynecology,Q,C,2,9655,8,Emergency,Moderate,6,41-50,3960,51-60
5265,25,b,2,Y,4,gynecology,Q,D,3,29960,21,Trauma,Moderate,5,41-50,3965,unknown
6644,23,a,6,X,4,gynecology,Q,F,3,66932,8,Trauma,Minor,2,51-60,3511,21-30
5197,17,e,1,X,2,gynecology,S,E,2,105144,9,Emergency,Moderate,2,41-50,3270,21-30
5577,9,a,1,X,4,gynecology,R,E,3,81193,9,Urgent,Minor,2,0-10,4923,21-30
7378,18,a,7,Y,5,gynecology,S,C,3,69570,8,Emergency,Moderate,6,51-60,4389,unknown
2194,26,a,9,Y,3,gynecology,R,B,3,101314,8,Trauma,Minor,2,21-30,4721,unknown
5755,31,f,9,Y,2,anesthesia,S,B,4,33481,8,Trauma,Extreme,8,41-50,3402,51-60
7976,28,b,2,Y,3,gynecology,R,D,2,117168,8,Trauma,Minor,2,41-50,4950,51-60
2036,14,a,4,X,2,anesthesia,R,F,3,86043,8,Trauma,Minor,2,61-70,4945,21-30
6112,27,b,11,X,3,gynecology,R,D,4,35202,1,Emergency,Moderate,5,51-60,5028,51-60
2300,26,b,2,Y,4,gynecology,Q,D,3,111550,23,Emergency,Extreme,3,31-40,3726,0-10
9365,2,c,3,Z,2,anesthesia,S,A,4,69484,8,Trauma,Extreme,2,41-50,6560,unknown
743,13,a,5,Z,4,gynecology,Q,F,2,83802,14,Trauma,Moderate,2,31-40,6564,21-30
3834,9,c,5,Z,2,anesthesia,Q,A,3,27898,4,Emergency,Moderate,2,51-60,4125,unknown
5911,14,a,6,X,4,gynecology,Q,F,3,71006,4,Trauma,Minor,3,31-40,4926,unknown
5515,23,a,9,Y,4,gynecology,R,B,2,62128,4,Emergency,Moderate,3,31-40,4062,unknown
6900,25,b,2,Y,4,anesthesia,Q,D,3,27634,14,Trauma,Moderate,8,41-50,6953,41-50
6054,15,a,6,X,3,gynecology,R,F,4,12037,5,Trauma,Minor,2,21-30,4481,unknown
9379,32,c,3,Z,2,radiotherapy,S,A,2,128631,7,Trauma,Moderate,2,41-50,4428,unknown
4091,11,d,3,Z,4,gynecology,S,A,4,56356,8,Emergency,Moderate,2,21-30,6808,31-40
5384,23,a,1,X,2,anesthesia,S,E,3,68722,8,Trauma,Extreme,2,51-60,5229,21-30
5542,26,c,3,X,1,gynecology,S,E,2,10733,4,Emergency,Minor,4,41-50,3754,51-60
8118,10,b,2,Y,3,anesthesia,Q,D,3,60990,8,Trauma,Minor,5,unknown,4901,31-40
8479,23,a,6,X,3,gynecology,Q,B,3,33749,8,Emergency,Extreme,8,51-60,3170,51-60
9053,26,b,2,Y,7,gynecology,R,D,4,12866,unknown,Emergency,Moderate,5,31-40,6682,unknown
9399,25,b,2,Y,3,anesthesia,S,D,4,34319,8,Trauma,Moderate,4,41-50,4666,31-40
5942,6,a,6,X,4,gynecology,Q,F,3,120369,2,Trauma,Moderate,3,21-30,4836,71-80
8101,11,a,6,Y,1,anesthesia,R,B,4,87569,7,Trauma,Minor,5,41-50,4658,31-40
5650,14,a,1,X,2,gynecology,Q,E,3,115319,8,Trauma,Moderate,4,41-50,3993,21-30
680,11,f,9,Y,2,anesthesia,S,B,4,33991,8,Emergency,Moderate,2,21-30,4850,0-10
5465,11,d,5,Z,4,anesthesia,Q,B,3,118335,8,Trauma,Minor,2,31-40,4742,21-30
641,27,b,11,X,2,gynecology,S,F,4,91623,8,Trauma,Moderate,5,41-50,4137,51-60
2059,19,c,3,Z,3,gynecology,R,A,3,11912,8,Urgent,Moderate,6,71-80,4790,31-40
785,5,a,6,X,4,gynecology,R,F,3,109965,4,Trauma,Moderate,2,41-50,4851,71-80
897,20,c,3,Z,3,gynecology,S,A,2,71679,8,Trauma,Moderate,2,31-40,5060,unknown
9246,20,c,3,Y,4,radiotherapy,S,A,2,67626,8,Emergency,Extreme,2,71-80,4839,21-30
800,22,a,6,X,3,gynecology,Q,F,4,34055,14,Emergency,Extreme,3,81-90,3720,31-40
708,2,c,3,Z,3,gynecology,R,A,2,68311,8,Emergency,Moderate,3,51-60,3973,51-60
9401,32,f,9,Y,2,anesthesia,S,B,4,53065,4,Trauma,Extreme,2,71-80,5150,unknown
5419,14,c,5,Z,4,gynecology,Q,F,3,78978,5,Trauma,Moderate,3,71-80,3858,unknown
3953,29,a,1,X,4,gynecology,R,E,1,62400,8,Emergency,Moderate,3,31-40,3707,31-40
1536,28,b,11,X,2,gynecology,R,F,4,14611,1,Trauma,Moderate,2,41-50,6643,51-60
560,25,e,1,X,4,anesthesia,Q,E,4,38933,unknown,Emergency,Moderate,2,31-40,6165,unknown
4645,14,a,1,X,3,gynecology,R,E,1,63125,9,Emergency,Moderate,6,31-40,2818,31-40
4739,28,b,11,X,4,radiotherapy,R,F,4,59395,8,Trauma,Minor,2,21-30,5190,unknown
5369,2,c,3,Z,4,gynecology,S,A,3,64358,4,Urgent,Moderate,4,71-80,4692,31-40
5342,27,a,7,Y,4,gynecology,P,C,2,70546,8,Emergency,Moderate,2,41-50,5227,31-40
4835,19,a,7,Y,3,gynecology,R,C,2,8450,22,Trauma,Moderate,4,41-50,3825,71-80
2074,12,a,9,Y,3,gynecology,Q,A,3,104857,8,Trauma,Moderate,3,41-50,3598,unknown
1212,11,a,7,Y,4,radiotherapy,Q,C,2,63254,8,Trauma,Moderate,4,21-30,4110,21-30
3663,25,b,2,Y,4,gynecology,Q,D,2,81707,8,Trauma,Extreme,4,41-50,4476,21-30
743,14,c,5,Z,4,gynecology,Q,F,2,95147,7,Emergency,Moderate,4,31-40,3629,21-30
2143,13,c,5,Z,2,gynecology,S,F,4,58065,8,Trauma,Moderate,8,21-30,5105,51-60
738,2,d,5,Y,2,gynecology,S,B,2,6895,8,Trauma,Moderate,2,61-70,4916,81-90
2267,26,b,7,Y,2,gynecology,S,D,4,69151,8,Trauma,Moderate,5,21-30,4932,unknown
7077,26,b,2,Y,2,radiotherapy,R,D,3,84664,8,Trauma,Moderate,2,41-50,5088,21-30
5817,10,a,1,X,4,radiotherapy,S,E,2,73778,8,Emergency,Moderate,4,41-50,4651,More than 100 Days
638,14,d,6,Z,4,gynecology,Q,F,4,85837,14,Trauma,Moderate,2,41-50,5017,unknown
1966,17,c,3,Z,3,gynecology,R,A,2,58837,1,Trauma,Moderate,3,41-50,3981,31-40
2521,23,a,6,X,1,radiotherapy,Q,F,3,74939,8,Trauma,Moderate,4,81-90,4819,21-30
4193,26,b,2,Y,3,gynecology,Q,D,3,40577,8,Trauma,Moderate,13,61-70,5045,51-60
2339,28,b,11,X,2,gynecology,R,F,4,93618,15,Trauma,Extreme,2,51-60,4467,unknown
4900,19,c,2,Y,3,gynecology,S,D,2,118466,8,Trauma,Moderate,3,41-50,3844,unknown
822,11,c,5,Z,4,gynecology,Q,F,4,8370,7,Urgent,Moderate,2,41-50,5018,unknown
8193,20,c,5,Z,3,anesthesia,R,F,2,46270,8,Trauma,Moderate,8,31-40,5038,21-30
3449,28,b,11,Y,3,TB & Chest disease,R,D,2,108422,8,Trauma,Extreme,6,51-60,5903,51-60
619,27,b,2,Y,4,radiotherapy,R,D,4,71234,8,Trauma,Moderate,3,41-50,4913,41-50
9438,19,a,7,Z,4,gynecology,Q,C,4,33359,15,Trauma,Minor,2,61-70,6399,unknown
5360,14,e,1,X,2,anesthesia,S,E,3,60036,8,Emergency,Minor,2,81-90,4596,51-60
5002,20,a,7,Y,2,gynecology,S,A,4,7872,7,Trauma,Moderate,2,unknown,3989,51-60
777,19,c,3,Z,3,gynecology,R,A,3,58535,8,Trauma,Moderate,3,61-70,4009,31-40
7401,1,d,10,Y,2,TB & Chest disease,T,B,4,90389,8,Emergency,Moderate,6,0-10,5153,0-10
871,26,b,2,X,2,gynecology,R,E,4,111631,8,Emergency,Moderate,5,71-80,5390,31-40
1133,8,e,1,X,4,gynecology,Q,E,3,120359,8,Emergency,Minor,3,41-50,3051,31-40
5187,18,a,7,Y,1,gynecology,Q,C,3,91914,8,Emergency,Minor,2,31-40,3867,unknown
1067,14,e,1,X,4,gynecology,Q,E,4,121705,21,Emergency,Moderate,2,41-50,6288,unknown
8058,28,a,6,X,3,gynecology,R,F,3,107583,8,Trauma,Minor,2,41-50,4222,71-80
5138,26,b,2,Y,4,radiotherapy,S,D,3,75280,8,Trauma,Minor,2,41-50,4328,71-80
716,17,a,7,Y,3,gynecology,R,C,2,10104,8,Emergency,Moderate,4,61-70,7160,0-10
3633,26,b,2,Y,4,gynecology,Q,D,4,53568,1,Trauma,Moderate,3,51-60,7031,61-70
8251,7,a,11,X,1,gynecology,R,F,3,67507,8,Emergency,Extreme,5,51-60,3246,51-60
3404,28,a,11,X,2,gynecology,Q,F,3,84743,5,Urgent,Moderate,2,31-40,3419,31-40
9476,10,d,5,Z,2,anesthesia,S,F,4,110592,8,Emergency,Moderate,2,21-30,4970,unknown
8483,28,b,2,Y,2,anesthesia,R,D,4,73430,7,Trauma,Moderate,2,51-60,5394,41-50
901,27,a,11,X,2,anesthesia,R,F,3,108117,8,Emergency,Moderate,2,81-90,5063,31-40
1075,29,a,7,Y,1,anesthesia,Q,F,2,99017,8,Trauma,Moderate,5,31-40,4217,unknown
7623,2,g,9,Y,2,gynecology,S,B,4,107497,8,Emergency,Moderate,2,21-30,5237,41-50
876,1,d,5,Z,3,gynecology,R,B,4,76635,5,Urgent,Moderate,2,31-40,4500,21-30
2138,11,b,2,Y,4,gynecology,Q,D,1,9742,15,Emergency,Minor,4,41-50,3312,unknown
7229,14,a,1,X,4,gynecology,S,E,3,81081,7,Trauma,Minor,2,21-30,2596,21-30
7689,31,f,9,Y,3,gynecology,S,B,4,34640,8,Emergency,Minor,2,61-70,4984,unknown
7219,1,d,10,Y,3,TB & Chest disease,T,B,4,36042,8,Emergency,Moderate,3,31-40,3772,31-40
5098,19,c,7,Y,3,gynecology,P,C,4,51598,8,Trauma,Moderate,3,61-70,6694,21-30
2118,26,b,2,Y,4,gynecology,R,D,2,110631,4,Trauma,Moderate,3,41-50,5309,31-40
5175,23,a,6,X,4,gynecology,S,F,3,80100,14,Trauma,Moderate,2,unknown,3471,31-40
5383,27,b,11,X,3,gynecology,S,F,3,89629,8,Trauma,Extreme,12,41-50,3534,71-80
798,23,a,6,X,2,gynecology,R,F,4,36939,11,Trauma,Moderate,2,41-50,4450,51-60
681,5,a,6,X,4,radiotherapy,Q,E,3,43879,8,Emergency,Extreme,6,51-60,4296,31-40
2025,26,e,1,X,6,gynecology,R,E,4,123697,8,Trauma,Moderate,3,41-50,4655,51-60
1654,2,c,5,Z,4,gynecology,T,F,2,47892,4,Emergency,Moderate,2,41-50,4873,unknown
5772,26,b,2,Y,7,gynecology,Q,D,1,92848,8,Trauma,Moderate,3,41-50,8453,21-30
5737,19,a,7,Y,4,gynecology,R,B,1,112985,8,Emergency,Moderate,2,31-40,3329,unknown
2093,14,a,1,X,4,gynecology,P,F,3,66817,8,Emergency,Moderate,4,41-50,5611,41-50
2968,21,g,9,Y,4,gynecology,S,B,2,130047,8,Emergency,Moderate,6,41-50,3631,51-60
1016,25,b,2,Y,3,gynecology,S,D,2,103226,9,Emergency,Moderate,4,41-50,3409,81-90
824,6,a,6,X,3,gynecology,R,F,3,68690,2,Urgent,Moderate,4,51-60,4072,unknown
3142,27,b,2,Y,2,gynecology,Q,D,3,108954,8,Trauma,Moderate,3,0-10,4545,unknown
3536,20,a,7,Y,3,gynecology,R,C,2,109343,8,Trauma,Extreme,6,61-70,3496,31-40
7282,1,d,9,Y,3,gynecology,S,B,2,43467,4,Emergency,Extreme,4,51-60,3647,unknown
6242,19,g,6,X,3,anesthesia,S,F,3,50207,8,Trauma,Moderate,12,61-70,3082,unknown
7397,32,f,9,Y,2,gynecology,S,B,2,36835,8,Emergency,Extreme,2,21-30,4960,unknown
5989,1,g,9,Y,4,gynecology,R,B,2,53949,2,Emergency,Moderate,8,21-30,4234,71-80
6383,14,a,1,X,4,radiotherapy,R,E,3,66950,15,Emergency,Minor,2,41-50,3859,21-30
3286,27,b,11,X,4,gynecology,R,F,2,50681,4,Trauma,Moderate,8,41-50,3890,0-10
265,31,c,3,Z,3,gynecology,S,A,2,81226,8,Emergency,Extreme,2,61-70,6606,unknown
2611,28,b,11,X,3,gynecology,R,F,2,76163,8,Emergency,Moderate,2,21-30,4169,unknown
3847,20,c,3,Z,5,gynecology,Q,A,2,94043,8,Trauma,Moderate,4,51-60,3750,31-40
8107,10,d,9,Y,6,gynecology,Q,B,1,24855,8,Trauma,Extreme,8,51-60,4814,unknown
2096,26,b,2,Y,5,radiotherapy,S,D,2,23682,8,Trauma,Moderate,4,41-50,3610,51-60
1943,28,b,11,X,4,radiotherapy,R,F,3,39467,8,Emergency,Moderate,2,31-40,4095,31-40
485,32,f,9,Y,3,gynecology,S,B,3,128010,8,Emergency,Extreme,3,71-80,5040,21-30
1010,31,c,3,Z,3,gynecology,R,A,3,47795,4,Trauma,Moderate,3,31-40,4592,51-60
9549,11,b,2,Y,2,gynecology,Q,D,2,31832,4,Trauma,Moderate,2,51-60,3766,21-30
4600,28,b,11,X,4,gynecology,R,F,2,62795,1,Trauma,Extreme,3,41-50,3779,41-50
9237,23,b,11,Z,2,anesthesia,R,F,3,10982,10,Emergency,Moderate,2,31-40,5085,unknown
4489,19,c,3,Y,2,radiotherapy,S,A,2,90447,8,Trauma,Moderate,4,61-70,3461,51-60
5298,2,d,13,Y,3,gynecology,R,B,3,104353,4,Emergency,Moderate,2,81-90,5057,21-30
9342,1,g,9,Y,3,gynecology,S,B,4,131507,4,Trauma,Moderate,2,41-50,4112,0-10
5041,10,e,1,X,3,radiotherapy,R,E,4,107733,8,Trauma,Moderate,11,51-60,4545,31-40
9160,32,f,9,Y,2,radiotherapy,S,B,3,59503,8,Emergency,Moderate,2,51-60,5759,0-10
814,11,b,2,Y,1,gynecology,Q,D,2,94699,8,Emergency,Moderate,4,41-50,4360,21-30
846,11,a,13,Y,4,gynecology,Q,E,2,25826,8,Trauma,Moderate,4,31-40,3571,21-30
1048,26,a,9,Y,3,gynecology,R,C,4,56895,5,Trauma,Moderate,2,41-50,5224,unknown
7706,14,g,9,Y,3,gynecology,S,B,3,102758,4,Trauma,Minor,3,41-50,4412,unknown
3457,11,d,9,Y,4,gynecology,Q,B,4,123227,8,Trauma,Moderate,4,41-50,4604,21-30
9363,4,a,1,X,4,gynecology,R,E,3,51285,4,Emergency,Moderate,3,41-50,2592,31-40
1086,26,b,2,Y,1,gynecology,R,B,4,26645,8,Emergency,Moderate,8,91-100,4038,31-40
4935,18,c,3,Z,7,gynecology,R,A,3,56999,7,Trauma,Minor,2,51-60,5023,21-30
7742,14,a,7,Y,2,gynecology,S,C,3,63132,8,Emergency,Moderate,2,31-40,5474,0-10
5660,11,a,9,Y,2,gynecology,S,B,3,120982,8,Trauma,Minor,2,unknown,5067,31-40
6477,5,a,6,X,4,gynecology,R,F,4,113033,10,Trauma,Extreme,2,21-30,5419,unknown
915,1,d,9,Y,7,anesthesia,R,B,2,32957,5,Trauma,Extreme,2,81-90,4862,unknown
8334,31,b,2,Y,4,gynecology,S,D,3,72054,8,Emergency,Moderate,4,31-40,3736,31-40
6079,25,b,2,Y,4,gynecology,R,D,4,89358,8,Emergency,Moderate,3,31-40,5149,51-60
5343,31,f,9,Y,2,gynecology,S,B,2,26254,8,Emergency,Moderate,4,51-60,7362,31-40
5698,28,a,4,X,4,gynecology,R,F,2,5241,8,Emergency,Moderate,8,31-40,3930,21-30
1111,19,g,9,Y,4,radiotherapy,S,B,2,65822,8,Trauma,Extreme,2,71-80,4654,21-30
3115,26,e,1,X,4,gynecology,R,E,2,85614,1,Trauma,Moderate,3,51-60,3755,31-40
7411,23,a,5,X,2,gynecology,R,F,4,34446,8,Trauma,Moderate,5,21-30,4359,51-60
8082,6,a,1,X,2,TB & Chest disease,S,E,3,42173,8,Emergency,Moderate,2,61-70,3682,51-60
863,2,a,13,Y,3,gynecology,Q,B,1,47097,5,Emergency,Moderate,4,61-70,4510,21-30
9690,14,a,1,X,2,gynecology,S,E,3,69655,8,Trauma,Minor,11,unknown,5614,0-10
8541,27,e,6,X,2,gynecology,R,F,2,59214,4,Emergency,Moderate,6,71-80,3742,unknown
7941,28,a,4,X,1,gynecology,Q,F,2,126108,8,Trauma,Extreme,4,71-80,3600,51-60
818,10,a,1,X,4,radiotherapy,Q,C,1,92193,11,Trauma,Extreme,4,61-70,5873,unknown
3792,11,a,13,Y,4,gynecology,Q,F,3,87968,24,Trauma,Moderate,3,31-40,3817,0-10
1024,23,a,4,X,4,gynecology,R,F,2,36745,15,Urgent,Moderate,5,31-40,3472,21-30
6133,10,b,5,Z,6,gynecology,Q,F,2,55253,22,Trauma,Moderate,4,41-50,4853,unknown
4402,12,e,5,X,2,anesthesia,S,F,4,55059,8,Trauma,Moderate,4,61-70,5445,71-80
4328,28,a,4,X,4,gynecology,R,F,3,66368,15,Trauma,Extreme,2,41-50,5024,21-30
5290,28,b,11,X,4,gynecology,R,F,3,72743,8,Trauma,Moderate,12,81-90,3844,51-60
8105,23,a,6,X,4,gynecology,R,F,3,49402,8,Trauma,Minor,2,41-50,5224,21-30
1860,32,c,3,Z,3,radiotherapy,S,A,2,48760,8,Trauma,Moderate,4,41-50,5089,71-80
8487,23,a,9,Y,2,gynecology,R,E,4,9904,10,Urgent,Moderate,2,unknown,5742,unknown
6165,19,a,7,Y,3,gynecology,R,B,3,41217,8,Trauma,Moderate,3,41-50,5674,21-30
8396,28,e,4,X,3,radiotherapy,R,F,3,96474,8,Emergency,Moderate,3,41-50,3912,unknown
8235,25,e,1,X,3,gynecology,R,E,3,51469,9,Emergency,Minor,3,61-70,4978,21-30
8673,25,a,7,Y,4,gynecology,R,C,2,85340,8,Emergency,Moderate,2,unknown,4712,unknown
645,25,b,7,Y,3,radiotherapy,Q,C,2,40069,8,Trauma,Moderate,6,unknown,3829,71-80
813,26,b,2,Y,2,gynecology,Q,D,4,128486,8,Trauma,Moderate,4,71-80,4832,31-40
3530,26,e,7,Y,4,gynecology,Q,C,1,103692,8,Emergency,Extreme,4,61-70,2950,91-100
5843,2,a,13,Y,3,gynecology,S,F,2,119848,8,Trauma,Moderate,3,41-50,4855,31-40
832,28,b,2,Y,4,gynecology,Q,D,3,106950,8,Trauma,Moderate,2,unknown,4245,21-30
5348,28,b,11,X,3,gynecology,R,F,4,53277,8,Trauma,Minor,2,61-70,4719,31-40
3084,28,a,6,X,4,gynecology,R,F,3,28763,1,Trauma,Moderate,2,41-50,5103,31-40
695,28,a,6,X,4,anesthesia,R,F,3,10931,8,Urgent,Moderate,2,21-30,4915,21-30
7619,1,d,9,Y,3,gynecology,Q,B,1,36117,4,Emergency,Extreme,5,71-80,3536,31-40
6294,2,a,13,Y,4,gynecology,Q,C,2,104925,2,Emergency,Moderate,2,31-40,3933,unknown
7105,27,a,7,Y,3,gynecology,S,C,3,126799,8,Emergency,Minor,4,21-30,3928,51-60
5129,27,a,6,X,3,gynecology,R,F,3,96546,8,Trauma,Moderate,8,61-70,3952,51-60
661,27,a,4,X,2,gynecology,R,F,3,24617,4,Emergency,Moderate,2,41-50,4895,0-10
8028,18,a,1,X,4,gynecology,R,C,3,95983,8,Emergency,Minor,2,unknown,3047,unknown
8384,26,g,9,Y,4,gynecology,Q,B,3,87022,8,Emergency,Moderate,2,21-30,4187,31-40
5291,13,c,3,Z,1,gynecology,S,A,3,52027,5,Urgent,Moderate,3,41-50,3308,31-40
4881,9,a,5,X,3,gynecology,S,E,4,32384,10,Emergency,Moderate,2,41-50,3226,unknown
7615,19,g,9,Y,2,gynecology,S,B,2,88831,8,Trauma,Moderate,6,41-50,4910,unknown
601,28,b,11,X,1,gynecology,R,F,4,31042,4,Trauma,Minor,8,31-40,4916,unknown
480,10,a,7,Y,5,gynecology,Q,C,4,104302,8,Emergency,Moderate,4,41-50,3849,unknown
758,14,a,1,X,4,gynecology,R,E,2,68825,11,Emergency,Moderate,3,unknown,2965,51-60
6431,32,f,9,Y,2,gynecology,R,B,3,54805,8,Trauma,Moderate,4,81-90,4780,51-60
5364,28,a,4,X,4,gynecology,R,F,4,8501,1,Emergency,Moderate,8,41-50,4910,More than 100 Days
4502,15,e,1,X,4,gynecology,S,E,3,12854,9,Emergency,Moderate,2,41-50,4790,21-30
9583,28,b,4,X,2,surgery,R,F,4,40099,8,Trauma,Moderate,2,unknown,5943,31-40
2349,17,e,1,X,4,gynecology,R,E,3,60431,11,Urgent,Moderate,3,41-50,4132,21-30
646,14,a,5,Z,4,gynecology,Q,F,3,36442,8,Emergency,Moderate,2,21-30,4713,31-40
5614,19,a,9,Y,3,radiotherapy,S,B,2,111107,8,Emergency,Moderate,3,71-80,3661,31-40
1161,23,d,5,Z,4,gynecology,Q,F,4,31143,7,Emergency,Moderate,2,31-40,5211,unknown
5504,11,b,9,Y,4,gynecology,R,B,3,58588,2,Trauma,Moderate,2,61-70,5002,31-40
8441,17,e,1,X,4,gynecology,Q,E,3,81282,8,Trauma,Moderate,3,31-40,5113,21-30
2923,28,b,11,X,2,anesthesia,R,F,4,108279,1,Trauma,Moderate,11,41-50,4199,71-80
9377,10,a,7,Y,4,gynecology,Q,C,4,27817,8,Emergency,Moderate,4,71-80,4965,21-30
8138,25,b,2,Y,3,TB & Chest disease,R,D,2,101384,4,Emergency,Moderate,3,41-50,4490,51-60
4617,26,b,2,Y,4,gynecology,Q,D,3,77608,8,Trauma,Extreme,2,21-30,4966,31-40
648,28,a,1,X,4,gynecology,R,F,1,35682,1,Emergency,Extreme,3,41-50,2745,21-30
6879,28,a,6,X,4,gynecology,R,F,3,64311,4,Urgent,Moderate,2,41-50,5184,unknown
3961,10,a,9,X,3,gynecology,S,B,2,76031,8,Emergency,Minor,3,71-80,4855,31-40
4010,10,d,5,Z,4,gynecology,Q,F,4,66871,4,Emergency,Extreme,4,61-70,5074,21-30
5690,7,e,1,X,3,gynecology,S,E,4,74485,8,Emergency,Minor,7,71-80,3052,31-40
1579,28,a,7,Y,4,gynecology,R,C,3,53167,8,Trauma,Moderate,3,unknown,4386,21-30
8536,26,b,2,Y,3,gynecology,S,D,4,61874,8,Trauma,Moderate,11,61-70,4868,51-60
1057,2,c,13,Y,3,gynecology,R,B,3,87826,8,Trauma,Moderate,3,41-50,4805,21-30
5357,29,a,6,X,4,gynecology,R,F,2,26133,7,Emergency,Moderate,2,31-40,4162,21-30
3092,25,b,2,Y,4,anesthesia,Q,D,4,79050,8,Trauma,Moderate,2,91-100,5136,41-50
2836,26,b,2,Y,4,anesthesia,Q,D,4,28891,15,Trauma,Moderate,3,41-50,4965,21-30
5472,23,a,1,X,4,anesthesia,Q,E,3,74345,8,Emergency,Minor,4,41-50,3762,unknown
2514,19,a,7,Y,4,gynecology,R,C,2,38592,8,Trauma,Moderate,2,41-50,5119,41-50
5170,28,a,7,Y,4,gynecology,Q,C,1,87438,8,Emergency,Extreme,3,71-80,3761,51-60
5047,25,e,1,X,4,gynecology,Q,E,3,87568,8,Trauma,Moderate,4,61-70,3786,21-30
6243,6,a,6,X,4,gynecology,R,F,3,36177,8,Trauma,Minor,2,unknown,5261,21-30
1879,26,b,2,Y,4,anesthesia,P,D,4,27750,8,Trauma,Extreme,4,31-40,4515,61-70
5379,9,c,5,Z,3,anesthesia,Q,F,3,63461,8,Trauma,Moderate,11,81-90,5040,0-10
6970,6,a,6,X,4,gynecology,Q,F,4,90591,1,Trauma,Moderate,2,41-50,3062,21-30
524,2,c,3,Z,4,anesthesia,S,A,4,64561,8,Trauma,Moderate,2,41-50,3955,21-30
4583,32,f,9,Y,2,gynecology,S,B,4,39186,8,Trauma,Extreme,2,41-50,6032,31-40
699,26,b,7,Y,4,gynecology,R,D,3,57345,9,Emergency,Moderate,3,31-40,4078,31-40
5322,10,c,5,Z,2,gynecology,S,F,4,68911,4,Trauma,Moderate,4,41-50,5301,71-80
5261,26,b,2,Y,1,gynecology,S,D,4,81507,22,Emergency,Moderate,6,41-50,5147,71-80
1937,32,d,9,Y,4,gynecology,R,B,3,93942,5,Trauma,Moderate,2,21-30,7140,41-50
7521,9,a,1,X,3,anesthesia,R,E,3,122899,8,Emergency,Minor,2,21-30,7573,unknown
7592,25,b,2,Y,3,gynecology,R,D,4,109357,8,Trauma,Extreme,5,51-60,4945,51-60
8580,32,g,9,Y,3,gynecology,S,B,1,129644,8,Emergency,Moderate,3,41-50,5025,21-30
729,19,c,3,Z,2,radiotherapy,S,A,3,110996,9,Trauma,Extreme,2,41-50,4498,0-10
498,27,b,2,Y,4,gynecology,R,D,2,93848,8,Trauma,Extreme,6,51-60,4344,unknown
4069,20,c,3,Z,3,gynecology,R,A,2,86842,8,Trauma,Moderate,2,41-50,3335,21-30
1035,8,e,1,X,4,gynecology,R,E,4,91108,8,Emergency,Minor,3,41-50,4092,unknown
2287,13,a,13,Y,4,gynecology,R,C,2,67736,8,Emergency,Moderate,2,71-80,4733,21-30
6999,26,b,2,Y,2,anesthesia,R,D,4,64205,8,Emergency,Extreme,2,31-40,7243,21-30
3350,1,a,5,Z,4,gynecology,R,F,4,109174,5,Trauma,Moderate,3,31-40,6707,unknown
804,2,b,2,Y,2,gynecology,R,D,4,64414,8,Urgent,Moderate,2,41-50,5672,unknown
6379,26,b,11,X,4,gynecology,R,E,2,54872,8,Trauma,Extreme,2,41-50,5247,51-60
5478,27,b,11,X,4,gynecology,Q,F,2,31662,8,Trauma,Moderate,4,71-80,4172,unknown
703,28,b,11,X,3,gynecology,R,F,2,107431,14,Trauma,Moderate,2,71-80,5157,51-60
893,26,e,1,X,4,anesthesia,Q,E,4,99131,8,Emergency,Moderate,6,71-80,3287,51-60
2074,6,a,1,X,4,radiotherapy,P,E,2,120435,8,Trauma,Moderate,2,41-50,3881,21-30
7398,25,b,2,Y,2,radiotherapy,R,D,3,55610,8,Urgent,Moderate,2,81-90,5079,More than 100 Days
7303,14,e,1,X,4,gynecology,R,E,3,85328,2,Trauma,Moderate,2,21-30,5453,21-30
760,7,e,1,X,4,gynecology,S,E,3,35166,10,Emergency,Moderate,2,41-50,3712,unknown
4112,11,a,1,X,2,anesthesia,S,E,3,126037,8,Trauma,Moderate,2,71-80,5573,21-30
553,2,a,9,Y,4,gynecology,R,B,2,39489,5,Urgent,Moderate,2,41-50,6118,71-80
836,9,e,1,X,4,anesthesia,Q,E,3,106228,23,Urgent,Extreme,3,51-60,4325,unknown
7134,32,c,3,Z,2,anesthesia,S,A,4,37316,8,Trauma,Extreme,4,51-60,3301,91-100
5377,13,a,1,X,4,anesthesia,Q,E,4,60633,10,Trauma,Moderate,2,unknown,4956,unknown
4060,27,b,11,X,2,gynecology,R,D,3,57081,1,Trauma,Moderate,5,71-80,4286,51-60
1100,24,a,6,X,4,gynecology,R,F,4,42024,unknown,Trauma,Moderate,2,41-50,3492,unknown
6924,19,c,3,Z,3,gynecology,S,A,3,54230,8,Trauma,Moderate,2,21-30,4525,41-50
1853,11,d,7,Y,4,gynecology,R,C,2,51808,4,Trauma,Moderate,4,51-60,3667,21-30
6161,11,a,5,Y,4,gynecology,S,F,4,109394,8,Emergency,Moderate,2,51-60,3820,unknown
560,18,c,3,Z,4,gynecology,R,A,2,10040,9,Emergency,Moderate,2,31-40,3920,31-40
3956,2,e,3,Y,3,gynecology,R,E,2,110684,8,Trauma,Moderate,2,41-50,5017,21-30
1020,6,a,7,Y,4,gynecology,Q,C,3,84688,8,Emergency,Extreme,4,41-50,3368,unknown
4623,6,a,6,X,4,gynecology,S,F,3,36741,8,Trauma,Moderate,4,21-30,3950,51-60
8396,28,c,5,Y,4,radiotherapy,S,F,3,89436,8,Emergency,Moderate,2,41-50,5168,41-50
2286,11,a,5,X,4,gynecology,R,F,3,126778,14,Trauma,Moderate,3,21-30,4054,21-30
5332,2,a,6,X,3,gynecology,R,F,2,33338,2,Trauma,Moderate,6,41-50,3728,21-30
8128,29,b,11,X,2,anesthesia,R,F,3,112275,1,Trauma,Moderate,2,61-70,4593,21-30
7264,19,c,1,X,4,gynecology,R,A,2,83432,8,Trauma,Moderate,6,41-50,4867,unknown
4536,27,b,11,X,3,gynecology,Q,F,4,10076,2,Trauma,Moderate,3,31-40,5818,21-30
8250,26,a,7,Y,3,gynecology,P,D,2,53731,8,Emergency,Moderate,3,31-40,4160,31-40
7208,14,a,1,X,5,gynecology,Q,E,3,44538,unknown,Trauma,Moderate,5,41-50,4155,31-40
1145,19,a,7,Y,4,gynecology,S,C,2,28741,8,Trauma,Moderate,4,41-50,3864,31-40
839,11,g,9,Y,2,gynecology,S,B,2,13989,5,Emergency,Moderate,6,41-50,3544,More than 100 Days
706,2,c,5,Z,4,radiotherapy,Q,F,4,26537,4,Emergency,Moderate,4,21-30,4061,More than 100 Days
6251,1,d,5,Z,3,gynecology,S,F,2,67869,7,Urgent,Extreme,3,31-40,6574,21-30
8424,10,d,5,Z,3,radiotherapy,S,F,3,127592,8,Emergency,Moderate,2,21-30,5388,unknown
7923,14,e,1,X,4,gynecology,R,E,4,10947,8,Trauma,Moderate,2,41-50,4658,unknown
5132,12,d,5,Z,2,gynecology,S,F,3,126403,4,Emergency,Minor,6,21-30,3852,51-60
5307,23,a,9,Y,3,gynecology,R,B,2,94603,8,Emergency,Moderate,2,21-30,4309,0-10
4872,32,c,3,Z,2,gynecology,S,A,4,29013,23,Emergency,Moderate,2,31-40,4074,31-40
6035,5,c,5,Z,2,anesthesia,R,F,4,38915,8,Trauma,Moderate,2,21-30,4836,21-30
784,20,c,3,Y,3,gynecology,R,C,3,125202,4,Urgent,Moderate,3,41-50,4895,31-40
5056,10,d,5,Z,2,gynecology,S,F,4,44659,14,Trauma,Extreme,2,31-40,4728,0-10
1031,26,e,1,X,3,gynecology,R,E,3,122378,8,Emergency,Moderate,6,61-70,3912,51-60
4965,2,c,3,Z,3,gynecology,R,A,2,79335,8,Trauma,Moderate,2,31-40,4939,21-30
4958,26,b,2,Y,4,anesthesia,R,D,4,35094,8,Trauma,Moderate,2,21-30,4315,31-40
8076,23,a,6,X,2,gynecology,Q,F,3,124160,4,Trauma,Extreme,2,unknown,4894,unknown
2936,10,c,3,Z,3,gynecology,S,A,2,100211,8,Emergency,Moderate,2,61-70,3493,unknown
4699,20,a,9,Y,3,anesthesia,S,B,3,93329,8,Urgent,Moderate,2,51-60,5929,unknown
767,23,e,1,X,2,gynecology,S,E,3,54051,9,Trauma,Moderate,2,unknown,5425,21-30
7998,14,c,5,Z,2,gynecology,S,F,4,38228,8,Trauma,Moderate,4,61-70,4802,31-40
6778,31,a,9,Z,3,gynecology,R,F,3,125548,8,Urgent,Minor,2,51-60,6845,31-40
741,10,a,1,X,2,gynecology,R,E,3,35373,8,Trauma,Minor,2,41-50,3116,unknown
4573,17,e,1,X,3,gynecology,S,E,2,62828,4,Emergency,Moderate,4,41-50,4149,91-100
925,20,a,7,Y,3,gynecology,P,C,2,85147,8,Emergency,Moderate,4,41-50,5044,81-90
6396,14,a,1,X,4,gynecology,Q,E,4,95553,8,Trauma,Moderate,8,41-50,3296,31-40
3178,5,a,1,X,4,anesthesia,Q,E,4,12400,7,Emergency,Moderate,8,41-50,4115,21-30
4897,26,b,2,Y,7,gynecology,Q,D,2,73023,8,Emergency,Moderate,4,31-40,3927,unknown
2152,27,a,4,X,4,gynecology,R,F,3,115780,8,Trauma,Moderate,2,21-30,4554,unknown
4247,14,a,1,Y,2,gynecology,R,E,4,32469,9,Emergency,Extreme,6,41-50,4359,51-60
5183,27,b,2,Y,4,gynecology,S,D,4,79004,8,Trauma,Moderate,2,41-50,5150,unknown
9512,28,a,4,Y,3,anesthesia,R,C,4,42645,8,Trauma,Moderate,8,51-60,5259,More than 100 Days
3158,23,a,6,X,4,gynecology,Q,F,2,106050,2,Urgent,Moderate,2,41-50,4684,21-30
3753,9,d,1,X,2,gynecology,S,F,4,31692,8,Trauma,Moderate,8,41-50,3344,51-60
4533,10,e,1,X,3,gynecology,Q,E,3,88040,5,Emergency,Moderate,4,21-30,4774,21-30
8331,2,c,3,Z,2,anesthesia,R,A,4,40091,8,Urgent,Moderate,11,31-40,4010,51-60
8214,13,c,6,X,3,gynecology,Q,E,4,75747,7,Urgent,Minor,4,unknown,4416,31-40
3347,28,a,11,X,4,gynecology,Q,F,2,97153,2,Trauma,Moderate,3,41-50,5266,41-50
791,19,a,9,Y,4,gynecology,P,B,2,96888,8,Emergency,Moderate,8,41-50,4959,unknown
8695,31,c,5,Z,2,anesthesia,S,A,4,30815,4,Emergency,Moderate,2,41-50,7747,91-100
9428,11,a,7,Y,3,gynecology,Q,C,3,34895,8,Urgent,Moderate,4,61-70,4992,unknown
8514,14,c,5,Z,5,gynecology,Q,F,2,62114,9,Emergency,Moderate,4,41-50,5040,21-30
2850,14,c,5,Z,4,gynecology,R,F,4,122828,5,Urgent,Moderate,2,31-40,4656,31-40
1009,5,a,6,X,4,radiotherapy,Q,F,4,122206,8,Trauma,Moderate,4,41-50,4962,51-60
6700,26,b,2,Y,4,radiotherapy,Q,D,4,26909,5,Emergency,Moderate,4,51-60,4060,31-40
8039,31,f,9,Y,2,gynecology,S,B,2,124878,8,Emergency,Minor,5,unknown,3771,More than 100 Days
3260,2,c,5,Z,4,gynecology,S,A,4,93424,7,Emergency,Moderate,2,21-30,5629,0-10
672,26,b,2,Y,4,anesthesia,Q,D,4,127852,8,Emergency,Moderate,4,41-50,4873,31-40
7524,27,b,4,Y,2,radiotherapy,R,C,3,115577,8,Trauma,Moderate,2,51-60,4170,unknown
942,13,e,1,X,3,gynecology,Q,E,4,40872,8,Trauma,Extreme,4,21-30,3164,21-30
931,10,a,1,Y,4,TB & Chest disease,Q,B,3,129616,8,Emergency,Moderate,3,31-40,3888,unknown
1092,26,b,2,Y,4,gynecology,Q,D,3,111674,8,Emergency,Moderate,4,41-50,5034,unknown
3292,31,c,3,Z,2,radiotherapy,Q,A,3,106005,8,Urgent,Moderate,2,31-40,5600,unknown
3056,32,c,3,Z,2,anesthesia,S,A,4,91990,8,Trauma,Moderate,2,41-50,4633,31-40
907,23,a,6,X,3,gynecology,Q,F,3,71847,11,Trauma,Extreme,8,41-50,6108,31-40
2503,26,e,1,X,3,gynecology,R,E,3,63752,8,Trauma,Moderate,2,21-30,5709,21-30
2907,29,a,4,X,4,gynecology,R,F,3,47381,1,Trauma,Moderate,3,61-70,4384,21-30
9563,26,b,2,Y,3,anesthesia,Q,D,4,76069,8,Trauma,Moderate,2,61-70,5167,21-30
2198,14,a,1,X,3,radiotherapy,R,E,4,30558,2,Emergency,Moderate,2,21-30,5222,21-30
6807,14,a,1,X,4,gynecology,Q,E,3,88397,8,Urgent,Moderate,2,41-50,4910,unknown
1085,19,a,7,Y,4,gynecology,R,C,3,74774,8,Emergency,Minor,3,31-40,3931,unknown
8136,26,b,2,Y,3,radiotherapy,Q,D,4,123265,8,Urgent,Minor,5,51-60,4000,unknown
1116,32,f,9,Y,3,gynecology,S,B,2,109445,8,Urgent,Moderate,3,41-50,4358,31-40
5058,26,b,2,Y,4,anesthesia,R,D,1,33891,8,Trauma,Moderate,8,81-90,4980,unknown
4290,14,c,5,Z,4,gynecology,S,F,1,66868,5,Trauma,Moderate,4,21-30,3730,21-30
7832,20,a,9,Y,4,gynecology,Q,C,3,30893,8,Emergency,Moderate,5,31-40,5112,31-40
614,30,f,9,Y,3,gynecology,S,B,3,122080,8,Urgent,Extreme,3,41-50,3681,0-10
7307,5,d,5,Z,4,gynecology,S,F,2,65996,5,Urgent,Moderate,2,51-60,4930,unknown
8593,14,a,6,X,3,gynecology,R,F,4,76011,7,Urgent,Moderate,3,41-50,4486,21-30
6078,13,e,1,X,4,gynecology,Q,E,4,68864,9,Emergency,Extreme,4,41-50,4468,unknown
6143,26,b,2,Y,4,gynecology,P,D,1,80249,8,Emergency,Moderate,3,41-50,4825,21-30
6246,26,b,2,Y,1,gynecology,Q,D,4,121790,8,Trauma,Moderate,4,61-70,4979,21-30
7933,5,d,4,Z,3,gynecology,S,F,2,107702,8,Trauma,Moderate,2,51-60,5069,unknown
3501,7,a,4,X,3,gynecology,S,E,3,66764,8,Trauma,Moderate,3,61-70,4455,unknown
3687,16,e,1,X,1,gynecology,Q,E,3,48538,4,Trauma,Extreme,4,41-50,3858,71-80
5191,22,a,1,X,3,radiotherapy,R,E,3,10366,1,Urgent,Moderate,2,41-50,4953,21-30
7260,22,e,1,X,4,anesthesia,Q,E,3,75122,10,Trauma,Moderate,4,41-50,4260,21-30
4995,32,f,9,Y,2,gynecology,S,B,4,53394,7,Emergency,Moderate,2,81-90,5896,51-60
939,26,g,9,Y,3,gynecology,Q,D,4,10187,4,Trauma,Moderate,2,31-40,5330,21-30
8275,23,a,6,X,4,gynecology,R,F,4,52354,8,Trauma,Moderate,2,61-70,4917,unknown
9347,27,b,11,X,4,gynecology,R,F,2,64607,10,Emergency,Moderate,2,41-50,2963,unknown
592,25,b,2,Y,4,radiotherapy,R,D,3,106921,8,Trauma,Moderate,2,41-50,5080,21-30
6708,18,a,7,Y,3,gynecology,R,C,2,100803,8,Emergency,Extreme,3,41-50,4910,51-60
3581,27,a,7,Y,3,gynecology,R,C,3,75342,8,Emergency,Moderate,3,51-60,4336,unknown
3007,25,b,2,Y,4,gynecology,Q,D,3,91501,8,Emergency,Extreme,4,21-30,4201,31-40
575,1,d,9,Y,3,gynecology,Q,B,2,69290,23,Urgent,Moderate,5,61-70,4478,51-60
8195,19,c,3,Z,3,gynecology,Q,A,3,124579,8,Trauma,Moderate,2,61-70,7488,31-40
5846,5,a,6,X,4,gynecology,Q,F,unknown,10675,14,Trauma,Extreme,4,61-70,2432,31-40
3445,28,b,11,X,4,gynecology,R,F,2,8319,1,Urgent,Moderate,2,41-50,3894,21-30
7722,15,e,1,X,3,TB & Chest disease,S,E,3,65568,8,Trauma,Minor,5,51-60,5196,61-70
1116,26,b,2,Y,4,gynecology,R,D,4,106773,8,Urgent,Moderate,2,41-50,4450,21-30
2346,28,b,11,X,4,gynecology,R,F,2,101130,8,Trauma,Moderate,3,61-70,4214,71-80
4071,26,e,1,X,2,anesthesia,S,E,4,114111,8,Emergency,Moderate,5,41-50,3447,More than 100 Days
5999,26,b,2,Y,2,gynecology,R,D,3,22785,8,Trauma,Extreme,3,41-50,5647,51-60
2272,6,a,6,X,3,gynecology,R,F,3,64253,8,Trauma,Extreme,5,51-60,3631,unknown
7678,26,b,11,X,4,gynecology,Q,E,4,79044,1,Urgent,Moderate,5,21-30,3355,51-60
1762,26,b,2,Y,2,anesthesia,Q,D,4,129643,8,Trauma,Extreme,4,51-60,3976,unknown
1665,16,e,1,X,2,radiotherapy,S,E,2,47205,9,Trauma,Moderate,2,61-70,4348,21-30
1842,5,a,6,X,3,gynecology,R,F,3,31864,2,Trauma,Moderate,6,61-70,3834,unknown
1696,14,a,1,X,4,gynecology,R,E,2,49702,1,Emergency,Moderate,2,41-50,5890,unknown
1884,6,a,6,X,3,radiotherapy,Q,F,3,73280,10,Emergency,Moderate,2,51-60,4136,21-30
4647,26,b,6,X,4,gynecology,Q,F,2,31374,1,Trauma,Minor,3,41-50,5060,21-30
3733,5,a,6,X,4,gynecology,R,F,3,120769,8,Trauma,Moderate,2,31-40,3878,21-30
2887,5,a,6,X,4,gynecology,Q,F,3,28277,8,Trauma,Extreme,5,31-40,5117,unknown
5994,21,c,3,Z,3,gynecology,S,A,2,85246,5,Emergency,Moderate,6,31-40,5258,51-60
3505,26,e,1,X,3,gynecology,S,E,4,42595,8,Trauma,Moderate,6,41-50,4107,unknown
219,19,c,3,Z,3,anesthesia,R,A,4,37597,1,Trauma,Moderate,2,31-40,5013,31-40
5157,26,b,2,Y,3,radiotherapy,R,D,4,10553,8,Emergency,Moderate,2,71-80,4935,51-60
903,27,b,2,Y,3,gynecology,Q,D,3,87551,8,Trauma,Moderate,2,21-30,5199,61-70
1035,8,e,1,X,2,gynecology,S,E,3,12559,4,Emergency,Moderate,3,41-50,3262,unknown
7327,26,b,11,Y,3,radiotherapy,R,F,2,55686,1,Emergency,Moderate,3,41-50,5140,41-50
5684,23,a,6,X,3,gynecology,R,F,4,110755,8,Trauma,Minor,2,81-90,5075,31-40
5319,23,a,6,X,4,gynecology,R,F,3,34243,5,Urgent,Minor,2,61-70,4976,unknown
540,20,c,3,Z,2,gynecology,R,A,2,68904,8,Trauma,Moderate,3,41-50,5880,51-60
7708,18,e,1,Z,3,anesthesia,Q,E,4,40613,8,Emergency,Moderate,2,41-50,4213,unknown
2699,11,b,2,Y,4,gynecology,Q,D,2,62368,8,Trauma,Moderate,4,41-50,4827,41-50
6080,26,e,1,X,4,radiotherapy,Q,E,4,29050,8,Trauma,Extreme,8,41-50,3000,31-40
2204,20,f,7,Y,4,gynecology,S,C,3,111788,8,Trauma,Moderate,4,81-90,3899,51-60
2937,25,b,2,Y,4,TB & Chest disease,R,D,2,53264,8,Trauma,Moderate,3,91-100,4348,51-60
1055,28,b,6,X,3,gynecology,R,F,2,110184,1,Emergency,Moderate,2,31-40,4080,91-100
5631,10,c,5,Z,4,gynecology,S,F,1,32107,8,Emergency,Extreme,4,71-80,4009,31-40
4886,11,d,5,Z,3,gynecology,S,F,3,113596,11,Trauma,Minor,4,41-50,6593,unknown
1250,1,g,9,Y,4,gynecology,R,B,2,117418,8,Trauma,Moderate,3,21-30,4762,51-60
2635,11,c,13,Z,4,gynecology,R,A,3,67412,8,Trauma,Moderate,4,21-30,5179,51-60
3272,10,a,1,X,2,radiotherapy,S,E,4,54106,8,Trauma,Moderate,4,41-50,3813,More than 100 Days
829,13,e,1,X,3,gynecology,Q,E,2,13157,2,Emergency,Minor,2,61-70,4858,unknown
5439,6,e,1,X,4,anesthesia,Q,E,3,40115,8,Emergency,Moderate,2,21-30,5513,21-30
4385,20,c,3,Z,3,gynecology,Q,A,3,83750,5,Urgent,Moderate,2,41-50,4432,unknown
5383,25,b,2,Y,5,gynecology,S,D,2,40104,8,Emergency,Moderate,5,61-70,3218,51-60
618,2,c,5,Z,6,gynecology,R,F,3,109533,4,Trauma,Moderate,2,21-30,5194,21-30
3260,11,b,2,X,5,radiotherapy,Q,F,1,26368,8,Trauma,Moderate,4,41-50,4564,31-40
2029,5,a,6,X,4,gynecology,Q,F,unknown,30684,8,Trauma,Moderate,2,61-70,4729,21-30
3789,28,a,7,Y,4,gynecology,Q,C,4,120275,7,Emergency,Moderate,2,31-40,3268,unknown
2086,10,b,2,Y,4,anesthesia,S,F,2,85709,8,Trauma,Moderate,2,61-70,4988,unknown
492,19,a,5,Z,3,radiotherapy,Q,B,2,55836,8,Emergency,Moderate,4,41-50,2912,unknown
6597,27,a,7,Y,4,radiotherapy,P,C,2,122092,8,Emergency,Moderate,2,31-40,4125,31-40
8223,28,a,7,Y,2,gynecology,R,C,3,11990,8,Trauma,Moderate,2,41-50,4995,51-60
7539,32,c,9,Y,2,gynecology,S,B,4,127535,8,Urgent,Minor,2,81-90,5059,More than 100 Days
3552,10,a,9,Y,3,gynecology,Q,B,4,28561,8,Emergency,Minor,4,31-40,3391,unknown
9598,9,d,9,Y,2,TB & Chest disease,R,F,2,76589,8,Emergency,Minor,5,71-80,3893,0-10
9693,26,b,2,Y,4,gynecology,R,D,3,124956,14,Emergency,Minor,2,21-30,5118,unknown
6593,23,e,4,X,3,gynecology,Q,F,4,87255,1,Trauma,Moderate,4,81-90,4860,21-30
877,1,d,9,Y,4,gynecology,S,B,2,34873,8,Trauma,Moderate,2,41-50,5952,51-60
1879,19,c,3,Z,3,gynecology,R,A,3,80576,8,Trauma,Moderate,4,41-50,4829,31-40
938,14,c,5,Z,4,anesthesia,Q,F,4,106218,8,Trauma,Moderate,4,61-70,3864,unknown
5100,23,b,4,X,2,gynecology,R,F,2,55931,1,Trauma,Moderate,6,41-50,5093,unknown
6801,26,b,11,X,3,gynecology,R,F,3,122993,1,Trauma,Moderate,5,71-80,4105,31-40
511,2,c,3,Z,4,gynecology,R,A,2,85467,9,Urgent,Moderate,3,31-40,3943,51-60
5226,29,b,11,X,1,gynecology,R,F,4,69572,1,Urgent,Moderate,3,51-60,4137,31-40
5735,5,a,6,X,4,gynecology,R,F,2,119641,7,Trauma,Moderate,2,21-30,3330,21-30
5580,32,g,9,Y,2,radiotherapy,R,B,2,84673,8,Trauma,Moderate,2,41-50,7682,21-30
4352,5,a,7,Y,3,gynecology,S,C,2,28130,7,Trauma,Moderate,4,51-60,4926,More than 100 Days
2099,28,e,1,X,3,gynecology,R,E,3,78461,8,Trauma,Extreme,6,51-60,3639,51-60
7464,12,b,2,Y,4,gynecology,R,D,2,45754,8,Emergency,Moderate,2,71-80,4953,21-30
5248,28,b,11,X,3,anesthesia,R,F,3,76842,8,Emergency,Extreme,6,41-50,3733,51-60
5685,26,e,2,Y,5,gynecology,S,D,4,83863,8,Urgent,Moderate,4,41-50,3189,51-60
5199,21,c,3,Z,3,gynecology,R,A,2,87677,8,Trauma,Moderate,2,31-40,4350,51-60
5401,20,a,3,Y,3,gynecology,R,C,3,41096,8,Trauma,Minor,2,21-30,4617,unknown
1822,14,c,5,Z,2,anesthesia,S,F,4,69177,9,Emergency,Moderate,2,31-40,4926,51-60
3793,6,a,6,X,3,gynecology,R,F,4,94210,8,Trauma,Extreme,2,71-80,3572,51-60
4854,14,c,6,X,2,anesthesia,S,F,3,94526,8,Trauma,Moderate,2,41-50,3970,21-30
9465,19,a,1,X,4,gynecology,R,E,4,95199,14,Emergency,Moderate,3,31-40,3601,unknown
5250,4,a,6,X,4,gynecology,Q,F,unknown,38735,8,Trauma,Minor,4,51-60,5390,unknown
3511,23,a,6,X,3,gynecology,R,F,2,9227,8,Trauma,Moderate,2,31-40,4778,21-30
9439,26,b,2,Y,2,gynecology,P,D,3,23609,8,Emergency,Moderate,6,41-50,4770,0-10
4905,13,a,13,Y,4,radiotherapy,Q,F,3,108779,8,Trauma,Moderate,2,41-50,6056,21-30
7941,26,b,2,Y,1,gynecology,P,D,3,110333,8,Trauma,Moderate,8,71-80,5028,31-40
5148,26,a,7,Y,2,gynecology,S,C,3,65877,8,Emergency,Moderate,2,51-60,7075,31-40
6216,15,c,4,Z,2,anesthesia,S,F,4,68871,8,Trauma,Moderate,4,31-40,7670,71-80
3517,27,a,7,Y,4,gynecology,P,F,3,37183,8,Trauma,Moderate,4,51-60,4053,31-40
3449,27,b,11,X,4,anesthesia,Q,F,2,8246,11,Trauma,Moderate,2,81-90,5171,unknown
4358,10,b,5,Z,3,TB & Chest disease,R,F,4,29840,5,Trauma,Moderate,6,21-30,4926,31-40
4532,25,e,1,X,5,gynecology,Q,E,2,121328,8,Trauma,Moderate,5,81-90,3768,51-60
9606,26,b,2,Y,2,gynecology,S,D,2,107803,8,Trauma,Moderate,2,41-50,5794,21-30
982,26,b,2,Y,3,gynecology,S,D,2,34201,8,Emergency,Moderate,4,41-50,3784,31-40
5103,14,a,6,Z,4,gynecology,R,F,2,105023,8,Urgent,Moderate,4,41-50,4799,0-10
7904,3,a,9,Y,2,anesthesia,R,B,3,55814,8,Emergency,Moderate,2,51-60,5215,21-30
7623,23,a,6,X,2,gynecology,Q,F,3,59433,2,Trauma,Moderate,2,61-70,5517,31-40
1031,23,a,1,X,4,gynecology,R,E,2,89174,8,Trauma,Moderate,2,61-70,4873,21-30
2237,2,c,5,Z,4,gynecology,R,F,3,89034,2,Trauma,Moderate,2,21-30,6051,unknown
812,25,b,2,Y,7,anesthesia,Q,D,3,105053,8,Trauma,Extreme,5,31-40,5339,unknown
2600,28,b,11,X,3,anesthesia,R,F,3,55207,1,Trauma,Moderate,5,41-50,4117,71-80
740,20,f,9,Y,3,radiotherapy,S,B,3,92300,2,Emergency,Minor,8,21-30,5615,21-30
5888,14,e,1,X,4,radiotherapy,R,E,2,12652,8,Trauma,Extreme,3,21-30,4236,31-40
2051,25,b,2,Y,3,gynecology,R,D,4,85658,8,Trauma,Extreme,4,41-50,3111,21-30
8387,1,c,5,Z,2,anesthesia,S,F,4,71520,8,Trauma,Minor,2,71-80,5035,unknown
4152,26,b,2,Y,4,gynecology,Q,D,2,42392,unknown,Emergency,Moderate,4,71-80,3861,More than 100 Days
2823,14,d,5,Z,5,gynecology,Q,F,3,38255,8,Emergency,Extreme,4,41-50,4115,21-30
4621,26,b,1,Y,5,gynecology,Q,D,3,120879,8,Trauma,Moderate,5,0-10,4174,31-40
5127,29,a,4,X,2,anesthesia,R,F,3,47206,8,Trauma,Moderate,2,41-50,3567,31-40
6151,28,a,7,Y,2,gynecology,R,C,3,124516,8,Emergency,Moderate,2,41-50,3942,unknown
4349,3,a,9,Y,2,gynecology,R,B,2,37882,7,Trauma,Moderate,4,41-50,4994,21-30
5080,18,e,1,X,2,gynecology,S,E,3,111137,1,Emergency,Moderate,2,41-50,3702,21-30
8103,31,d,9,Y,3,gynecology,S,B,4,100673,8,Trauma,Moderate,2,unknown,4155,71-80
2321,14,d,5,Z,3,gynecology,Q,F,4,41036,5,Emergency,Moderate,2,unknown,4300,51-60
2728,20,b,2,Y,2,gynecology,S,D,4,125690,8,Trauma,Moderate,4,41-50,4758,31-40
9634,32,c,3,Z,3,gynecology,S,A,3,91613,8,Trauma,Moderate,4,31-40,5520,51-60
711,18,a,7,Y,3,gynecology,S,C,2,106118,8,Emergency,Moderate,4,51-60,3597,31-40
734,6,a,6,X,4,gynecology,Q,F,3,34645,14,Trauma,Moderate,2,21-30,3599,unknown
8961,13,d,9,X,3,anesthesia,R,E,3,74730,8,Emergency,Moderate,2,51-60,4881,51-60
5940,2,g,13,Y,2,gynecology,T,B,3,93323,4,Trauma,Moderate,2,41-50,5406,21-30
733,5,a,6,X,4,anesthesia,Q,F,unknown,99991,9,Trauma,Extreme,2,61-70,4921,31-40
650,28,b,2,Y,3,gynecology,R,D,4,68843,4,Emergency,Extreme,5,41-50,4209,71-80
2188,14,c,5,X,4,radiotherapy,S,F,4,50034,21,Emergency,Moderate,2,41-50,5059,unknown
9278,1,d,5,Z,4,radiotherapy,R,F,3,113874,8,Trauma,Moderate,2,41-50,3688,21-30
1955,6,a,4,X,2,gynecology,R,F,3,29291,8,Emergency,Extreme,8,41-50,2728,31-40
5716,27,b,11,X,3,gynecology,R,F,2,19430,8,Trauma,Extreme,6,41-50,3590,unknown
2169,5,a,6,X,6,gynecology,Q,E,3,31752,8,Trauma,Moderate,4,41-50,2923,21-30
3498,26,b,2,Y,3,radiotherapy,R,D,4,70154,4,Trauma,Moderate,4,31-40,4962,41-50
1233,7,a,4,X,2,anesthesia,R,E,3,60803,8,Trauma,Moderate,3,71-80,4969,51-60
8275,32,f,9,Y,4,gynecology,S,B,4,32420,2,Urgent,Moderate,3,81-90,3615,51-60
5943,27,b,11,Y,4,gynecology,R,D,4,85530,8,Emergency,Moderate,6,51-60,3493,51-60
914,6,a,6,X,6,gynecology,Q,F,1,45355,11,Trauma,Extreme,4,71-80,3073,31-40
4714,11,b,2,Y,7,gynecology,Q,D,2,122374,8,Trauma,Moderate,4,51-60,7532,31-40
2507,28,a,4,X,4,gynecology,R,F,3,112073,1,Trauma,Moderate,8,31-40,4994,91-100
9479,26,b,2,Y,2,radiotherapy,S,D,4,128667,8,Emergency,Moderate,2,41-50,3567,31-40
9319,26,b,2,Y,4,radiotherapy,Q,D,3,23915,unknown,Emergency,Moderate,4,61-70,5249,0-10
6526,18,c,3,Z,2,anesthesia,S,A,4,123128,8,Trauma,Moderate,2,81-90,5341,unknown
2210,29,a,6,X,3,gynecology,S,F,3,33219,2,Trauma,Moderate,8,61-70,6289,51-60
4500,26,a,2,Y,2,gynecology,Q,B,1,9907,8,Emergency,Moderate,4,51-60,4621,More than 100 Days
3381,27,a,7,Y,2,gynecology,S,C,2,28895,8,Emergency,Moderate,5,61-70,6755,51-60
5969,25,b,2,Y,7,anesthesia,Q,D,4,44031,8,Trauma,Moderate,4,41-50,5099,31-40
845,15,a,5,X,2,gynecology,R,F,2,80517,8,Trauma,Moderate,2,61-70,7537,unknown
982,18,e,1,X,4,radiotherapy,S,E,3,8198,8,Emergency,Extreme,8,41-50,2791,31-40
6520,21,a,9,Y,3,gynecology,R,B,3,95452,8,Emergency,Moderate,2,71-80,6189,21-30
5388,20,c,3,Z,3,gynecology,R,A,3,36391,8,Emergency,Moderate,4,41-50,6007,41-50
4983,10,c,5,Z,4,gynecology,S,F,4,125818,4,Trauma,Moderate,2,41-50,5814,0-10
2359,6,a,6,X,4,anesthesia,R,F,4,121292,9,Emergency,Extreme,2,61-70,5034,unknown
9468,19,c,3,Z,4,gynecology,R,A,2,109322,8,Trauma,Extreme,6,81-90,4757,21-30
685,5,a,6,Z,3,gynecology,Q,F,4,74250,4,Emergency,Extreme,4,21-30,5016,0-10
2041,32,c,3,Z,3,gynecology,R,A,3,65738,8,Trauma,Moderate,4,41-50,3760,31-40
5330,6,a,6,X,4,gynecology,R,F,1,74264,7,Emergency,Extreme,6,41-50,4038,51-60
2735,27,b,2,Y,3,gynecology,R,D,2,11537,1,Trauma,Moderate,6,81-90,6383,51-60
4662,18,a,9,Y,4,gynecology,S,C,2,71064,5,Urgent,Moderate,6,51-60,5453,31-40
3553,14,a,1,X,4,gynecology,Q,E,2,8700,8,Emergency,Extreme,2,51-60,4007,31-40
909,26,b,2,Y,3,gynecology,Q,D,2,67525,8,Trauma,Moderate,2,31-40,3052,51-60
9525,10,a,5,Y,2,gynecology,R,F,3,77455,7,Emergency,Moderate,2,21-30,5113,unknown
9218,28,b,4,X,3,gynecology,S,F,4,65184,7,Trauma,Moderate,6,41-50,5865,51-60
5628,20,c,3,Z,2,anesthesia,S,A,4,91400,8,Trauma,Moderate,6,61-70,4205,31-40
2911,15,a,5,Z,4,gynecology,R,F,2,58753,5,Emergency,Moderate,2,31-40,5006,unknown
5182,27,a,7,Y,4,gynecology,R,C,4,5498,8,Trauma,Extreme,2,51-60,4004,unknown
300,14,c,1,X,4,gynecology,R,E,3,116213,9,Trauma,Moderate,2,51-60,4693,21-30
9006,6,a,6,X,2,gynecology,Q,F,1,68055,8,Trauma,Minor,2,61-70,4706,unknown
4262,6,e,1,X,2,gynecology,S,E,2,119880,9,Emergency,Moderate,2,41-50,3491,31-40
5375,25,b,2,Y,3,anesthesia,R,D,4,13389,8,Trauma,Moderate,3,71-80,6926,51-60
5028,26,e,1,X,3,gynecology,S,E,1,73602,8,Emergency,Moderate,4,41-50,4481,unknown
4717,26,b,2,Y,4,gynecology,R,D,4,31248,8,Emergency,Moderate,2,41-50,4104,0-10
8184,19,b,2,Y,7,gynecology,R,C,2,104323,7,Trauma,Moderate,2,51-60,5126,41-50
6527,1,a,7,Y,4,gynecology,R,C,3,112319,8,Emergency,Moderate,3,41-50,4621,21-30
7989,10,c,2,Y,3,gynecology,R,F,4,34680,5,Urgent,Moderate,5,unknown,3856,41-50
2855,29,b,2,Y,7,gynecology,S,D,3,90670,8,Trauma,Moderate,6,61-70,6166,51-60
7616,20,c,3,Z,2,gynecology,R,A,4,63566,8,Emergency,Moderate,3,0-10,4830,51-60
1134,5,a,6,X,4,gynecology,R,F,3,73428,1,Trauma,Moderate,6,61-70,2681,51-60
8007,26,b,2,Y,3,anesthesia,R,D,3,36914,8,Trauma,Minor,8,31-40,6505,51-60
2050,5,a,1,X,4,gynecology,Q,E,3,75223,1,Emergency,Moderate,2,51-60,3035,unknown
5800,23,a,5,Z,2,radiotherapy,S,F,4,8085,7,Trauma,Moderate,2,41-50,4435,31-40
2008,10,c,5,Z,4,gynecology,S,F,4,31741,8,Trauma,Minor,4,51-60,6691,51-60
908,10,b,2,Y,4,gynecology,Q,D,2,7838,8,Emergency,Moderate,2,31-40,5209,21-30
5029,1,a,9,Y,2,anesthesia,S,B,2,70354,8,Emergency,Moderate,6,41-50,4264,51-60
968,23,d,5,Z,3,anesthesia,R,F,3,67667,5,Urgent,Moderate,3,31-40,4958,unknown
5757,21,d,10,Y,4,gynecology,R,B,2,105000,2,Emergency,Moderate,2,41-50,2986,51-60
9464,23,d,5,Z,4,gynecology,S,F,2,129874,7,Trauma,Moderate,2,31-40,4907,unknown
1957,20,c,3,Z,4,gynecology,R,A,3,12274,8,Trauma,Minor,4,41-50,5593,41-50
2891,2,c,5,Z,3,gynecology,S,A,4,54780,5,Emergency,Moderate,3,91-100,3190,61-70
5072,26,b,2,Y,4,anesthesia,Q,D,3,29751,8,Trauma,Moderate,5,41-50,3986,More than 100 Days
5880,10,b,2,Y,5,radiotherapy,S,D,4,43086,unknown,Trauma,Extreme,5,71-80,6075,31-40
5486,23,a,6,X,4,gynecology,S,E,2,65036,8,Trauma,Moderate,4,31-40,3789,71-80
733,5,b,1,X,4,gynecology,R,E,3,105486,1,Emergency,Moderate,4,71-80,3885,21-30
973,11,b,5,Z,4,gynecology,Q,D,3,111547,8,Trauma,Moderate,6,41-50,5207,21-30
8562,6,a,6,X,4,anesthesia,R,F,4,123161,8,Trauma,Moderate,2,41-50,5391,31-40
964,23,a,6,X,4,gynecology,R,F,3,35936,8,Trauma,Minor,2,81-90,4807,21-30
2536,5,c,5,Z,2,gynecology,S,F,3,18062,8,Trauma,Moderate,4,61-70,3837,51-60
1009,26,b,2,Y,2,radiotherapy,Q,D,4,33658,8,Trauma,Extreme,5,41-50,3135,61-70
5944,23,e,6,X,3,anesthesia,Q,F,3,91380,2,Urgent,Moderate,3,31-40,3175,31-40
7873,13,a,1,X,3,gynecology,R,E,3,105743,8,Trauma,Moderate,2,41-50,4917,71-80
1925,21,c,3,Z,4,gynecology,S,A,2,103314,4,Trauma,Moderate,2,31-40,4772,0-10
9213,26,b,2,Y,4,radiotherapy,S,D,2,97184,8,Trauma,Extreme,3,31-40,5133,31-40
306,1,c,3,Z,3,gynecology,R,A,3,90627,4,Trauma,Moderate,3,41-50,4727,unknown
8451,23,a,6,X,2,anesthesia,R,F,2,84908,8,Trauma,Moderate,4,51-60,6013,21-30
704,14,a,4,X,4,gynecology,R,F,2,34568,1,Trauma,Moderate,2,21-30,4676,51-60
974,19,c,3,Z,3,gynecology,R,A,2,94671,9,Trauma,Moderate,3,41-50,2816,41-50
8261,26,b,2,Y,3,radiotherapy,R,D,4,13128,8,Trauma,Moderate,6,71-80,7744,51-60
5197,23,a,4,X,2,gynecology,R,F,3,34012,8,Trauma,Moderate,6,31-40,5174,21-30
362,10,b,2,Y,4,gynecology,R,D,3,48861,8,Trauma,Moderate,4,41-50,4108,21-30
7851,32,f,9,Y,2,anesthesia,S,B,3,77795,7,Emergency,Moderate,4,61-70,7898,31-40
5231,8,e,1,X,4,gynecology,Q,E,3,26609,2,Emergency,Minor,2,31-40,4941,unknown
912,26,b,2,Y,3,gynecology,R,D,2,71257,7,Trauma,Moderate,6,31-40,3709,31-40
6093,7,e,1,X,3,gynecology,Q,E,4,35077,8,Emergency,Extreme,6,41-50,3086,31-40
2257,11,a,1,X,3,gynecology,R,E,2,129643,unknown,Emergency,Moderate,2,61-70,3144,unknown
2923,20,c,3,Z,3,gynecology,S,A,3,70331,8,Trauma,Minor,2,61-70,6587,31-40
3948,26,g,9,Y,3,gynecology,Q,B,1,101888,21,Urgent,Moderate,3,41-50,4220,21-30
920,23,a,6,X,4,gynecology,R,F,3,77429,1,Trauma,Moderate,2,41-50,5146,21-30
9279,26,b,2,Y,2,gynecology,R,D,3,10702,8,Trauma,Extreme,4,61-70,4332,21-30
1952,14,e,1,X,2,anesthesia,Q,E,3,48096,10,Trauma,Minor,4,21-30,3983,81-90
8290,5,a,6,X,4,gynecology,Q,F,2,71047,unknown,Urgent,Minor,3,41-50,4104,21-30
638,23,a,6,X,4,radiotherapy,Q,F,3,35729,2,Trauma,Moderate,2,41-50,4716,unknown
7419,14,c,5,Z,3,anesthesia,R,F,4,79303,9,Trauma,Moderate,2,41-50,7144,unknown
6095,11,d,13,Y,4,gynecology,S,B,4,34414,2,Urgent,Moderate,4,51-60,6405,51-60
956,12,d,5,Y,3,gynecology,Q,A,2,67722,5,Trauma,Moderate,2,unknown,6079,21-30
781,19,c,3,Y,4,gynecology,S,A,4,31836,4,Emergency,Moderate,3,41-50,4436,unknown
2701,26,e,2,Y,4,gynecology,Q,D,4,103370,4,Emergency,Moderate,2,41-50,4121,21-30
4367,26,b,2,Y,1,radiotherapy,Q,D,3,33353,8,Trauma,Moderate,8,81-90,4348,51-60
5038,25,b,2,Y,3,gynecology,Q,D,4,10073,7,Trauma,Moderate,5,91-100,4893,51-60
4997,28,b,2,Y,2,anesthesia,S,D,4,85029,unknown,Trauma,Moderate,2,unknown,4959,21-30
1825,5,a,6,X,4,gynecology,Q,F,4,57714,14,Trauma,Moderate,2,31-40,2552,unknown
5828,27,b,2,Y,2,radiotherapy,R,D,4,64885,8,Emergency,Moderate,4,unknown,5167,31-40
6842,11,a,5,X,5,gynecology,Q,F,1,77488,7,Emergency,Moderate,4,21-30,3483,unknown
7380,5,a,1,X,4,gynecology,Q,E,3,120222,8,Emergency,Moderate,2,31-40,3857,21-30
4796,10,e,1,X,4,anesthesia,Q,E,3,53361,10,Trauma,Moderate,2,31-40,3975,91-100
3662,10,e,1,X,2,gynecology,R,E,2,9605,9,Emergency,Moderate,6,31-40,3863,31-40
6132,3,a,9,Y,2,gynecology,S,B,4,52168,8,Urgent,Moderate,2,31-40,3638,21-30
909,26,b,2,Y,4,gynecology,S,D,2,125649,8,Trauma,Moderate,8,51-60,4075,51-60
5992,28,a,5,X,3,gynecology,R,F,3,91847,2,Trauma,Moderate,2,71-80,4284,31-40
2320,11,c,5,Z,3,gynecology,S,F,4,94552,4,Emergency,Extreme,4,21-30,3406,31-40
6142,25,b,2,Y,4,gynecology,R,D,2,114729,8,Emergency,Moderate,4,61-70,4145,31-40
4559,23,a,6,X,3,radiotherapy,S,F,4,82969,8,Trauma,Moderate,2,41-50,4907,unknown
3180,25,b,2,Y,4,TB & Chest disease,R,D,2,122057,23,Trauma,Moderate,2,41-50,5019,unknown
7764,29,c,4,Z,2,anesthesia,Q,F,2,109817,8,Trauma,Moderate,2,51-60,4863,0-10
4236,19,e,1,X,4,gynecology,S,E,2,23896,8,Trauma,Moderate,2,41-50,5012,21-30
2089,28,b,4,X,3,gynecology,Q,F,3,29329,8,Trauma,Moderate,3,41-50,3795,31-40
2461,21,c,3,Z,3,gynecology,S,A,2,90233,5,Emergency,Moderate,2,41-50,4158,unknown
4899,5,a,6,X,4,gynecology,R,F,3,65515,8,Trauma,Moderate,3,41-50,4851,21-30
2917,29,e,6,X,2,anesthesia,R,F,1,78498,8,Trauma,Minor,6,51-60,5015,51-60
1041,26,b,2,Y,3,radiotherapy,R,D,4,60968,8,Emergency,Moderate,2,21-30,5028,31-40
655,10,e,1,X,4,gynecology,Q,E,2,106619,unknown,Trauma,Moderate,2,31-40,4452,unknown
1976,32,f,9,Y,3,gynecology,S,B,2,86610,8,Emergency,Moderate,3,41-50,5041,51-60
930,10,d,5,Z,3,gynecology,R,F,3,35625,8,Trauma,Moderate,8,81-90,4469,31-40
3545,11,d,12,Y,4,gynecology,Q,D,2,127606,unknown,Urgent,Moderate,2,41-50,4051,21-30
5507,28,d,5,Z,2,anesthesia,R,F,4,65022,2,Trauma,Moderate,2,61-70,4891,unknown
8710,14,a,4,X,3,gynecology,R,F,3,112532,2,Trauma,Moderate,6,61-70,5484,unknown
1831,27,a,6,X,1,gynecology,R,F,2,113613,unknown,Trauma,Moderate,2,41-50,4960,21-30
2086,17,a,7,Y,6,gynecology,P,C,2,100711,8,Emergency,Moderate,4,41-50,4242,21-30
2753,5,a,6,X,4,gynecology,Q,E,3,58677,20,Emergency,Moderate,2,41-50,3659,unknown
1767,29,b,11,X,3,gynecology,R,F,4,102411,2,Trauma,Minor,6,71-80,5090,51-60
2692,13,a,1,X,4,gynecology,R,E,2,33139,8,Trauma,Moderate,2,51-60,5638,unknown
988,9,e,1,X,4,gynecology,Q,E,2,54073,9,Urgent,Moderate,6,61-70,4956,21-30
5616,24,a,7,Y,1,anesthesia,R,C,3,124794,8,Trauma,Minor,2,51-60,5044,unknown
9708,9,e,1,X,2,anesthesia,R,E,3,126398,8,Trauma,Moderate,2,21-30,5390,More than 100 Days
2787,6,a,6,X,4,gynecology,Q,F,3,10493,8,Emergency,Moderate,6,61-70,3950,21-30
7897,27,b,2,Y,4,gynecology,R,D,4,28992,8,Emergency,Moderate,3,61-70,6664,unknown
4172,19,a,7,Y,4,gynecology,P,C,3,40380,8,Emergency,Extreme,4,31-40,3944,unknown
4553,2,b,9,Y,2,gynecology,S,B,2,52887,8,Trauma,Extreme,4,41-50,5069,71-80
8321,23,a,6,X,3,gynecology,R,F,3,44907,8,Trauma,Minor,2,21-30,4845,unknown
3559,4,e,1,X,5,gynecology,Q,E,1,95139,8,Trauma,Extreme,8,61-70,3049,21-30
5298,11,a,12,Y,4,radiotherapy,R,B,3,36193,8,Trauma,Moderate,3,31-40,4488,21-30
2740,19,e,1,X,4,gynecology,R,E,2,109052,1,Emergency,Moderate,2,31-40,3711,71-80
1041,13,e,1,X,4,gynecology,S,E,2,77713,8,Emergency,Extreme,4,71-80,4099,21-30
4975,12,e,1,X,3,gynecology,Q,E,2,86528,9,Urgent,Moderate,2,41-50,3331,21-30
2738,26,b,2,Y,3,gynecology,Q,D,3,36363,8,Trauma,Moderate,6,61-70,3845,31-40
3542,28,b,11,Y,3,gynecology,R,D,4,109717,1,Emergency,Moderate,3,41-50,7749,unknown
4729,27,a,11,X,4,gynecology,R,F,unknown,10431,8,Trauma,Moderate,5,41-50,2800,21-30
6930,29,b,11,X,4,radiotherapy,R,F,3,66068,8,Trauma,Moderate,6,41-50,3923,21-30
5401,23,a,6,X,4,gynecology,Q,F,3,63279,8,Trauma,Extreme,6,51-60,4550,81-90
8099,26,a,7,Y,4,gynecology,S,D,3,107655,8,Emergency,Minor,2,31-40,4209,51-60
6940,28,a,11,X,3,gynecology,R,F,2,35378,1,Urgent,Moderate,5,0-10,4091,51-60
5472,14,c,5,Z,4,gynecology,R,F,3,33980,4,Emergency,Moderate,2,51-60,4767,21-30
878,22,a,6,X,4,gynecology,Q,F,3,93643,8,Emergency,Moderate,2,31-40,5409,unknown
7757,10,d,5,Z,2,gynecology,Q,F,3,83451,8,Trauma,Moderate,4,81-90,3913,unknown
5754,23,a,4,X,4,gynecology,R,F,4,11497,2,Urgent,Minor,2,21-30,4762,unknown
2855,27,a,1,X,2,gynecology,R,F,3,38492,7,Urgent,Minor,3,41-50,5111,0-10
9159,26,b,2,Y,4,radiotherapy,S,D,1,71789,2,Emergency,Moderate,6,61-70,2901,41-50
911,12,g,9,Y,3,gynecology,P,B,2,56354,unknown,Urgent,Extreme,5,21-30,3483,31-40
2078,1,d,3,Z,3,gynecology,R,F,2,74931,4,Trauma,Moderate,4,31-40,5597,21-30
5316,18,d,7,Y,3,gynecology,R,B,2,61586,4,Trauma,Moderate,4,31-40,4156,51-60
2433,6,a,6,X,2,gynecology,R,F,4,29999,8,Trauma,Extreme,3,61-70,5149,51-60
2558,27,a,7,Y,4,gynecology,R,C,1,30506,8,Emergency,Moderate,2,31-40,3664,21-30
6676,26,b,2,Y,1,gynecology,S,D,4,82184,8,Emergency,Moderate,6,61-70,3418,71-80
2137,11,a,2,Y,2,gynecology,Q,C,3,36347,8,Emergency,Minor,8,21-30,6098,31-40
3662,6,a,7,Y,4,radiotherapy,R,C,3,46892,8,Trauma,Moderate,2,41-50,4067,31-40
7422,13,a,9,Y,2,gynecology,S,B,4,32029,8,Emergency,Minor,2,71-80,6112,51-60
5088,9,a,1,X,3,gynecology,Q,E,3,8202,2,Emergency,Extreme,4,41-50,6470,31-40
5686,28,b,4,X,3,gynecology,R,F,3,78634,1,Trauma,Moderate,7,51-60,3095,51-60
883,11,a,5,X,4,gynecology,R,F,2,8725,8,Urgent,Moderate,2,41-50,3818,21-30
960,26,b,4,X,3,gynecology,R,F,2,53191,8,Trauma,Moderate,5,unknown,4133,51-60
894,26,a,7,Y,4,gynecology,S,C,2,28563,8,Urgent,Moderate,6,61-70,4114,21-30
1694,28,b,6,X,4,gynecology,R,F,3,62233,8,Trauma,Moderate,6,61-70,5937,61-70
3140,28,b,2,Y,5,gynecology,Q,D,2,26447,5,Trauma,Extreme,4,41-50,3141,51-60
8094,14,a,1,X,4,anesthesia,R,E,3,11030,1,Trauma,Moderate,2,31-40,5211,31-40
2913,17,e,1,X,3,anesthesia,S,E,2,67453,5,Emergency,Moderate,2,41-50,4712,51-60
9170,20,a,7,Y,3,gynecology,S,C,2,67065,8,Emergency,Moderate,4,41-50,4175,unknown
4102,20,d,2,Y,4,anesthesia,R,B,4,124107,8,Trauma,Moderate,2,51-60,4932,21-30
8043,9,d,9,Y,4,anesthesia,Q,D,2,81033,8,Trauma,Moderate,2,41-50,6522,31-40
7709,26,b,7,Y,2,gynecology,S,C,3,100949,8,Trauma,Moderate,2,71-80,5803,51-60
991,26,b,2,Y,4,gynecology,Q,D,2,124455,8,Trauma,Extreme,4,31-40,5735,31-40
961,2,a,7,Y,7,gynecology,Q,C,1,80394,8,Trauma,Extreme,2,71-80,3429,31-40
5316,26,e,2,Y,4,gynecology,S,C,2,103741,4,Emergency,Extreme,6,41-50,4045,unknown
5542,18,e,1,X,4,gynecology,S,E,4,25432,1,Emergency,Extreme,2,41-50,4860,31-40
7745,10,d,9,Y,2,gynecology,S,B,4,67208,8,Emergency,Minor,4,unknown,5420,unknown
2201,23,a,1,X,2,gynecology,R,E,3,75370,8,Trauma,Moderate,4,21-30,4030,31-40
8137,11,a,5,Z,4,gynecology,Q,F,4,27855,9,Trauma,Moderate,2,31-40,6968,unknown
7410,27,a,4,X,1,gynecology,R,F,3,61192,8,Trauma,Extreme,8,41-50,3257,31-40
2162,23,a,5,Y,3,gynecology,R,F,3,113784,14,Trauma,Minor,6,21-30,4323,51-60
7786,2,c,5,Z,2,gynecology,S,F,4,66616,8,Emergency,Moderate,4,unknown,3310,41-50
3263,28,b,2,Y,4,anesthesia,R,D,4,119090,8,Trauma,Moderate,3,41-50,6157,41-50
7521,27,a,4,X,4,gynecology,R,F,3,114171,8,Emergency,Minor,2,81-90,5062,unknown
5600,10,c,12,Z,4,gynecology,S,A,2,76113,4,Urgent,Moderate,4,41-50,4419,unknown
4344,26,b,2,Y,4,gynecology,Q,D,2,92350,9,Emergency,Extreme,4,31-40,4060,31-40
7445,10,c,5,Z,4,gynecology,R,F,2,90264,4,Trauma,Moderate,2,31-40,6114,21-30
323,32,c,3,Z,2,gynecology,S,A,4,93715,8,Emergency,Moderate,4,41-50,3325,0-10
4554,2,d,5,Y,3,gynecology,S,B,4,74560,4,Trauma,Minor,2,71-80,5298,unknown
4675,28,b,11,X,4,gynecology,R,F,4,96765,7,Trauma,Moderate,6,41-50,3872,51-60
5326,26,b,2,Y,4,gynecology,S,D,3,96361,22,Trauma,Moderate,2,41-50,5282,unknown
8672,10,a,7,Y,2,gynecology,R,C,3,36414,8,Trauma,Minor,2,61-70,5917,unknown
8090,26,b,2,Y,1,radiotherapy,Q,D,4,28949,8,Trauma,Minor,5,71-80,5143,31-40
808,10,a,1,X,3,gynecology,Q,F,3,107239,4,Emergency,Minor,2,21-30,3250,0-10
4712,19,a,7,Y,4,gynecology,P,C,1,76570,8,Emergency,Moderate,2,21-30,4000,21-30
1019,19,a,1,X,4,gynecology,R,E,2,59727,8,Emergency,Moderate,4,31-40,4664,unknown
4680,28,b,11,X,3,anesthesia,R,F,3,103048,21,Trauma,Moderate,3,71-80,4883,31-40
5416,3,c,5,Z,3,gynecology,S,F,2,30697,9,Emergency,Moderate,2,31-40,7669,31-40
4119,27,a,7,Y,4,gynecology,Q,C,2,127856,11,Emergency,Extreme,3,31-40,3171,41-50
920,23,a,6,X,4,anesthesia,S,F,4,40285,2,Trauma,Moderate,2,41-50,4993,31-40
8265,30,f,9,Y,3,gynecology,S,B,4,122277,9,Trauma,Moderate,4,41-50,6025,51-60
3465,23,a,7,Y,2,gynecology,R,C,3,32040,8,Urgent,Moderate,2,31-40,4831,unknown
5967,27,b,4,X,2,gynecology,R,F,3,59273,8,Trauma,Moderate,6,41-50,7789,51-60
8986,10,e,1,X,3,anesthesia,R,E,3,53078,unknown,Trauma,Moderate,5,41-50,4557,91-100
798,20,a,7,Y,4,gynecology,Q,C,2,118915,9,Emergency,Moderate,3,41-50,5096,21-30
825,19,a,13,Y,3,gynecology,Q,B,2,97510,23,Urgent,Moderate,2,71-80,3412,unknown
2197,26,b,2,Y,2,gynecology,S,D,2,124591,4,Trauma,Moderate,3,61-70,5119,31-40
2069,5,a,6,X,4,gynecology,Q,F,unknown,74598,14,Trauma,Extreme,2,21-30,2823,unknown
7522,26,a,1,X,1,gynecology,R,E,3,89415,2,Trauma,Moderate,3,51-60,4730,unknown
3411,28,a,11,X,3,gynecology,R,F,3,6936,8,Trauma,Moderate,2,81-90,4275,31-40
5018,15,c,5,Z,2,gynecology,R,F,4,127787,8,Trauma,Moderate,2,41-50,6394,51-60
4390,28,a,7,Y,4,gynecology,Q,C,1,54058,8,Emergency,Moderate,4,31-40,4094,21-30
3633,23,a,1,X,2,anesthesia,S,E,3,124503,8,Trauma,Moderate,2,61-70,5014,31-40
8050,22,a,6,X,4,gynecology,R,F,4,68689,8,Trauma,Moderate,2,71-80,5066,21-30
3943,11,e,1,X,4,anesthesia,R,E,2,86893,8,Trauma,Moderate,2,41-50,5836,21-30
2284,28,b,11,X,3,gynecology,S,F,4,58242,8,Urgent,Moderate,2,81-90,4983,51-60
5917,5,a,1,X,2,anesthesia,Q,E,4,103999,unknown,Trauma,Moderate,2,41-50,5062,21-30
5529,21,a,9,Y,3,gynecology,S,B,4,126063,8,Emergency,Extreme,4,41-50,5033,31-40
436,27,a,7,Y,4,gynecology,R,C,2,7979,8,Trauma,Moderate,3,71-80,5301,unknown
5341,27,b,2,Y,4,anesthesia,P,D,3,35687,8,Trauma,Extreme,8,71-80,5487,unknown
6957,23,a,6,X,4,anesthesia,R,E,4,92929,2,Trauma,Minor,3,41-50,3533,unknown
3210,28,b,4,X,5,gynecology,R,F,3,60770,8,Emergency,Moderate,4,71-80,5486,21-30
1629,23,a,1,X,7,gynecology,S,E,2,58359,8,Trauma,Moderate,8,41-50,3650,31-40
5755,24,e,1,X,2,gynecology,R,E,3,92230,8,Emergency,Moderate,2,41-50,5050,More than 100 Days
575,27,b,2,Y,1,gynecology,R,D,2,28402,2,Emergency,Minor,5,41-50,4942,unknown
4976,26,b,2,Y,2,gynecology,Q,D,3,98231,8,Emergency,Extreme,5,61-70,3988,More than 100 Days
634,19,c,3,Z,3,gynecology,Q,A,3,66164,8,Trauma,Moderate,4,41-50,4812,31-40
8594,20,a,7,Y,7,gynecology,S,C,2,122567,8,Emergency,Moderate,5,81-90,4924,unknown
7466,9,e,1,X,3,gynecology,R,E,4,29933,10,Trauma,Minor,12,41-50,4869,unknown
3661,19,e,1,X,3,gynecology,S,E,2,122936,unknown,Emergency,Moderate,3,41-50,4797,51-60
2186,25,b,2,Y,1,gynecology,R,D,4,110318,8,Trauma,Moderate,3,31-40,4541,51-60
4841,28,a,4,X,3,gynecology,R,F,4,24296,2,Trauma,Moderate,2,41-50,3951,51-60
1552,26,b,2,Y,5,anesthesia,R,D,3,103787,2,Emergency,Moderate,2,41-50,4098,31-40
4184,27,a,6,X,4,gynecology,R,F,2,114572,14,Emergency,Moderate,2,41-50,3540,91-100
8454,11,a,11,X,2,gynecology,R,F,3,78175,8,Trauma,Moderate,2,41-50,5048,0-10
708,20,a,1,X,4,gynecology,R,E,4,48550,8,Trauma,Moderate,2,31-40,4867,21-30
4281,1,d,5,Z,2,gynecology,S,F,4,12772,5,Urgent,Moderate,3,unknown,3996,21-30
9295,6,a,6,X,4,gynecology,Q,F,2,55480,1,Trauma,Moderate,2,31-40,4191,unknown
2877,23,a,6,X,1,radiotherapy,R,F,2,26467,8,Emergency,Moderate,6,unknown,3752,51-60
2488,20,a,7,Y,7,gynecology,Q,C,2,62133,8,Trauma,Minor,4,41-50,4057,31-40
2144,13,c,5,Z,4,gynecology,Q,F,4,79395,4,Emergency,Moderate,2,51-60,3227,21-30
5200,19,b,2,Y,5,gynecology,Q,D,2,27476,8,Emergency,Minor,6,21-30,4897,21-30
9331,15,a,7,X,4,gynecology,Q,E,2,25802,8,Trauma,Moderate,2,21-30,4969,21-30
7700,23,a,9,X,3,gynecology,R,B,3,14133,8,Trauma,Moderate,2,41-50,4984,unknown
4831,21,a,9,Y,2,gynecology,S,B,3,127045,8,Urgent,Extreme,2,71-80,5215,unknown
3196,5,a,1,X,3,gynecology,Q,E,3,36341,2,Trauma,Moderate,4,61-70,3539,51-60
1109,25,b,2,Y,5,gynecology,Q,D,2,122460,4,Emergency,Moderate,3,41-50,4024,31-40
5638,2,c,3,Z,3,gynecology,S,A,2,8416,5,Trauma,Moderate,3,41-50,5701,51-60
377,28,b,7,Y,4,TB & Chest disease,R,F,3,98368,2,Trauma,Moderate,6,unknown,4532,31-40
3647,25,b,2,Y,3,gynecology,S,D,4,35855,23,Trauma,Moderate,5,71-80,5077,31-40
5456,19,c,3,Z,4,gynecology,Q,F,2,57659,5,Trauma,Moderate,6,41-50,3916,51-60
3014,27,a,4,X,3,gynecology,R,F,1,87280,8,Emergency,Extreme,3,51-60,3730,31-40
9432,2,b,2,Y,2,anesthesia,Q,D,4,80037,9,Emergency,Moderate,2,41-50,4661,21-30
894,2,c,5,Z,2,gynecology,S,F,4,62921,2,Emergency,Extreme,6,41-50,3302,51-60
954,26,b,2,Y,3,gynecology,S,D,2,6462,8,Trauma,Moderate,3,41-50,3443,31-40
4163,12,d,2,Y,2,gynecology,S,D,4,122871,8,Emergency,Moderate,8,21-30,4247,41-50
7347,26,a,12,X,4,gynecology,S,D,4,125327,8,Trauma,Moderate,6,41-50,5522,21-30
1380,26,g,9,Y,3,gynecology,R,D,4,86653,8,Trauma,Moderate,3,61-70,2925,31-40
2604,6,a,6,X,4,gynecology,Q,F,4,69860,8,Trauma,Moderate,4,61-70,3865,51-60
8511,14,a,6,X,2,gynecology,R,E,4,51871,9,Emergency,Moderate,4,51-60,5092,31-40
5827,26,b,2,Y,2,gynecology,R,D,3,97302,5,Trauma,Moderate,2,41-50,3774,31-40
7774,14,a,1,X,3,anesthesia,R,E,4,32348,8,Emergency,Moderate,2,61-70,5838,21-30
8392,26,b,11,Y,3,gynecology,R,F,3,101541,1,Trauma,Minor,2,51-60,4699,unknown
5332,10,b,5,Z,4,radiotherapy,R,F,4,10609,15,Urgent,Extreme,5,31-40,5457,unknown
2385,10,c,3,Z,3,radiotherapy,S,A,4,126080,8,Urgent,Moderate,4,41-50,4831,21-30
59,9,b,2,Y,4,gynecology,Q,D,1,25208,5,Trauma,Extreme,4,41-50,3212,71-80
7204,28,b,11,X,3,gynecology,R,F,4,22145,8,Trauma,Moderate,2,21-30,4093,unknown
3708,2,c,3,Z,4,gynecology,S,A,4,69730,8,Trauma,Moderate,4,41-50,7448,21-30
1961,18,e,1,X,4,gynecology,S,E,2,108622,8,Trauma,Moderate,4,31-40,5278,51-60
4870,26,b,2,Y,3,anesthesia,R,D,4,49196,8,Trauma,Moderate,3,51-60,4190,unknown
1536,26,b,2,Y,2,gynecology,S,D,3,99065,8,Trauma,Moderate,2,21-30,7226,31-40
5257,9,d,5,Z,4,radiotherapy,S,F,3,67443,8,Trauma,Moderate,2,21-30,5175,unknown
2229,23,a,6,X,4,anesthesia,Q,F,3,27712,8,Trauma,Moderate,3,41-50,5514,unknown
6034,25,e,1,X,4,radiotherapy,R,E,2,75258,8,Emergency,Moderate,6,41-50,4319,unknown
3503,29,a,6,X,3,gynecology,R,F,2,52909,8,Trauma,Moderate,8,71-80,3514,71-80
4810,14,a,1,X,3,gynecology,R,E,3,66808,8,Emergency,Moderate,6,unknown,3971,unknown
6525,10,a,2,Y,4,gynecology,Q,C,3,94724,11,Trauma,Moderate,4,unknown,6818,unknown
2635,10,e,1,X,4,gynecology,S,E,2,35554,9,Trauma,Moderate,2,41-50,5452,21-30
3705,26,b,11,Y,4,gynecology,R,D,2,11698,1,Trauma,Moderate,3,41-50,5150,61-70
8393,14,f,9,Y,4,gynecology,S,B,3,127702,8,Trauma,Extreme,2,41-50,3623,unknown
5145,19,e,1,X,3,anesthesia,S,E,2,92704,9,Emergency,Extreme,2,31-40,3471,unknown
4943,14,c,5,Z,6,gynecology,S,F,2,61252,5,Trauma,Moderate,2,21-30,4933,51-60
7600,3,a,6,X,2,gynecology,S,F,3,33499,8,Trauma,Moderate,2,21-30,5493,21-30
5587,25,e,1,X,2,anesthesia,R,E,4,52710,9,Trauma,Extreme,2,41-50,4517,41-50
5325,14,e,1,X,4,gynecology,Q,E,2,82606,8,Trauma,Moderate,2,41-50,5224,21-30
589,11,c,3,Z,4,gynecology,S,A,2,122658,5,Emergency,Moderate,4,81-90,4265,31-40
4835,28,a,6,X,4,gynecology,S,F,3,30695,2,Trauma,Moderate,2,71-80,4875,0-10
7088,5,a,6,X,3,gynecology,R,F,3,37458,8,Trauma,Moderate,3,unknown,4726,unknown
2406,25,b,2,Y,3,gynecology,S,D,2,55394,8,Trauma,Moderate,8,71-80,5649,51-60
2334,28,a,11,X,3,radiotherapy,R,F,4,56688,1,Trauma,Extreme,8,41-50,5509,51-60
2584,19,a,7,Y,2,gynecology,S,C,2,23025,8,Emergency,Moderate,2,41-50,4803,51-60
774,19,a,7,Y,5,gynecology,S,C,3,67623,8,Emergency,Moderate,6,41-50,7072,31-40
1139,14,c,5,Z,4,gynecology,Q,F,2,63811,9,Emergency,Extreme,4,41-50,3427,31-40
667,11,a,9,Y,4,gynecology,Q,B,3,109109,8,Trauma,Moderate,2,61-70,3928,31-40
7831,1,c,5,Z,4,gynecology,R,F,3,26123,8,Trauma,Moderate,4,61-70,4128,31-40
6599,26,a,7,Y,3,gynecology,S,C,2,111055,8,Trauma,Moderate,2,21-30,6739,21-30
5200,27,a,7,Y,4,gynecology,R,C,4,69003,unknown,Emergency,Moderate,2,31-40,3971,unknown
5786,20,c,3,Z,3,gynecology,S,A,2,58171,5,Emergency,Moderate,3,41-50,3420,41-50
5936,11,b,2,Y,5,radiotherapy,Q,D,4,30027,8,Trauma,Moderate,3,51-60,5016,51-60
4337,22,a,4,X,3,anesthesia,R,F,3,78284,8,Emergency,Moderate,2,31-40,3926,unknown
2057,14,a,7,Y,4,gynecology,Q,C,3,33616,8,Emergency,Minor,4,unknown,4954,unknown
776,14,c,5,Z,4,gynecology,S,F,4,43685,23,Trauma,Moderate,2,41-50,4778,71-80
6776,13,a,1,X,4,anesthesia,Q,E,3,106123,8,Trauma,Moderate,6,41-50,6062,31-40
1216,8,e,1,X,3,gynecology,R,E,4,54645,7,Emergency,Minor,3,81-90,4550,unknown
8367,23,a,9,Y,4,gynecology,Q,B,4,73581,8,Emergency,Moderate,3,21-30,4799,unknown
8225,19,b,9,Y,6,gynecology,S,B,2,24618,7,Trauma,Moderate,3,61-70,3523,51-60
7643,27,a,7,Y,2,gynecology,Q,C,3,92690,8,Emergency,Minor,2,41-50,3154,unknown
2848,19,a,7,Y,3,gynecology,S,C,3,117247,8,Trauma,Moderate,4,71-80,5178,31-40
4422,26,b,2,Y,1,gynecology,S,D,4,85957,8,Trauma,Moderate,4,51-60,4142,41-50
659,31,c,3,Z,2,gynecology,S,A,3,82267,4,Trauma,Moderate,2,61-70,6041,unknown
6589,15,c,3,Z,3,gynecology,S,F,2,74194,4,Trauma,Moderate,4,41-50,5013,unknown
4466,25,b,2,Y,3,gynecology,R,D,2,43007,unknown,Urgent,Moderate,3,31-40,3917,41-50
328,18,a,7,Y,3,gynecology,Q,C,2,89872,8,Trauma,Moderate,3,41-50,6764,21-30
5253,25,e,1,Y,4,gynecology,S,E,3,121824,8,Emergency,Moderate,5,61-70,4041,31-40
7259,28,a,1,X,2,gynecology,S,F,4,125533,8,Trauma,Minor,6,71-80,7083,51-60
4373,1,c,5,Z,4,gynecology,S,F,4,37724,10,Emergency,Moderate,3,41-50,5751,unknown
8058,12,c,5,Z,2,gynecology,Q,F,3,96436,8,Trauma,Moderate,2,61-70,4097,21-30
611,23,a,6,X,6,radiotherapy,Q,F,3,34487,1,Trauma,Moderate,4,61-70,3964,21-30
855,14,c,5,Z,4,gynecology,S,F,2,113367,8,Trauma,Moderate,2,41-50,3078,0-10
9404,23,e,1,X,4,gynecology,Q,E,3,97954,8,Trauma,Extreme,4,41-50,3419,31-40
7246,26,b,2,Y,2,radiotherapy,S,D,4,93148,7,Emergency,Extreme,8,31-40,4768,51-60
4744,28,b,11,X,4,gynecology,R,F,2,63758,4,Trauma,Moderate,2,41-50,4943,0-10
1334,26,b,2,Y,4,gynecology,R,D,2,86317,1,Trauma,Moderate,5,41-50,4039,51-60
4117,14,c,1,Z,2,gynecology,S,E,4,65735,8,Trauma,Moderate,4,61-70,4554,21-30
746,9,a,5,X,5,radiotherapy,Q,E,2,30377,8,Trauma,Minor,2,51-60,4778,unknown
8165,27,a,4,X,3,gynecology,R,F,3,9901,2,Emergency,Minor,5,71-80,4122,More than 100 Days
5243,25,b,2,Y,3,anesthesia,Q,D,4,31971,23,Emergency,Minor,2,41-50,4683,41-50
9465,18,a,7,Y,2,gynecology,S,C,4,99522,8,Emergency,Moderate,2,41-50,4664,unknown
8632,14,a,1,X,4,gynecology,S,E,4,45955,2,Trauma,Moderate,2,21-30,4561,unknown
479,19,a,7,Y,3,gynecology,S,C,2,92219,8,Trauma,Moderate,3,61-70,5182,31-40
8602,28,a,4,X,4,radiotherapy,R,F,2,57151,8,Urgent,Moderate,2,51-60,4137,21-30
6618,27,a,1,X,4,gynecology,R,E,3,74343,1,Emergency,Moderate,3,51-60,3967,unknown
5131,6,a,5,Z,2,gynecology,R,F,3,33807,15,Trauma,Extreme,8,21-30,5600,51-60
2839,25,e,1,X,2,gynecology,S,E,4,10700,8,Emergency,Minor,6,61-70,3038,51-60
832,10,a,6,X,4,gynecology,Q,F,3,71390,9,Emergency,Moderate,4,41-50,3268,21-30
5048,2,c,5,Z,2,gynecology,Q,F,2,94253,5,Emergency,Extreme,4,71-80,4099,0-10
4729,2,c,5,Z,3,gynecology,S,F,3,78205,8,Trauma,Moderate,4,31-40,4333,unknown
9901,9,d,5,X,4,gynecology,Q,F,1,25812,15,Emergency,Moderate,4,31-40,3601,unknown
1883,27,e,1,X,4,anesthesia,R,E,3,121755,1,Emergency,Moderate,2,41-50,4382,unknown
1610,10,c,3,Z,4,radiotherapy,Q,F,4,90502,9,Trauma,Moderate,3,41-50,3363,unknown
1919,5,a,6,X,4,gynecology,S,F,unknown,37354,14,Trauma,Moderate,2,61-70,4944,unknown
4625,14,a,1,X,6,gynecology,S,E,4,49914,8,Trauma,Moderate,2,41-50,3316,51-60
746,25,b,2,Y,4,gynecology,R,D,2,64381,8,Urgent,Moderate,3,41-50,4445,unknown
9321,12,c,5,Z,3,gynecology,S,F,4,112132,21,Emergency,Moderate,2,71-80,5513,81-90
2650,20,f,7,Y,2,gynecology,S,C,2,28535,8,Emergency,Moderate,4,61-70,4134,51-60
971,10,a,1,X,3,gynecology,R,E,3,89201,11,Emergency,Moderate,2,41-50,3264,21-30
6961,5,a,6,X,4,gynecology,R,F,4,32206,2,Trauma,Moderate,2,21-30,3953,21-30
9007,2,d,9,Y,3,anesthesia,S,F,2,44188,7,Emergency,Moderate,2,unknown,5792,unknown
1598,5,a,6,X,4,anesthesia,R,F,3,71387,7,Emergency,Moderate,2,51-60,4145,31-40
4269,6,a,6,X,3,TB & Chest disease,R,F,3,104661,8,Urgent,Moderate,5,71-80,5033,unknown
4726,26,b,2,Y,4,gynecology,Q,D,2,49449,7,Trauma,Extreme,5,51-60,3654,31-40
9276,32,f,9,Y,3,anesthesia,S,B,4,120446,8,Emergency,Extreme,3,21-30,4281,71-80
7160,10,d,5,Z,3,gynecology,Q,F,4,28751,10,Urgent,Minor,2,21-30,5826,More than 100 Days
1590,28,a,6,X,2,anesthesia,R,F,4,57861,8,Urgent,Moderate,2,51-60,4717,91-100
4488,10,a,7,Y,4,gynecology,P,B,3,97771,8,Emergency,Moderate,4,31-40,3916,21-30
5248,1,g,9,Y,5,gynecology,R,B,2,104715,8,Trauma,Moderate,5,41-50,4871,31-40
3532,25,e,1,X,2,gynecology,Q,E,4,109571,11,Emergency,Extreme,8,71-80,3911,51-60
2669,11,c,3,Z,6,radiotherapy,Q,A,2,71736,15,Trauma,Extreme,4,61-70,4884,31-40
7250,6,b,6,X,3,gynecology,Q,F,4,70675,11,Emergency,Extreme,4,31-40,4050,unknown
7354,9,e,1,X,4,gynecology,Q,E,4,112159,9,Emergency,Moderate,2,31-40,3235,unknown
7264,10,c,12,Y,4,radiotherapy,Q,B,2,30663,22,Urgent,Moderate,4,41-50,4568,31-40
1180,11,a,12,Y,2,gynecology,Q,B,3,37228,8,Emergency,Moderate,2,31-40,7855,0-10
2405,23,a,6,X,4,gynecology,Q,F,4,11571,8,Trauma,Moderate,4,61-70,4149,21-30
754,6,a,6,X,4,anesthesia,R,F,2,114852,1,Trauma,Moderate,6,21-30,4088,21-30
9511,26,b,2,Y,4,anesthesia,Q,D,4,108261,8,Trauma,Moderate,13,51-60,5132,71-80
760,11,b,9,Y,4,radiotherapy,Q,B,3,126050,4,Trauma,Moderate,2,51-60,5077,0-10
8098,14,a,1,X,3,anesthesia,Q,E,3,85483,8,Trauma,Minor,2,41-50,5406,21-30
2773,14,a,5,X,4,gynecology,R,F,4,69286,8,Trauma,Minor,2,31-40,4836,21-30
886,27,b,6,X,5,gynecology,Q,F,3,60865,15,Urgent,Moderate,4,31-40,3990,31-40
4987,28,b,11,X,4,gynecology,R,F,2,29977,9,Trauma,Moderate,4,41-50,3052,More than 100 Days
5888,28,b,11,Y,4,gynecology,Q,D,4,28571,8,Trauma,Moderate,11,31-40,4950,21-30
5578,10,e,1,X,2,gynecology,S,E,3,9378,unknown,Trauma,Minor,4,41-50,3233,81-90
8271,30,a,4,X,2,radiotherapy,R,F,2,12084,1,Emergency,Moderate,2,41-50,4339,21-30
4713,29,a,11,X,3,gynecology,R,F,2,120209,2,Trauma,Moderate,5,41-50,4032,21-30
6421,26,a,7,Y,2,gynecology,S,C,4,38331,8,Trauma,Moderate,2,51-60,5486,51-60
5556,14,a,6,X,4,anesthesia,R,F,3,52741,8,Emergency,Moderate,2,41-50,3160,21-30
3730,26,b,2,Y,3,anesthesia,Q,D,4,125518,8,Trauma,Moderate,2,21-30,5141,21-30
984,20,c,3,Z,3,gynecology,S,A,3,95723,1,Trauma,Moderate,4,41-50,4813,unknown
657,15,c,5,Z,3,gynecology,S,F,4,5958,5,Emergency,Moderate,4,81-90,4012,71-80
9262,31,f,9,Y,2,gynecology,S,B,2,124043,8,Trauma,Moderate,6,41-50,5534,41-50
2363,27,b,11,Y,3,gynecology,R,F,3,85350,1,Trauma,Moderate,6,31-40,3975,71-80
7614,23,a,7,X,5,anesthesia,Q,E,3,61848,8,Emergency,Minor,5,unknown,5139,31-40
7984,23,g,9,X,2,gynecology,R,B,3,26411,1,Emergency,Minor,4,unknown,4129,51-60
1142,23,a,6,X,4,gynecology,Q,F,3,122432,8,Trauma,Moderate,4,41-50,3635,unknown
490,2,c,5,Z,6,radiotherapy,Q,F,4,6658,5,Emergency,Moderate,2,41-50,5301,unknown
4406,19,b,3,Z,5,gynecology,S,A,3,78930,8,Trauma,Minor,4,31-40,4849,31-40
1155,21,a,9,Y,3,gynecology,R,B,3,113006,8,Urgent,Minor,4,61-70,3233,31-40
753,6,a,6,X,2,gynecology,P,F,3,10167,8,Emergency,Moderate,2,41-50,4865,21-30
4275,23,a,6,X,4,anesthesia,Q,F,3,26812,8,Trauma,Extreme,2,61-70,4788,unknown
9555,17,d,5,Z,2,radiotherapy,S,F,4,103768,8,Emergency,Moderate,4,21-30,4284,unknown
2186,28,a,4,X,3,gynecology,R,F,3,79422,8,Emergency,Moderate,3,71-80,5155,21-30
8013,26,b,11,X,3,gynecology,R,E,3,12159,8,Trauma,Moderate,5,41-50,5098,41-50
387,27,a,4,X,2,gynecology,R,F,3,29002,10,Trauma,Moderate,2,51-60,4950,unknown
1732,25,e,1,X,2,anesthesia,S,E,4,131507,8,Urgent,Extreme,2,61-70,6116,31-40
8682,10,d,5,Z,3,gynecology,S,F,3,66786,5,Trauma,Moderate,2,71-80,4995,unknown
992,28,a,7,Y,4,gynecology,Q,C,2,97539,8,Trauma,Moderate,6,81-90,4733,31-40
8771,10,c,3,Z,7,gynecology,Q,F,3,34535,8,Trauma,Minor,4,unknown,4923,51-60
9383,18,e,1,X,4,radiotherapy,R,E,2,124230,9,Emergency,Moderate,5,21-30,3012,31-40
775,31,f,9,Y,2,gynecology,S,B,4,72756,8,Emergency,Extreme,3,71-80,3809,51-60
7671,10,c,5,Z,3,anesthesia,R,F,4,37607,4,Emergency,Minor,2,21-30,5187,unknown
812,19,a,12,Y,4,gynecology,Q,C,2,75406,10,Emergency,Extreme,2,61-70,3653,unknown
9374,31,f,9,Y,4,anesthesia,S,B,3,54907,8,Emergency,Moderate,2,31-40,3913,51-60
942,13,e,1,X,4,gynecology,R,E,3,48516,8,Trauma,Moderate,3,41-50,3278,More than 100 Days
1046,23,c,5,X,4,anesthesia,R,F,3,67362,5,Urgent,Moderate,2,51-60,4781,0-10
1307,14,c,5,Z,4,anesthesia,Q,F,3,14110,8,Trauma,Minor,2,21-30,4913,unknown
7625,26,b,2,Y,4,anesthesia,R,D,4,35326,8,Trauma,Extreme,2,51-60,7432,21-30
5750,10,c,3,Z,4,gynecology,Q,A,3,51456,9,Trauma,Moderate,4,41-50,4422,31-40
4460,27,a,7,Y,4,TB & Chest disease,R,C,2,107877,8,Trauma,Moderate,2,51-60,5166,51-60
5753,22,g,9,Y,2,gynecology,R,B,2,95533,5,Emergency,Moderate,3,41-50,5776,31-40
6716,26,b,2,Y,3,TB & Chest disease,S,D,3,69908,8,Emergency,Minor,5,61-70,4314,unknown
873,24,a,6,X,4,gynecology,R,F,2,103490,1,Trauma,Moderate,2,41-50,3724,31-40
8416,20,a,1,X,2,gynecology,S,E,3,90884,8,Trauma,Moderate,6,61-70,3294,51-60
9480,26,b,2,Y,2,anesthesia,R,D,2,106200,8,Trauma,Moderate,2,41-50,6124,21-30
1447,20,a,7,Y,4,gynecology,S,E,2,68490,8,Emergency,Moderate,5,21-30,3205,71-80
7462,27,b,4,X,4,anesthesia,R,F,3,66963,unknown,Trauma,Minor,4,unknown,5022,51-60
727,19,c,3,Z,2,gynecology,S,A,2,94290,8,Trauma,Moderate,6,41-50,2744,21-30
9439,28,b,9,Y,2,anesthesia,S,B,3,55157,8,Trauma,Extreme,2,31-40,7605,81-90
7736,1,d,5,Y,2,gynecology,S,B,3,59199,8,Trauma,Moderate,5,41-50,5060,0-10
1053,27,b,5,Z,3,gynecology,Q,F,1,68421,7,Emergency,Moderate,4,71-80,3831,51-60
6768,10,e,1,X,4,gynecology,S,E,4,121924,4,Emergency,Minor,2,71-80,3065,61-70
1968,28,a,6,X,4,gynecology,R,E,3,35420,21,Trauma,Moderate,2,31-40,3152,31-40
547,23,a,1,X,1,gynecology,R,E,4,57713,8,Emergency,Extreme,2,41-50,5026,21-30
2593,28,b,2,Y,3,gynecology,R,D,3,125164,8,Trauma,Minor,12,51-60,5568,unknown
4030,27,b,11,X,2,anesthesia,R,F,3,56534,11,Trauma,Moderate,8,31-40,4921,51-60
3382,24,a,7,Y,3,gynecology,S,C,3,64256,8,Emergency,Moderate,2,61-70,3086,More than 100 Days
4392,9,d,5,Y,4,gynecology,Q,F,3,130513,8,Emergency,Moderate,2,31-40,4373,unknown
7179,26,b,2,Y,4,gynecology,Q,D,4,30664,7,Emergency,Minor,2,71-80,3981,21-30
8179,14,a,6,X,3,anesthesia,Q,F,4,127536,8,Trauma,Extreme,4,51-60,4843,51-60
4651,23,a,6,X,2,gynecology,R,F,3,52460,8,Trauma,Moderate,4,71-80,5987,21-30
3174,23,a,7,Y,4,radiotherapy,Q,D,2,93226,2,Emergency,Moderate,4,41-50,3327,71-80
2906,25,e,1,X,2,gynecology,R,E,4,88828,1,Trauma,Moderate,6,31-40,5244,51-60
8017,2,g,9,Y,3,anesthesia,Q,B,4,31352,4,Trauma,Moderate,3,41-50,6686,31-40
5527,14,d,5,Z,3,anesthesia,S,F,4,127060,23,Trauma,Moderate,2,21-30,7092,71-80
2901,14,a,1,X,2,gynecology,S,E,3,49711,8,Trauma,Moderate,5,61-70,6180,More than 100 Days
5360,18,e,1,Y,4,gynecology,R,E,2,27804,unknown,Trauma,Moderate,3,41-50,3777,31-40
2918,27,a,4,X,2,anesthesia,R,F,3,51933,8,Trauma,Moderate,2,71-80,5205,21-30
5281,14,c,5,Z,3,anesthesia,S,F,4,71215,8,Trauma,Moderate,2,41-50,5149,unknown
4307,11,b,11,Z,2,gynecology,S,F,3,91765,8,Trauma,Minor,4,unknown,4205,unknown
3863,21,c,3,Z,4,anesthesia,S,A,3,38182,8,Trauma,Moderate,2,31-40,5080,31-40
2126,29,c,3,Z,3,gynecology,Q,A,4,69073,1,Trauma,Moderate,4,41-50,3794,51-60
9312,26,a,9,Y,3,gynecology,R,B,3,45176,8,Urgent,Moderate,3,31-40,6202,unknown
2284,15,c,5,Z,3,TB & Chest disease,S,F,3,81669,8,Emergency,Moderate,2,51-60,7668,21-30
432,14,a,1,X,3,gynecology,R,E,2,50928,8,Emergency,Extreme,3,41-50,4148,51-60
2212,13,e,1,X,4,anesthesia,Q,E,3,77900,8,Emergency,Moderate,2,41-50,5177,21-30
1608,24,e,1,X,3,anesthesia,S,E,2,12469,5,Trauma,Moderate,6,61-70,3836,51-60
966,26,b,2,Y,1,TB & Chest disease,P,D,4,11919,21,Emergency,Moderate,4,71-80,3596,51-60
2448,26,b,2,Y,4,gynecology,S,D,4,35555,1,Emergency,Minor,5,61-70,5775,31-40
4497,6,a,4,Z,2,anesthesia,R,F,4,61166,8,Trauma,Moderate,2,31-40,5096,51-60
782,5,a,6,X,4,anesthesia,Q,F,3,69014,8,Trauma,Moderate,2,21-30,4075,21-30
7464,19,a,7,Y,4,gynecology,R,C,2,86058,8,Emergency,Moderate,3,41-50,3852,21-30
5960,2,d,5,Z,4,gynecology,R,F,2,74237,5,Urgent,Moderate,2,31-40,5058,unknown
836,5,a,6,X,4,gynecology,Q,E,2,83545,8,Trauma,Moderate,12,41-50,2975,unknown
6574,14,a,1,X,4,gynecology,Q,E,3,21828,8,Emergency,Moderate,8,41-50,4619,21-30
2064,1,d,9,Y,5,gynecology,Q,B,3,40853,8,Emergency,Moderate,4,unknown,6436,51-60
1158,27,a,4,X,2,gynecology,S,F,3,53867,8,Emergency,Minor,5,61-70,5053,81-90
8123,23,a,6,X,4,gynecology,R,F,1,35275,9,Emergency,Extreme,4,81-90,3882,31-40
5617,25,b,2,Y,1,gynecology,S,D,4,81693,unknown,Trauma,Extreme,3,71-80,4439,21-30
4243,26,b,2,Y,3,radiotherapy,Q,D,2,86848,8,Trauma,Extreme,3,31-40,3710,unknown
8305,1,c,5,Z,3,TB & Chest disease,S,F,4,76047,4,Emergency,Moderate,4,41-50,4881,21-30
5634,32,g,9,Y,2,anesthesia,R,B,4,31943,8,Emergency,Moderate,6,61-70,4194,unknown
5050,25,b,11,X,2,gynecology,R,F,2,3867,1,Emergency,Moderate,6,41-50,5278,51-60
1084,20,c,3,Z,3,gynecology,R,A,2,90664,4,Trauma,Moderate,3,51-60,5988,41-50
5303,9,a,1,X,8,gynecology,Q,E,3,49253,1,Trauma,Moderate,2,51-60,5129,unknown
5323,17,e,1,X,4,gynecology,S,E,2,108978,8,Emergency,Moderate,8,41-50,6181,unknown
9366,23,a,4,X,2,gynecology,R,F,3,31704,8,Trauma,Moderate,2,31-40,5415,21-30
4758,14,a,6,Z,3,surgery,R,F,2,96779,10,Trauma,Moderate,2,41-50,5077,21-30
924,10,b,2,Y,4,gynecology,Q,D,4,51529,14,Emergency,Moderate,8,41-50,4756,unknown
2558,2,c,5,Z,3,gynecology,R,F,2,14165,4,Trauma,Moderate,4,41-50,3735,51-60
4975,13,e,1,X,4,gynecology,R,E,2,128565,8,Emergency,Moderate,6,41-50,5367,31-40
5128,27,b,11,X,3,radiotherapy,R,F,2,27014,8,Trauma,Extreme,5,71-80,5121,91-100
2433,28,a,6,X,3,gynecology,R,F,3,64056,8,Trauma,Moderate,3,51-60,4929,21-30
4165,27,b,11,Z,3,radiotherapy,R,F,4,4419,1,Trauma,Extreme,8,41-50,3843,unknown
1865,11,c,5,Z,4,gynecology,R,F,2,39448,5,Trauma,Moderate,2,41-50,3525,71-80
2156,2,c,3,Z,3,gynecology,S,A,2,76704,5,Urgent,Moderate,4,51-60,3479,unknown
8224,19,a,7,Y,4,gynecology,Q,C,2,74309,8,Emergency,Moderate,2,51-60,4812,unknown
1110,11,a,1,X,1,gynecology,Q,E,4,60894,8,Emergency,Moderate,2,31-40,4580,unknown
4856,28,a,6,X,4,gynecology,R,F,3,84785,8,Trauma,Moderate,4,41-50,4936,21-30
9672,23,c,1,Z,2,gynecology,Q,E,4,57806,10,Trauma,Moderate,6,21-30,2785,unknown
3769,8,e,1,X,4,gynecology,Q,E,2,11943,9,Emergency,Moderate,2,51-60,4794,0-10
8246,11,a,1,X,2,gynecology,S,E,4,60144,2,Trauma,Moderate,4,51-60,5311,31-40
5872,11,g,9,Y,4,anesthesia,Q,B,4,125008,4,Emergency,Moderate,2,41-50,5485,unknown
8000,1,c,5,Z,2,gynecology,S,F,4,58395,4,Urgent,Moderate,4,41-50,6956,61-70
5131,28,b,11,X,4,gynecology,R,F,4,67645,1,Urgent,Moderate,2,31-40,3879,21-30
5470,1,c,5,Z,3,gynecology,R,A,3,81546,4,Trauma,Minor,2,41-50,5939,31-40
1020,28,b,3,X,4,gynecology,R,F,4,42741,9,Trauma,Moderate,2,41-50,4337,unknown
9588,23,a,4,X,4,gynecology,R,F,3,55054,7,Emergency,Extreme,4,51-60,3670,51-60
7406,18,c,3,Z,3,gynecology,R,A,3,77222,8,Trauma,Moderate,2,21-30,5265,unknown
5229,28,b,11,X,2,gynecology,R,F,4,121189,8,Emergency,Moderate,2,41-50,4974,51-60
5577,10,e,9,Y,4,gynecology,S,B,3,129737,8,Trauma,Moderate,6,71-80,4964,21-30
4631,28,c,5,Z,3,anesthesia,R,F,4,10393,1,Trauma,Moderate,2,41-50,4893,unknown
4516,11,b,2,Y,3,gynecology,R,D,2,86591,5,Trauma,Moderate,4,41-50,4968,31-40
496,14,a,1,X,2,anesthesia,S,E,3,10925,11,Trauma,Minor,2,31-40,5198,unknown
7865,7,a,6,X,2,gynecology,R,F,3,106352,8,Emergency,Minor,5,71-80,4172,31-40
4653,14,a,1,X,4,radiotherapy,R,E,1,48420,8,Trauma,Moderate,2,61-70,4691,More than 100 Days
3378,12,a,9,Y,4,gynecology,Q,C,1,41920,9,Emergency,Moderate,3,21-30,4038,41-50
620,18,a,6,Y,2,gynecology,R,F,2,75266,9,Emergency,Moderate,4,71-80,3447,51-60
7973,16,c,5,Z,7,gynecology,Q,F,3,32516,8,Trauma,Moderate,4,unknown,4928,31-40
3241,26,e,1,X,4,gynecology,S,E,2,90174,11,Emergency,Extreme,3,41-50,3857,0-10
9198,14,c,5,Z,4,gynecology,Q,F,3,56505,8,Trauma,Moderate,4,61-70,3283,51-60
2439,32,f,9,Y,2,radiotherapy,S,B,4,95147,8,Emergency,Minor,3,0-10,3642,unknown
4663,6,a,1,X,4,gynecology,Q,E,2,89238,15,Emergency,Moderate,6,81-90,2928,unknown
2926,25,e,1,X,4,gynecology,R,E,4,94554,1,Trauma,Moderate,2,41-50,5128,21-30
689,25,e,1,Y,8,gynecology,Q,E,4,110799,5,Emergency,Extreme,4,41-50,3513,unknown
2226,27,a,7,Y,3,gynecology,P,C,2,40348,8,Emergency,Moderate,4,81-90,4842,31-40
4700,26,b,2,Y,4,anesthesia,Q,D,3,94523,8,Trauma,Moderate,2,unknown,4864,unknown
5304,28,b,11,X,3,gynecology,R,F,2,103325,2,Trauma,Moderate,2,41-50,5010,unknown
7391,32,g,9,Y,4,gynecology,R,B,3,31110,8,Emergency,Extreme,5,41-50,5125,unknown
534,14,a,1,X,4,gynecology,Q,E,3,12325,11,Urgent,Moderate,2,41-50,3052,unknown
9856,14,c,5,Z,2,anesthesia,S,A,4,63042,4,Trauma,Moderate,4,71-80,5726,0-10
7968,18,d,9,Y,3,gynecology,S,B,3,43337,8,Emergency,Minor,3,unknown,5198,31-40
8706,1,d,10,Y,2,gynecology,S,B,2,82870,8,Trauma,Moderate,4,31-40,5060,21-30
7848,11,c,9,Y,2,anesthesia,S,B,4,105971,8,Trauma,Minor,2,71-80,5561,unknown
8056,28,d,11,Y,5,gynecology,R,F,4,12210,5,Emergency,Moderate,3,31-40,4720,21-30
4074,25,b,2,Y,4,radiotherapy,Q,D,2,76155,8,Trauma,Moderate,5,31-40,5281,21-30
3649,26,b,2,Y,2,anesthesia,S,D,4,84061,8,Trauma,Minor,3,41-50,5327,21-30
4472,20,c,3,Z,3,gynecology,R,F,2,31043,11,Urgent,Moderate,3,41-50,6527,91-100
7036,23,a,5,Z,4,gynecology,S,A,4,57258,8,Trauma,Moderate,4,91-100,4083,21-30
7190,18,c,3,Z,2,anesthesia,S,A,4,99694,8,Trauma,Moderate,2,41-50,4253,31-40
8222,2,c,5,Z,2,gynecology,R,F,4,63552,8,Trauma,Moderate,2,41-50,5091,21-30
3201,18,c,3,Z,3,anesthesia,R,A,3,94709,21,Trauma,Moderate,2,61-70,4856,21-30
9574,32,f,9,Y,2,gynecology,S,B,2,47784,8,Trauma,Moderate,2,51-60,4802,41-50
7098,28,a,6,X,4,gynecology,R,F,3,113189,1,Trauma,Minor,2,51-60,5124,unknown
509,5,a,6,X,3,gynecology,R,F,1,101734,10,Urgent,Extreme,3,61-70,4586,31-40
3297,23,a,6,X,4,gynecology,Q,F,2,14615,2,Trauma,Moderate,3,41-50,5638,0-10
7972,23,b,11,X,4,gynecology,R,F,3,69603,11,Trauma,Moderate,5,41-50,3812,21-30
3294,18,e,1,X,4,gynecology,S,E,2,54236,1,Emergency,Minor,2,41-50,4162,unknown
8927,15,a,1,X,4,TB & Chest disease,R,E,3,88103,8,Emergency,Moderate,4,41-50,3226,31-40
902,19,g,9,Y,5,gynecology,S,B,2,43784,8,Trauma,Moderate,4,41-50,3878,21-30
5001,20,c,3,Z,4,gynecology,S,A,3,61953,8,Emergency,Moderate,2,71-80,3613,unknown
2189,23,a,6,X,4,gynecology,S,F,3,39237,8,Trauma,Moderate,2,41-50,3969,unknown
7971,10,b,2,Y,3,gynecology,R,D,4,10672,22,Emergency,Moderate,2,51-60,6741,unknown
5098,11,e,1,X,4,gynecology,Q,E,2,9398,8,Emergency,Moderate,3,71-80,4586,41-50
4973,28,b,2,Y,3,radiotherapy,R,D,3,47889,8,Emergency,Extreme,6,21-30,3223,51-60
674,22,a,4,X,4,gynecology,R,F,2,105893,8,Trauma,Moderate,2,41-50,5691,21-30
4246,23,a,6,X,3,anesthesia,R,F,2,71868,11,Trauma,Moderate,2,41-50,4890,unknown
4966,11,e,1,X,4,gynecology,R,E,3,57484,7,Emergency,Minor,3,31-40,3192,21-30
8277,4,a,6,X,4,gynecology,R,F,unknown,32505,8,Trauma,Minor,2,61-70,3622,31-40
5495,27,a,6,X,3,gynecology,Q,F,2,85895,8,Trauma,Moderate,2,61-70,4970,21-30
8209,26,b,2,Y,2,gynecology,S,D,3,52229,8,Trauma,Minor,5,41-50,4337,61-70
6854,23,e,6,X,4,gynecology,Q,F,4,68893,8,Trauma,Extreme,6,41-50,3190,31-40
5179,5,a,1,X,4,gynecology,Q,E,2,53279,1,Urgent,Minor,2,41-50,3023,21-30
783,32,f,9,Y,3,gynecology,S,C,4,111692,11,Emergency,Moderate,2,41-50,4233,51-60
829,6,a,6,X,4,gynecology,R,F,4,11044,8,Emergency,Moderate,2,21-30,2800,unknown
5511,3,c,3,Z,3,gynecology,R,A,2,83035,8,Trauma,Moderate,3,41-50,5301,41-50
7244,5,a,1,X,2,anesthesia,R,E,4,93962,8,Trauma,Moderate,2,61-70,6885,21-30
7248,14,a,1,X,3,gynecology,R,E,3,119750,8,Trauma,Moderate,2,71-80,3682,unknown
7663,18,e,1,X,2,gynecology,R,E,4,115015,8,Emergency,Minor,8,51-60,3731,0-10
8547,27,b,2,Y,3,radiotherapy,R,D,4,122873,8,Trauma,Moderate,2,21-30,5035,unknown
2002,26,a,1,X,2,gynecology,S,E,3,62803,1,Trauma,Moderate,2,unknown,3528,21-30
4234,28,b,4,Y,4,radiotherapy,P,F,4,54245,8,Emergency,Extreme,2,41-50,4310,unknown
855,20,c,3,Z,4,radiotherapy,S,A,1,49268,10,Trauma,Moderate,4,41-50,6682,31-40
5915,23,a,6,Y,4,gynecology,Q,F,2,5697,11,Trauma,Extreme,3,51-60,5110,71-80
3298,18,a,1,X,3,gynecology,R,E,2,85376,4,Emergency,Minor,6,71-80,4211,unknown
8110,25,b,2,Y,2,anesthesia,R,D,4,96909,22,Trauma,Moderate,4,41-50,6065,21-30
6159,26,b,2,Y,2,gynecology,R,D,4,10569,8,Trauma,Moderate,5,21-30,5022,unknown
812,11,a,9,Y,2,gynecology,S,B,1,69629,8,Trauma,Extreme,4,61-70,2986,71-80
3292,27,b,2,Y,3,gynecology,R,D,4,74397,7,Trauma,Moderate,5,71-80,4103,91-100
5119,6,a,4,X,3,gynecology,R,F,3,97854,8,Trauma,Minor,8,71-80,3723,31-40
7713,23,a,1,X,3,gynecology,Q,E,3,31397,8,Emergency,Minor,2,51-60,5963,71-80
3022,14,a,1,X,3,gynecology,Q,E,3,79596,1,Emergency,Moderate,4,41-50,4444,31-40
775,1,d,5,Z,4,gynecology,Q,F,2,41817,5,Emergency,Extreme,4,41-50,4037,unknown
2652,27,b,2,Y,2,gynecology,S,D,2,96944,8,Emergency,Extreme,4,41-50,3578,51-60
718,1,g,9,Y,3,gynecology,R,B,4,12887,8,Trauma,Extreme,6,71-80,5014,unknown
9286,1,c,5,Z,4,gynecology,S,F,2,27447,4,Trauma,Moderate,2,21-30,4597,unknown
4070,26,b,2,Y,2,TB & Chest disease,S,D,3,28646,8,Trauma,Moderate,4,91-100,5472,21-30
4750,11,c,3,Z,4,gynecology,S,F,4,88069,8,Urgent,Extreme,4,51-60,3655,51-60
1084,23,a,9,Y,3,gynecology,S,B,2,98648,8,Emergency,Moderate,2,51-60,6714,31-40
618,10,c,5,Z,4,radiotherapy,Q,F,2,110694,23,Trauma,Moderate,2,41-50,5521,unknown
7688,28,a,7,Y,2,gynecology,P,C,2,22856,8,Emergency,Moderate,2,31-40,5067,unknown
289,13,a,1,X,4,anesthesia,Q,E,2,11136,2,Trauma,Extreme,2,31-40,3497,21-30
4411,26,b,1,Y,2,gynecology,S,E,2,8487,8,Emergency,Moderate,2,41-50,3724,51-60
2944,28,a,4,X,3,gynecology,R,F,3,12783,8,Trauma,Extreme,8,unknown,3516,31-40
7666,28,c,5,Z,4,gynecology,R,F,3,61859,1,Trauma,Moderate,2,31-40,3442,unknown
9580,31,g,9,Y,3,radiotherapy,S,B,4,115715,8,Trauma,Moderate,2,71-80,5290,21-30
5122,15,e,1,X,4,gynecology,S,E,4,84605,9,Emergency,Moderate,2,41-50,3919,21-30
617,14,a,5,X,2,radiotherapy,R,F,2,94354,4,Trauma,Moderate,2,31-40,6896,31-40
4083,32,c,3,Z,2,gynecology,S,A,3,45178,4,Trauma,Moderate,2,unknown,4823,41-50
1185,27,b,2,Y,4,radiotherapy,S,D,4,125805,8,Trauma,Moderate,2,61-70,5396,31-40
3326,27,b,11,X,3,gynecology,R,F,2,54898,1,Emergency,Moderate,3,71-80,4364,21-30
4381,22,g,9,Y,2,anesthesia,S,B,2,11421,5,Emergency,Moderate,3,41-50,3462,51-60
2555,19,a,2,Y,1,gynecology,Q,C,3,92381,8,Emergency,Moderate,4,31-40,5189,51-60
9140,23,g,9,Y,4,gynecology,R,B,4,125210,8,Urgent,Moderate,2,unknown,5061,21-30
3673,9,e,1,X,4,gynecology,Q,E,2,125616,9,Trauma,Extreme,3,41-50,3844,31-40
9868,11,a,9,Y,4,gynecology,Q,B,4,54069,8,Emergency,Extreme,5,71-80,5134,61-70
5231,13,c,5,Z,4,gynecology,R,F,2,76745,5,Emergency,Moderate,3,41-50,5026,31-40
4929,20,a,9,Y,2,gynecology,S,B,2,35142,8,Trauma,Moderate,4,61-70,5925,81-90
5079,22,d,5,Z,3,gynecology,S,F,4,68743,4,Emergency,Minor,3,31-40,3845,41-50
829,14,c,5,Z,4,gynecology,S,F,4,10875,1,Trauma,Moderate,4,41-50,4861,unknown
1704,19,a,7,Y,4,gynecology,P,C,3,109250,8,Urgent,Extreme,4,81-90,3308,unknown
6946,26,a,7,Y,3,gynecology,R,C,3,86389,8,Trauma,Moderate,3,41-50,5018,21-30
2266,6,a,6,X,3,gynecology,Q,F,3,40534,8,Trauma,Moderate,3,31-40,4124,31-40
376,25,b,2,Y,4,gynecology,R,D,2,20445,4,Trauma,Moderate,5,91-100,5126,unknown
4513,10,d,5,Z,3,anesthesia,R,F,4,12971,8,Trauma,Moderate,2,51-60,4737,0-10
904,27,b,11,X,4,gynecology,Q,F,2,101113,1,Urgent,Extreme,2,51-60,7004,31-40
9252,10,c,3,X,3,gynecology,S,A,2,60961,5,Trauma,Extreme,5,41-50,4073,31-40
7547,20,f,9,Y,3,gynecology,S,B,4,123183,8,Emergency,Moderate,6,71-80,5045,More than 100 Days
5809,6,a,6,X,1,gynecology,R,F,3,50287,8,Trauma,Minor,3,71-80,4127,21-30
4544,27,b,2,Y,3,radiotherapy,R,D,4,69613,8,Trauma,Moderate,2,61-70,6219,41-50
5011,27,a,7,Y,2,gynecology,R,C,3,38248,8,Emergency,Minor,2,51-60,4718,21-30
817,28,a,6,Z,4,gynecology,Q,F,3,125394,8,Trauma,Moderate,4,21-30,5006,21-30
9471,26,b,2,Y,3,anesthesia,S,D,3,130849,unknown,Emergency,Extreme,3,61-70,4568,51-60
8852,19,a,1,X,6,anesthesia,Q,E,4,48648,8,Emergency,Minor,2,71-80,4128,21-30
914,5,b,4,X,5,gynecology,S,F,3,70826,8,Trauma,Extreme,4,61-70,5223,51-60
8927,23,a,9,Y,3,gynecology,S,B,3,71444,8,Trauma,Moderate,2,51-60,5148,41-50
462,26,b,2,Y,4,anesthesia,R,D,2,131507,9,Emergency,Extreme,6,41-50,3386,31-40
1057,10,d,5,Z,4,gynecology,S,F,2,54798,5,Trauma,Moderate,4,71-80,3827,0-10
5021,26,a,4,X,3,gynecology,R,F,3,71108,1,Trauma,Extreme,3,71-80,4579,unknown
1692,20,f,9,Y,2,gynecology,S,B,2,70580,8,Urgent,Extreme,2,41-50,4750,31-40
8019,2,b,2,Y,3,gynecology,R,F,2,78785,1,Trauma,Moderate,3,41-50,6010,81-90
3499,26,b,2,Y,4,radiotherapy,S,D,4,26298,unknown,Urgent,Moderate,3,81-90,4870,21-30
592,11,a,1,X,3,gynecology,R,F,2,84536,7,Emergency,Moderate,3,41-50,4912,unknown
907,27,a,7,Y,4,gynecology,R,C,3,50913,8,Emergency,Moderate,4,41-50,4084,0-10
5652,23,a,6,X,4,surgery,R,F,2,61636,8,Emergency,Moderate,2,61-70,4758,51-60
8243,13,a,1,X,2,gynecology,S,E,3,70581,8,Emergency,Extreme,5,61-70,5758,31-40
9340,19,c,3,Z,5,gynecology,S,A,3,120415,4,Emergency,Moderate,2,71-80,3585,unknown
8218,25,b,2,Y,3,anesthesia,R,D,3,97380,8,Emergency,Minor,2,31-40,5423,unknown
4876,25,b,2,Y,4,gynecology,Q,D,3,72367,8,Trauma,Moderate,2,41-50,5122,21-30
7526,10,c,5,Z,4,anesthesia,R,F,4,55180,4,Trauma,Moderate,2,21-30,5811,unknown
1120,10,g,9,Y,6,gynecology,Q,B,2,84029,8,Emergency,Extreme,2,41-50,4871,21-30
9425,9,d,5,Z,2,TB & Chest disease,S,F,3,92250,4,Emergency,Moderate,4,unknown,4798,31-40
795,20,a,7,Y,4,gynecology,Q,C,1,71885,7,Trauma,Extreme,4,81-90,4208,31-40
855,32,f,9,Y,3,gynecology,S,B,1,26582,8,Emergency,Extreme,3,31-40,6505,31-40
5274,3,c,3,Z,4,gynecology,S,A,2,13916,7,Trauma,Moderate,2,51-60,4038,21-30
863,6,a,1,X,1,anesthesia,R,E,1,120574,8,Emergency,Moderate,2,61-70,3809,unknown
2465,32,c,3,Z,4,gynecology,S,A,2,94518,1,Trauma,Moderate,4,51-60,3969,51-60
7339,9,a,1,X,4,gynecology,R,E,1,41442,8,Emergency,Extreme,2,71-80,3736,81-90
3770,23,e,1,X,2,gynecology,R,E,4,91152,1,Trauma,Moderate,2,41-50,7076,21-30
1042,22,a,6,X,4,radiotherapy,Q,F,4,61510,8,Trauma,Moderate,2,51-60,5359,71-80
5606,6,a,6,X,4,gynecology,R,F,3,67401,2,Trauma,Moderate,2,31-40,5001,21-30
897,14,a,7,Y,4,gynecology,Q,C,1,100794,8,Emergency,Moderate,3,41-50,3349,21-30
310,19,a,7,Y,6,gynecology,Q,C,2,30770,4,Emergency,Moderate,3,61-70,3257,51-60
8074,6,a,6,X,3,anesthesia,R,F,3,73880,2,Trauma,Moderate,4,41-50,4026,21-30
3281,11,b,2,Y,4,gynecology,Q,D,3,21913,8,Trauma,Moderate,2,31-40,5542,31-40
7122,23,a,9,Y,2,anesthesia,S,B,3,16053,8,Trauma,Minor,2,21-30,5698,unknown
5938,26,a,1,X,2,gynecology,S,E,2,43650,8,Trauma,Moderate,2,31-40,3982,0-10
8088,20,c,3,Z,3,gynecology,S,A,4,71764,8,Trauma,Moderate,3,41-50,5279,unknown
8796,17,a,5,Y,2,gynecology,R,F,3,9549,8,Emergency,Minor,2,41-50,5445,31-40
879,28,b,11,X,2,gynecology,R,F,4,66910,1,Emergency,Moderate,2,41-50,5198,41-50
4907,20,c,3,Z,3,gynecology,R,A,2,53922,9,Trauma,Moderate,3,41-50,4979,31-40
4511,25,b,2,Y,3,gynecology,Q,D,2,34690,8,Trauma,Extreme,4,41-50,4604,41-50
7208,2,c,3,Y,2,anesthesia,R,A,3,71894,8,Emergency,Moderate,4,51-60,4706,51-60
6962,27,a,1,X,3,anesthesia,R,E,4,69503,8,Emergency,Minor,2,41-50,4199,21-30
1809,13,a,1,X,4,TB & Chest disease,R,E,4,107540,1,Emergency,Minor,2,51-60,4063,71-80
7324,25,b,2,Y,3,gynecology,S,D,4,23920,8,Trauma,Moderate,5,51-60,5698,51-60
7959,2,c,3,Z,3,gynecology,S,A,3,10854,8,Trauma,Moderate,5,21-30,5508,unknown
2444,12,c,5,Z,3,gynecology,R,F,4,75677,7,Trauma,Moderate,4,21-30,4323,41-50
4466,32,c,3,Z,2,anesthesia,S,A,4,124871,8,Trauma,Moderate,4,61-70,5395,31-40
655,23,a,6,X,4,anesthesia,R,F,4,61929,8,Trauma,Minor,6,51-60,3132,31-40
7604,13,c,5,Z,4,gynecology,S,F,3,71141,8,Trauma,Moderate,3,61-70,6465,More than 100 Days
8962,20,c,3,Y,4,gynecology,Q,D,3,61071,8,Emergency,Moderate,2,21-30,3510,41-50
2184,5,a,6,X,5,gynecology,Q,F,3,28579,8,Emergency,Minor,2,21-30,5564,71-80
5059,10,e,1,Y,3,gynecology,Q,E,3,68754,8,Emergency,Moderate,2,31-40,8003,0-10
7129,23,a,6,X,4,anesthesia,R,F,3,72966,14,Trauma,Moderate,2,41-50,4885,0-10
8660,23,a,6,X,4,gynecology,R,F,4,116785,8,Trauma,Extreme,2,51-60,5983,31-40
4617,6,a,1,X,4,gynecology,R,E,4,102851,8,Emergency,Extreme,4,61-70,5182,0-10
5230,5,a,6,X,4,gynecology,Q,C,2,89166,1,Emergency,Moderate,3,41-50,4537,21-30
8319,1,c,9,Y,2,anesthesia,S,B,2,125032,8,Trauma,Minor,2,71-80,8095,unknown
2363,5,a,6,X,4,gynecology,Q,F,3,87089,2,Emergency,Moderate,3,51-60,3294,31-40
2780,5,a,6,X,4,gynecology,Q,F,3,22424,8,Trauma,Moderate,4,61-70,3838,31-40
5941,27,a,1,X,2,gynecology,S,E,4,82817,8,Trauma,Minor,8,71-80,5675,31-40
3095,14,a,7,Y,4,gynecology,S,C,2,79140,8,Trauma,Moderate,4,61-70,3943,21-30
3648,28,a,2,Y,2,gynecology,R,F,3,32333,8,Trauma,Moderate,2,41-50,4913,21-30
2094,28,a,11,X,3,gynecology,R,F,4,103990,8,Emergency,Moderate,3,41-50,5014,unknown
6043,14,a,1,X,2,gynecology,S,E,1,73092,unknown,Emergency,Moderate,4,41-50,3086,unknown
5716,28,b,2,Y,4,radiotherapy,Q,D,4,7695,7,Emergency,Moderate,4,81-90,4214,unknown
509,28,a,6,X,4,gynecology,R,F,3,86815,4,Urgent,Moderate,3,21-30,5113,0-10
7226,1,b,11,X,2,gynecology,S,D,4,9843,5,Emergency,Minor,13,41-50,4604,51-60
4669,14,c,5,Z,3,gynecology,S,F,4,115393,9,Trauma,Moderate,2,31-40,5297,71-80
538,3,c,5,Z,4,gynecology,R,F,4,87145,7,Trauma,Moderate,2,41-50,3957,unknown
4290,2,c,5,Z,6,gynecology,R,F,3,72505,4,Trauma,Moderate,2,41-50,4945,71-80
616,26,b,2,Y,7,radiotherapy,S,D,2,82296,4,Emergency,Moderate,6,81-90,3672,51-60
1881,2,b,11,Z,3,gynecology,R,F,2,29036,22,Trauma,Moderate,2,41-50,4110,More than 100 Days
806,25,b,2,Y,3,gynecology,P,D,3,9741,8,Emergency,Moderate,8,41-50,3675,31-40
4518,11,d,5,Z,4,gynecology,R,F,4,102850,11,Trauma,Moderate,2,61-70,3979,unknown
900,19,c,3,Z,3,gynecology,S,A,4,62257,4,Emergency,Moderate,2,31-40,5121,71-80
5439,13,a,6,X,4,gynecology,R,F,3,86152,8,Trauma,Moderate,4,21-30,3758,0-10
5079,2,c,3,Z,4,gynecology,R,A,4,29878,2,Trauma,Minor,3,31-40,4850,21-30
6111,1,d,10,Y,4,gynecology,R,B,1,124810,8,Urgent,Moderate,6,31-40,5021,21-30
6022,2,c,5,Z,2,anesthesia,S,F,4,83763,1,Trauma,Moderate,2,51-60,4309,21-30
6089,26,b,2,Y,3,radiotherapy,Q,D,2,120342,4,Emergency,Moderate,5,31-40,3497,61-70
6258,13,e,1,X,4,gynecology,Q,E,3,63009,2,Emergency,Moderate,4,61-70,3803,21-30
4991,16,e,1,X,4,gynecology,Q,E,2,25687,9,Emergency,Moderate,2,41-50,4841,21-30
2421,26,b,2,Y,3,gynecology,R,D,2,69098,8,Emergency,Moderate,6,41-50,3849,51-60
924,26,b,2,Y,2,gynecology,R,C,3,35558,8,Trauma,Extreme,5,61-70,3135,81-90
1451,12,a,9,Y,4,gynecology,S,B,4,26202,8,Trauma,Moderate,2,41-50,4740,21-30
2853,31,c,3,Z,4,gynecology,R,A,3,48375,9,Trauma,Extreme,2,41-50,4295,unknown
1670,28,b,2,Y,6,gynecology,R,D,4,70579,8,Trauma,Moderate,8,91-100,4201,51-60
5404,21,a,6,X,4,gynecology,Q,F,4,75331,1,Trauma,Moderate,4,41-50,2647,31-40
3399,26,b,2,Y,7,anesthesia,Q,D,3,16074,8,Trauma,Moderate,4,21-30,4853,51-60
2465,18,c,1,X,3,surgery,S,E,4,57004,8,Emergency,Moderate,4,31-40,2913,51-60
945,25,b,2,Y,4,gynecology,R,D,4,39511,8,Trauma,Moderate,6,61-70,4444,51-60
2164,11,a,1,X,4,radiotherapy,Q,E,3,122124,8,Emergency,Extreme,4,51-60,5235,21-30
638,2,c,5,Z,4,gynecology,S,F,2,66093,5,Trauma,Moderate,3,41-50,4493,unknown
3393,26,b,2,Y,5,gynecology,Q,D,4,59615,8,Trauma,Extreme,8,41-50,5518,31-40
7417,26,b,2,Y,3,TB & Chest disease,R,D,3,33969,8,Trauma,Moderate,3,unknown,5540,unknown
810,18,c,3,Z,3,gynecology,R,A,3,81234,8,Trauma,Moderate,2,71-80,5147,31-40
1120,14,c,5,Z,4,gynecology,S,F,4,36337,11,Urgent,Moderate,4,41-50,3191,0-10
7716,23,a,6,Y,4,radiotherapy,Q,F,3,56350,8,Trauma,Moderate,2,71-80,5047,unknown
5009,7,e,1,X,4,anesthesia,Q,E,4,71263,unknown,Emergency,Moderate,2,41-50,2860,unknown
4737,28,b,11,X,4,gynecology,R,F,2,10339,unknown,Trauma,Moderate,8,21-30,4836,51-60
7763,10,c,5,Z,8,gynecology,R,F,4,91959,8,Emergency,Moderate,2,21-30,6942,unknown
7969,27,a,4,X,3,gynecology,R,F,3,72996,8,Trauma,Moderate,2,41-50,5051,21-30
7671,10,a,9,Y,2,gynecology,R,B,1,61216,8,Urgent,Minor,5,31-40,4792,21-30
2207,12,c,5,Z,3,gynecology,Q,F,4,34717,9,Trauma,Moderate,2,51-60,5125,31-40
2452,14,a,1,X,4,gynecology,Q,E,4,110094,8,Emergency,Moderate,2,91-100,5614,31-40
582,18,e,1,X,4,gynecology,R,E,2,48434,4,Emergency,Moderate,2,41-50,3604,unknown
966,23,a,6,X,3,gynecology,S,F,3,85563,8,Trauma,Extreme,4,21-30,4438,0-10
4150,1,c,5,Z,2,anesthesia,S,F,3,30307,8,Trauma,Moderate,2,21-30,5701,unknown
749,21,c,3,Z,4,gynecology,S,A,2,61232,8,Emergency,Moderate,4,41-50,3747,31-40
7242,26,b,2,Y,2,gynecology,S,D,4,109000,8,Emergency,Minor,4,61-70,3741,31-40
2424,9,d,5,Z,3,gynecology,R,B,2,72091,5,Emergency,Moderate,5,71-80,4972,31-40
3241,27,a,4,Y,4,anesthesia,R,F,2,8434,8,Trauma,Moderate,3,61-70,4508,51-60
3360,25,e,7,Y,4,gynecology,R,C,4,55089,8,Trauma,Moderate,6,31-40,6905,41-50
3045,2,c,5,Z,3,gynecology,R,F,2,42810,5,Trauma,Moderate,2,41-50,5245,unknown
3119,26,a,7,Y,4,anesthesia,R,C,4,54759,8,Urgent,Moderate,2,71-80,5369,unknown
936,3,c,5,Z,4,anesthesia,R,F,3,31655,8,Trauma,Moderate,4,51-60,4490,31-40
2606,10,b,2,Y,3,gynecology,R,D,3,101756,8,Emergency,Extreme,3,41-50,5897,21-30
470,7,d,1,X,4,gynecology,Q,E,3,63289,7,Emergency,Moderate,2,61-70,3830,31-40
8806,1,c,3,Z,2,gynecology,S,A,2,97290,8,Trauma,Minor,2,71-80,6236,0-10
3670,26,b,2,Y,4,gynecology,R,D,4,69768,8,Trauma,Minor,5,41-50,5089,41-50
2683,29,c,5,X,4,gynecology,R,F,3,75221,4,Trauma,Moderate,4,41-50,5178,71-80
2417,5,a,7,Y,7,gynecology,Q,C,2,105078,8,Emergency,Moderate,4,51-60,5675,31-40
7474,19,c,5,Z,3,gynecology,R,A,2,125627,10,Trauma,Moderate,2,unknown,6033,21-30
5650,10,d,6,Y,3,gynecology,S,F,3,94251,2,Emergency,Moderate,4,61-70,2731,31-40
7163,10,c,2,Z,4,gynecology,R,D,3,67225,8,Trauma,Moderate,2,31-40,5170,41-50
3935,26,b,2,Y,3,gynecology,R,D,3,93968,1,Emergency,Moderate,3,51-60,5101,91-100
754,9,d,5,Z,4,radiotherapy,Q,F,2,65395,8,Trauma,Moderate,4,21-30,3289,21-30
2650,25,e,1,X,2,anesthesia,Q,E,4,80673,8,Trauma,Extreme,2,51-60,3390,31-40
1641,23,b,11,X,4,gynecology,R,F,2,25651,1,Trauma,Minor,3,61-70,4845,21-30
3080,31,f,9,Y,2,gynecology,S,B,4,36398,8,Trauma,Extreme,6,51-60,7165,unknown
5648,26,b,2,Y,2,gynecology,R,D,4,35528,15,Trauma,Moderate,5,71-80,7480,51-60
5384,27,a,5,Z,3,gynecology,R,F,2,98359,8,Emergency,Moderate,6,21-30,4112,51-60
4980,9,d,5,Z,4,TB & Chest disease,Q,F,4,79049,8,Trauma,Moderate,2,21-30,5499,41-50
1828,18,a,7,Y,4,gynecology,S,C,2,82132,8,Emergency,Moderate,2,71-80,5188,31-40
2387,14,c,3,Z,4,gynecology,R,A,2,83184,8,Trauma,Moderate,4,31-40,6213,21-30
2284,23,d,6,Z,4,gynecology,S,F,4,64909,15,Trauma,Moderate,2,21-30,4361,61-70
1869,5,a,6,X,3,gynecology,R,F,3,24379,8,Emergency,Moderate,6,unknown,2720,41-50
7731,20,a,7,Y,2,gynecology,S,C,3,55088,8,Emergency,Minor,8,41-50,5696,31-40
4556,31,f,9,Y,4,gynecology,S,B,2,124484,8,Trauma,Moderate,2,unknown,4941,unknown
7759,32,f,9,Y,2,gynecology,S,B,4,110395,8,Emergency,Extreme,8,61-70,3455,51-60
9450,6,a,4,X,2,anesthesia,S,F,2,109674,8,Trauma,Moderate,4,61-70,5308,71-80
7973,26,b,2,Y,6,anesthesia,S,D,3,5218,8,Trauma,Moderate,8,61-70,4767,81-90
5782,14,e,1,X,2,radiotherapy,Q,E,3,80437,7,Trauma,Extreme,2,61-70,5421,21-30
4861,11,d,5,Z,4,gynecology,Q,F,4,62896,8,Emergency,Moderate,4,31-40,4529,unknown
7323,9,e,1,X,4,gynecology,S,E,2,123125,5,Urgent,Moderate,2,41-50,3671,unknown
840,11,b,2,Y,4,gynecology,S,D,4,118800,5,Trauma,Moderate,2,41-50,4911,51-60
4901,18,a,1,X,3,gynecology,R,B,2,57422,8,Emergency,Moderate,6,61-70,4839,unknown
724,26,b,2,Y,5,anesthesia,Q,D,4,34625,7,Emergency,Moderate,2,81-90,4869,0-10
5127,23,a,9,Y,3,gynecology,R,B,4,38619,2,Emergency,Moderate,5,51-60,4849,21-30
5673,5,a,6,X,3,gynecology,Q,F,3,33371,1,Trauma,Extreme,2,41-50,4813,21-30
2636,10,e,1,X,6,radiotherapy,Q,E,4,50812,8,Trauma,Extreme,4,unknown,3470,unknown
912,1,d,3,Y,3,gynecology,R,B,3,9191,8,Trauma,Moderate,3,41-50,5834,51-60
7976,20,a,7,Y,3,gynecology,S,C,3,50909,8,Trauma,Moderate,3,31-40,4335,31-40
7179,23,a,9,Y,2,anesthesia,S,B,3,41901,8,Trauma,Moderate,2,51-60,5233,unknown
1684,15,a,1,X,4,gynecology,S,E,3,72314,8,Emergency,Moderate,2,41-50,3694,31-40
804,18,a,7,Y,3,gynecology,P,C,3,56512,8,Emergency,Extreme,3,41-50,2929,51-60
9339,23,d,7,Y,2,radiotherapy,R,F,4,85280,8,Trauma,Moderate,6,71-80,5045,91-100
7102,13,a,1,X,5,gynecology,Q,E,3,38131,8,Emergency,Extreme,2,41-50,5298,unknown
4155,3,c,3,Z,2,radiotherapy,R,A,3,66530,8,Urgent,Extreme,2,21-30,5932,unknown
6740,28,a,4,Y,2,TB & Chest disease,R,E,2,84326,8,Trauma,Moderate,2,31-40,5065,unknown
2195,23,a,9,X,4,gynecology,Q,E,2,94350,8,Trauma,Moderate,3,41-50,4461,21-30
5584,12,a,1,X,3,gynecology,R,E,4,91371,8,Emergency,Moderate,2,21-30,3808,More than 100 Days
2653,25,e,1,X,3,gynecology,S,E,3,86031,unknown,Trauma,Moderate,6,51-60,4965,51-60
2493,26,b,12,Y,1,gynecology,S,E,3,123909,8,Trauma,Extreme,4,61-70,3984,51-60
5348,1,d,13,Z,6,anesthesia,Q,F,3,122698,8,Trauma,Moderate,4,21-30,5009,51-60
1249,31,f,9,Y,3,gynecology,T,B,3,121406,14,Trauma,Extreme,5,71-80,3962,31-40
597,10,d,9,Z,2,radiotherapy,R,F,2,88015,5,Trauma,Moderate,2,61-70,4480,More than 100 Days
5555,9,g,9,Y,3,gynecology,Q,B,4,11641,8,Trauma,Moderate,4,61-70,4869,21-30
3157,19,c,1,X,2,gynecology,S,E,2,66124,5,Trauma,Moderate,2,61-70,5545,0-10
662,19,c,3,Z,3,gynecology,R,A,2,55548,8,Emergency,Moderate,3,71-80,5010,41-50
2566,27,b,4,X,4,anesthesia,S,F,3,26051,8,Emergency,Moderate,4,41-50,3893,51-60
9249,11,d,2,Y,5,radiotherapy,Q,D,4,50813,8,Emergency,Moderate,2,21-30,5839,21-30
2187,13,a,1,X,3,anesthesia,R,E,4,71765,2,Trauma,Moderate,2,41-50,5279,21-30
7932,14,c,5,Z,3,gynecology,R,F,3,46150,8,Trauma,Minor,2,21-30,4673,unknown
7911,19,a,7,Y,5,gynecology,P,C,3,118021,8,Trauma,Moderate,2,81-90,4753,21-30
4729,14,e,1,X,2,gynecology,S,E,3,66362,8,Urgent,Moderate,2,31-40,4934,41-50
490,14,a,1,X,4,anesthesia,Q,E,3,27811,8,Trauma,Moderate,4,21-30,5829,31-40
556,22,d,6,X,3,gynecology,Q,F,3,40416,8,Emergency,Minor,4,21-30,4617,0-10
1412,25,b,2,Y,3,gynecology,R,D,2,44764,8,Trauma,Moderate,4,51-60,3820,51-60
1021,25,b,2,Y,4,gynecology,R,D,2,50673,8,Trauma,Moderate,6,41-50,4109,51-60
5737,27,b,11,X,4,gynecology,R,F,2,89261,8,Trauma,Moderate,3,41-50,3692,51-60
4476,26,a,7,Y,3,gynecology,Q,C,3,42184,8,Trauma,Extreme,6,71-80,3703,31-40
7931,5,a,6,X,4,gynecology,Q,F,3,34684,8,Trauma,Extreme,6,71-80,3171,31-40
4855,26,a,7,Y,4,gynecology,R,C,2,50914,11,Emergency,Moderate,6,41-50,3676,31-40
822,21,c,3,Z,3,gynecology,R,A,4,89172,8,Trauma,Moderate,3,41-50,5065,51-60
4776,10,d,5,Z,3,gynecology,S,F,3,34118,5,Urgent,Moderate,2,41-50,4873,31-40
9052,3,c,3,Z,3,gynecology,S,A,3,95097,8,Trauma,Moderate,2,41-50,4642,21-30
526,18,e,9,Y,2,radiotherapy,R,E,3,27308,8,Emergency,Moderate,5,21-30,4093,31-40
959,28,a,7,X,3,gynecology,Q,C,2,24262,8,Emergency,Moderate,3,41-50,3759,0-10
4264,25,e,1,X,2,gynecology,R,E,4,67056,1,Emergency,Extreme,4,41-50,2794,81-90
2308,15,c,5,Z,2,gynecology,S,F,4,95567,5,Emergency,Moderate,2,51-60,3277,31-40
5726,2,c,7,Z,3,gynecology,R,A,4,46719,8,Emergency,Minor,2,unknown,5384,21-30
5450,3,c,5,Z,3,anesthesia,S,F,2,109240,4,Trauma,Moderate,3,41-50,3917,31-40
5138,18,d,3,Y,2,gynecology,S,B,3,10502,7,Emergency,Moderate,4,41-50,3596,31-40
8098,20,a,7,Y,2,radiotherapy,S,C,4,45548,8,Emergency,Moderate,4,61-70,4129,51-60
1677,19,c,3,Y,2,anesthesia,S,D,3,13780,8,Emergency,Moderate,2,51-60,3090,0-10
7605,23,g,9,Y,2,gynecology,S,B,3,39413,8,Trauma,Moderate,2,0-10,5016,unknown
2521,25,e,1,X,3,gynecology,R,E,3,112267,8,Emergency,Extreme,4,31-40,3978,unknown
750,26,b,2,Y,4,anesthesia,P,D,3,32200,8,Trauma,Moderate,3,41-50,5103,unknown
9351,26,b,2,Y,3,gynecology,Q,D,4,106585,8,Urgent,Extreme,2,61-70,6110,31-40
4762,32,c,3,Z,4,anesthesia,S,A,3,32009,4,Trauma,Moderate,2,31-40,4894,31-40
1043,1,d,12,Y,3,gynecology,R,B,3,125291,5,Trauma,Moderate,4,41-50,4659,71-80
8177,14,a,1,X,3,anesthesia,R,F,2,94721,14,Emergency,Moderate,3,81-90,3639,21-30
5884,18,a,7,Y,2,radiotherapy,S,C,4,104733,8,Urgent,Moderate,2,41-50,3669,31-40
1447,26,b,2,Y,4,gynecology,R,D,3,8049,7,Emergency,Extreme,4,61-70,2863,unknown
6984,6,a,6,X,4,anesthesia,Q,F,3,114368,11,Trauma,Moderate,2,41-50,4890,unknown
2760,6,b,11,X,4,gynecology,Q,F,4,92430,1,Trauma,Moderate,3,41-50,3627,21-30
942,23,a,9,X,4,gynecology,R,B,3,94166,7,Trauma,Extreme,2,41-50,5942,31-40
5676,26,e,2,Y,2,TB & Chest disease,S,D,2,85334,8,Emergency,Moderate,6,41-50,4078,31-40
3418,25,b,2,Y,6,anesthesia,Q,D,3,126827,8,Trauma,Extreme,4,71-80,4093,More than 100 Days
3991,5,a,6,X,2,anesthesia,Q,F,4,125283,2,Trauma,Moderate,2,61-70,3442,31-40
6082,27,a,1,X,3,gynecology,R,E,4,35324,8,Trauma,Moderate,2,21-30,5917,21-30
542,2,d,9,Y,4,gynecology,Q,B,1,75381,8,Emergency,Extreme,3,51-60,4027,21-30
3120,21,c,3,Z,3,radiotherapy,R,F,2,67990,8,Urgent,Moderate,2,41-50,4514,unknown
6421,20,a,7,Y,4,gynecology,R,C,2,55429,8,Emergency,Moderate,6,51-60,4740,21-30
4553,25,b,2,Y,1,gynecology,R,D,4,24342,8,Trauma,Extreme,8,41-50,5406,51-60
3603,25,b,2,Y,6,gynecology,P,D,2,59662,8,Trauma,Extreme,4,41-50,3220,21-30
5529,6,a,6,X,4,gynecology,R,F,3,77742,8,Trauma,Minor,2,31-40,4728,unknown
9309,1,d,9,Y,3,gynecology,R,B,4,27087,8,Trauma,Minor,2,31-40,6763,unknown
7408,19,a,7,Y,3,gynecology,S,C,3,99981,8,Emergency,Minor,2,unknown,5068,31-40
1169,3,c,5,Z,3,anesthesia,R,F,3,11528,8,Emergency,Moderate,2,21-30,4964,0-10
7605,18,c,3,Y,3,anesthesia,R,C,3,66681,8,Trauma,Minor,2,71-80,5039,unknown
7716,23,a,1,X,1,anesthesia,R,E,3,122448,2,Trauma,Extreme,7,61-70,4343,51-60
2497,7,a,1,X,2,gynecology,S,E,3,127730,8,Trauma,Minor,4,unknown,3911,21-30
4964,21,c,3,Z,4,gynecology,Q,A,3,75418,4,Trauma,Moderate,2,41-50,4104,31-40
5402,27,a,7,Y,4,gynecology,R,C,2,86879,8,Emergency,Moderate,3,41-50,3040,0-10
7728,19,a,7,Y,3,gynecology,P,C,3,101020,8,Trauma,Moderate,2,81-90,6820,31-40
5676,32,f,9,Y,2,gynecology,S,B,2,108988,5,Trauma,Moderate,6,51-60,5681,31-40
9405,25,b,2,Y,2,anesthesia,R,D,3,12124,8,Trauma,Moderate,3,31-40,5282,81-90
2275,20,c,12,Y,2,anesthesia,S,B,3,124187,5,Emergency,Moderate,2,41-50,4759,unknown
5650,12,c,5,Z,4,gynecology,Q,F,4,8916,9,Trauma,Moderate,2,41-50,5053,0-10
5243,26,b,2,Y,2,radiotherapy,R,D,4,128191,4,Trauma,Moderate,2,41-50,5316,unknown
5017,32,f,9,Y,2,anesthesia,S,B,4,125508,8,Urgent,Moderate,5,71-80,6248,51-60
2198,28,a,7,Y,3,gynecology,R,C,4,32573,8,Emergency,Extreme,4,41-50,4815,31-40
5496,23,a,6,X,6,gynecology,Q,F,3,9795,8,Emergency,Moderate,2,unknown,4048,61-70
7193,32,f,9,Y,2,gynecology,S,B,2,122280,unknown,Emergency,Moderate,4,71-80,4967,51-60
5059,2,c,9,Y,2,gynecology,S,B,4,124625,8,Urgent,Moderate,4,31-40,4524,91-100
5179,26,b,2,Y,4,gynecology,Q,D,4,117887,8,Emergency,Moderate,4,41-50,5833,21-30
755,14,e,9,Y,2,gynecology,R,B,4,32160,8,Trauma,Minor,2,31-40,4268,21-30
8142,31,f,9,Y,2,gynecology,S,B,3,118089,8,Emergency,Minor,2,71-80,5107,31-40
7436,6,a,1,X,4,anesthesia,R,E,1,67913,unknown,Trauma,Moderate,2,41-50,5512,21-30
5196,29,a,1,X,2,gynecology,R,A,2,108170,8,Trauma,Moderate,5,61-70,3658,81-90
5147,28,b,11,X,4,gynecology,R,F,4,9568,2,Emergency,Moderate,2,31-40,3771,21-30
1423,25,b,2,Y,3,gynecology,Q,D,2,124592,8,Trauma,Extreme,2,41-50,3888,21-30
5997,26,b,2,Y,2,gynecology,R,D,3,108810,8,Urgent,Minor,2,unknown,4623,21-30
9079,10,e,1,X,2,anesthesia,Q,E,4,113511,10,Trauma,Moderate,2,61-70,3620,unknown
626,18,a,1,X,3,gynecology,R,E,2,80173,8,Trauma,Moderate,3,41-50,3732,71-80
4850,19,e,1,X,2,radiotherapy,S,E,2,92206,1,Emergency,Moderate,2,41-50,3364,More than 100 Days
1443,6,a,1,X,1,gynecology,R,F,2,61168,1,Urgent,Moderate,3,41-50,4144,unknown
8141,2,c,5,Z,2,gynecology,R,F,3,79963,8,Trauma,Moderate,2,71-80,6147,31-40
1633,27,a,6,X,2,gynecology,R,F,2,81189,1,Trauma,Moderate,2,31-40,4234,91-100
5046,9,e,1,X,2,gynecology,S,E,3,33727,8,Trauma,Minor,2,21-30,3936,31-40
5183,23,a,4,X,4,gynecology,R,F,2,104059,1,Emergency,Moderate,3,31-40,3062,51-60
827,1,c,3,Y,4,radiotherapy,Q,A,2,110937,8,Trauma,Moderate,4,41-50,5093,41-50
9530,1,d,5,Z,6,gynecology,P,F,3,36071,8,Trauma,Minor,4,51-60,5297,31-40
4619,3,c,3,Z,6,anesthesia,S,A,1,28848,8,Trauma,Moderate,2,41-50,4606,21-30
5238,11,d,9,Y,3,gynecology,Q,B,4,123801,4,Emergency,Moderate,3,31-40,3525,21-30
5284,28,d,13,X,2,gynecology,R,F,3,6272,8,Trauma,Minor,2,81-90,4994,21-30
538,11,a,7,X,3,gynecology,Q,F,2,57885,8,Trauma,Moderate,4,61-70,3055,71-80
5581,25,b,2,Y,3,gynecology,R,D,2,103198,8,Emergency,Moderate,5,91-100,5278,71-80
794,26,a,7,Y,4,anesthesia,Q,C,2,121331,8,Trauma,Moderate,4,41-50,4183,21-30
5654,14,c,5,Z,1,anesthesia,S,F,2,95555,8,Trauma,Moderate,2,61-70,4257,21-30
771,10,d,5,Z,3,gynecology,S,F,3,36549,9,Emergency,Moderate,5,41-50,3928,31-40
735,10,f,9,Y,2,gynecology,R,B,4,54271,8,Trauma,Extreme,2,81-90,6949,unknown
7807,27,b,11,X,3,gynecology,R,F,4,118800,9,Trauma,Moderate,3,41-50,4773,31-40
894,9,b,5,Z,3,gynecology,R,F,2,76368,4,Emergency,Moderate,4,unknown,4500,31-40
2975,25,b,2,Y,4,anesthesia,Q,D,4,109469,8,Trauma,Moderate,4,41-50,4106,41-50
633,26,a,1,X,3,gynecology,R,E,2,92549,4,Trauma,Moderate,3,41-50,3822,31-40
4661,14,a,1,X,1,gynecology,R,E,4,53953,8,Trauma,Minor,4,51-60,5014,21-30
6214,17,e,1,X,3,anesthesia,S,E,4,58873,8,Emergency,Minor,4,31-40,5333,unknown
6700,10,a,6,X,4,gynecology,Q,F,4,56506,8,Trauma,Minor,2,21-30,4984,unknown
9409,1,d,13,Z,3,gynecology,S,B,3,116241,5,Emergency,Moderate,2,21-30,5573,71-80
5557,2,a,9,Y,4,gynecology,Q,B,2,11763,8,Urgent,Moderate,3,41-50,5103,21-30
991,20,f,9,Y,3,gynecology,S,B,4,52848,8,Emergency,Minor,6,unknown,4457,More than 100 Days
7118,10,a,7,Y,2,TB & Chest disease,S,C,3,65471,8,Trauma,Moderate,2,61-70,4086,More than 100 Days
3288,25,b,2,Y,3,gynecology,R,D,3,36475,11,Trauma,Moderate,6,61-70,4587,51-60
2294,5,a,6,X,4,gynecology,Q,F,1,6892,8,Emergency,Moderate,4,51-60,2694,31-40
4831,25,b,2,Y,4,gynecology,Q,D,4,30227,8,Emergency,Moderate,4,41-50,4968,31-40
7675,18,e,1,X,2,gynecology,S,E,3,87257,4,Trauma,Moderate,6,61-70,3947,51-60
6273,26,b,2,Y,5,gynecology,R,D,2,121417,8,Emergency,Moderate,2,41-50,4903,21-30
3311,10,a,5,Z,3,gynecology,R,F,2,56654,8,Urgent,Extreme,4,61-70,3664,31-40
9372,11,d,5,X,3,gynecology,Q,E,3,27147,8,Urgent,Moderate,2,21-30,3821,unknown
946,19,a,1,X,4,gynecology,R,B,4,40830,5,Emergency,Moderate,2,41-50,3941,21-30
6136,27,b,2,Y,2,gynecology,R,D,2,7068,8,Emergency,Moderate,3,31-40,6895,31-40
5271,29,a,7,Y,3,gynecology,R,C,2,94763,8,Emergency,Moderate,2,71-80,4161,0-10
2696,31,a,9,Y,3,gynecology,S,B,1,127181,8,Emergency,Moderate,6,21-30,4935,51-60
7657,22,a,1,X,4,gynecology,R,E,1,65280,7,Emergency,Extreme,3,61-70,2808,unknown
1638,20,c,3,Z,4,gynecology,S,A,2,47611,8,Urgent,Moderate,2,41-50,4643,unknown
5453,6,a,6,X,4,anesthesia,R,F,4,31318,2,Trauma,Extreme,4,51-60,4808,More than 100 Days
8062,32,g,9,Y,7,radiotherapy,S,B,1,29547,9,Emergency,Moderate,2,61-70,3604,51-60
7976,5,a,6,X,4,gynecology,Q,F,4,103317,2,Trauma,Extreme,4,21-30,4410,21-30
2582,2,d,9,Y,4,gynecology,R,B,4,70100,8,Trauma,Moderate,2,51-60,6140,unknown
5342,19,a,7,Y,3,gynecology,R,C,2,112377,8,Emergency,Moderate,3,71-80,3975,51-60
780,28,a,7,Y,3,gynecology,R,C,2,126923,8,Trauma,Moderate,4,61-70,2867,51-60
3118,29,a,7,Y,4,gynecology,Q,C,3,89106,8,Emergency,Moderate,4,21-30,4153,51-60
2249,14,a,1,X,4,anesthesia,Q,E,2,34720,unknown,Emergency,Moderate,6,81-90,3928,0-10
7639,6,a,6,X,3,anesthesia,Q,F,4,38142,8,Trauma,Extreme,3,21-30,5280,81-90
1790,22,c,3,Z,3,gynecology,S,A,1,49928,8,Trauma,Moderate,4,41-50,3685,31-40
5278,1,d,5,Z,2,gynecology,R,F,2,8472,8,Trauma,Extreme,2,61-70,3299,31-40
8130,20,a,7,Y,2,anesthesia,S,C,3,121908,8,Emergency,Extreme,4,51-60,4014,21-30
5448,26,b,2,Y,4,gynecology,S,D,2,110169,9,Trauma,Moderate,2,41-50,4253,81-90
4861,14,e,1,X,2,gynecology,R,E,4,9263,8,Trauma,Moderate,4,41-50,5201,21-30
7833,26,b,2,Y,5,gynecology,Q,D,4,6874,22,Trauma,Moderate,3,71-80,4972,unknown
4711,20,g,9,Y,4,gynecology,S,B,2,89033,7,Emergency,Moderate,2,51-60,5443,unknown
5256,26,b,2,Y,4,gynecology,Q,D,4,58584,8,Trauma,Minor,2,31-40,5678,unknown
966,1,d,10,Y,4,gynecology,S,B,2,77771,8,Emergency,Moderate,4,31-40,3811,0-10
5457,14,a,1,X,3,gynecology,R,E,3,25610,unknown,Trauma,Minor,2,51-60,3880,unknown
3884,27,b,11,X,3,gynecology,R,F,4,29788,8,Trauma,Minor,3,21-30,4635,unknown
8217,6,a,7,Y,4,gynecology,Q,C,2,63359,8,Trauma,Moderate,3,61-70,3597,21-30
4670,26,b,2,Y,2,gynecology,S,D,4,52269,8,Emergency,Moderate,5,71-80,4932,71-80
3037,28,b,11,X,3,gynecology,R,F,3,65978,1,Trauma,Moderate,8,41-50,3995,21-30
8359,26,b,2,Y,4,gynecology,Q,D,3,6980,8,Trauma,Minor,6,21-30,5308,21-30
1282,25,b,2,Y,4,anesthesia,Q,D,3,128087,5,Trauma,Extreme,2,41-50,5044,41-50
5081,19,b,5,Z,5,surgery,Q,F,2,110515,8,Trauma,Moderate,2,41-50,4724,21-30
5349,2,a,1,X,3,anesthesia,R,E,2,99448,8,Trauma,Moderate,12,51-60,3720,21-30
7887,26,b,2,Y,4,gynecology,P,D,3,16106,8,Emergency,Minor,2,71-80,4252,51-60
609,31,f,9,Y,3,gynecology,S,B,4,70532,8,Emergency,Moderate,2,21-30,3436,31-40
8055,12,c,3,Z,4,gynecology,R,A,3,44831,8,Emergency,Moderate,2,71-80,4802,21-30
587,11,b,2,Y,3,gynecology,Q,D,3,51401,5,Emergency,Moderate,3,31-40,4649,31-40
900,22,a,10,Y,4,gynecology,S,B,4,14473,14,Emergency,Moderate,4,51-60,4113,71-80
4275,10,c,5,Z,4,TB & Chest disease,S,F,4,61161,4,Trauma,Moderate,3,61-70,4788,unknown
4327,11,b,2,X,2,anesthesia,R,F,4,88388,8,Trauma,Moderate,2,41-50,5117,unknown
496,6,a,6,X,4,gynecology,R,F,3,96503,8,Trauma,Moderate,2,31-40,4923,unknown
5351,5,a,6,X,2,gynecology,Q,F,4,23532,8,Emergency,Moderate,2,41-50,5476,51-60
4399,2,c,3,Z,3,gynecology,S,A,4,52387,5,Trauma,Moderate,3,31-40,4814,81-90
660,19,a,7,Y,4,gynecology,S,C,2,11456,8,Trauma,Moderate,2,41-50,5944,21-30
2095,25,b,2,Y,4,gynecology,S,D,3,125293,8,Trauma,Moderate,4,61-70,3971,51-60
1042,23,a,6,Y,2,gynecology,Q,F,3,42838,8,Trauma,Moderate,2,31-40,3279,unknown
8590,27,b,11,X,3,anesthesia,R,F,4,30398,8,Trauma,Moderate,2,71-80,5207,unknown
2442,28,a,6,X,3,surgery,R,F,2,91786,1,Trauma,Moderate,2,41-50,5162,21-30
3255,29,b,11,X,3,gynecology,R,F,2,98008,1,Trauma,Moderate,3,71-80,5153,71-80
4677,10,a,5,Z,4,gynecology,S,F,2,32651,4,Emergency,Moderate,4,51-60,4932,unknown
2034,6,a,1,Y,4,gynecology,Q,C,4,54801,8,Emergency,Minor,4,21-30,4816,21-30
717,20,a,7,X,5,gynecology,S,C,4,60838,5,Urgent,Extreme,4,31-40,4084,71-80
6011,27,a,7,Y,5,gynecology,R,C,3,37720,8,Emergency,Minor,3,51-60,4650,31-40
1976,23,a,6,X,3,gynecology,R,F,3,49373,8,Urgent,Minor,2,61-70,4901,31-40
2775,26,b,2,Y,4,anesthesia,P,D,3,9568,7,Emergency,Minor,4,51-60,5027,71-80
2150,9,a,1,X,4,radiotherapy,Q,E,3,74241,4,Trauma,Moderate,2,41-50,5170,unknown
6169,3,c,3,Z,4,gynecology,R,A,2,91318,9,Trauma,Moderate,3,31-40,4887,51-60
8306,11,c,5,X,5,anesthesia,Q,E,3,12202,8,Trauma,Minor,4,21-30,6684,31-40
514,28,a,7,Y,3,radiotherapy,R,C,4,109330,7,Emergency,Moderate,4,71-80,4298,unknown
8651,14,a,1,X,4,anesthesia,Q,E,3,53447,8,Trauma,Minor,2,61-70,4890,unknown
5833,22,d,10,Y,4,gynecology,S,B,1,49571,8,Trauma,Moderate,8,41-50,4748,unknown
7563,25,b,2,Y,2,gynecology,R,D,2,70324,1,Emergency,Extreme,3,41-50,4069,21-30
1212,11,a,9,Y,4,gynecology,Q,B,2,111377,8,Trauma,Moderate,4,41-50,4905,21-30
4834,14,a,5,Z,4,radiotherapy,Q,F,2,125267,11,Trauma,Moderate,2,61-70,4708,31-40
239,20,a,7,Y,2,gynecology,S,C,3,35617,8,Emergency,Moderate,4,51-60,4825,31-40
5372,11,d,5,Z,3,gynecology,S,F,4,55246,4,Urgent,Minor,2,21-30,5020,unknown
2507,6,a,1,X,4,gynecology,R,E,1,127068,8,Emergency,Moderate,5,41-50,3316,31-40
4376,10,a,7,X,4,radiotherapy,S,E,3,105572,11,Emergency,Moderate,2,41-50,5099,41-50
4946,19,a,7,Y,4,gynecology,Q,C,2,32352,9,Emergency,Moderate,4,41-50,3337,unknown
673,10,c,5,Z,3,gynecology,Q,E,4,115378,8,Emergency,Moderate,3,41-50,5021,unknown
3121,19,g,9,Y,3,gynecology,R,B,1,48981,5,Emergency,Moderate,6,41-50,3327,81-90
7628,25,b,2,Y,6,anesthesia,R,D,3,127353,4,Emergency,Moderate,5,41-50,5087,unknown
3155,20,c,3,Z,4,gynecology,S,A,2,105330,1,Trauma,Moderate,3,41-50,3793,51-60
5764,1,g,9,Y,3,anesthesia,R,B,3,127555,8,Trauma,Moderate,3,21-30,6760,unknown
5270,24,a,4,X,2,anesthesia,R,F,3,49839,8,Trauma,Moderate,2,51-60,5794,31-40
6552,11,b,5,Y,4,gynecology,S,D,4,93412,9,Trauma,Moderate,2,21-30,4583,31-40
9765,26,b,2,Y,3,gynecology,S,D,4,32579,4,Trauma,Extreme,3,41-50,3530,51-60
7946,27,b,11,Y,2,gynecology,R,D,4,9674,8,Trauma,Extreme,4,51-60,5045,31-40
6927,19,a,7,Y,5,gynecology,Q,C,3,44561,8,Emergency,Moderate,2,51-60,4724,31-40
6868,19,g,9,Y,3,gynecology,S,B,4,14579,8,Emergency,Moderate,5,41-50,4314,31-40
7942,31,c,3,Z,4,anesthesia,R,A,3,54775,8,Emergency,Extreme,2,71-80,5074,0-10
3834,3,c,3,Z,3,gynecology,R,A,2,89470,8,Trauma,Moderate,3,61-70,4907,51-60
8353,1,c,5,Z,2,gynecology,R,A,2,64233,8,Trauma,Moderate,2,81-90,5574,21-30
6932,8,e,1,X,2,radiotherapy,R,E,4,25649,4,Emergency,Moderate,2,41-50,3780,unknown
5388,9,e,1,X,4,gynecology,Q,E,3,31032,8,Trauma,Extreme,2,41-50,3338,21-30
694,23,a,6,X,4,gynecology,R,F,3,98146,1,Trauma,Extreme,2,41-50,4122,31-40
8389,26,b,2,Y,7,gynecology,Q,D,4,124306,8,Urgent,Moderate,4,61-70,5180,31-40
751,25,b,11,X,4,radiotherapy,R,F,2,20404,14,Emergency,Moderate,3,31-40,4183,71-80
2570,25,e,1,X,4,gynecology,R,E,3,82852,8,Trauma,Moderate,2,31-40,5034,21-30
548,23,a,6,X,4,gynecology,R,F,1,93448,2,Trauma,Extreme,3,21-30,4880,21-30
2412,19,a,9,Y,3,radiotherapy,Q,B,2,109169,8,Trauma,Moderate,2,51-60,4955,unknown
4522,25,b,2,Y,1,gynecology,Q,D,4,56113,8,Trauma,Extreme,5,51-60,4150,More than 100 Days
926,28,a,4,X,3,TB & Chest disease,R,F,4,102562,11,Trauma,Moderate,6,41-50,5101,51-60
9449,11,b,6,X,3,gynecology,R,F,4,29571,8,Trauma,Moderate,3,41-50,5416,51-60
2316,6,a,6,X,4,gynecology,Q,E,3,105711,11,Emergency,Extreme,4,71-80,3942,unknown
5059,32,g,9,Y,3,gynecology,Q,B,2,40800,8,Trauma,Moderate,3,41-50,5205,71-80
4762,25,e,1,X,2,gynecology,S,E,3,78926,8,Emergency,Moderate,2,61-70,6180,51-60
251,9,d,5,Y,4,gynecology,Q,F,2,90729,2,Emergency,Moderate,4,31-40,3677,41-50
1063,10,b,2,Y,7,radiotherapy,Q,D,3,95761,21,Urgent,Moderate,2,21-30,3094,21-30
947,6,a,6,X,2,gynecology,S,F,4,60328,8,Trauma,Moderate,2,unknown,5035,31-40
2406,10,b,2,Y,1,gynecology,R,D,2,129479,8,Urgent,Moderate,3,31-40,4817,unknown
7488,2,c,3,Z,7,gynecology,S,A,2,33956,8,Trauma,Moderate,4,61-70,4969,51-60
5067,26,b,2,Y,1,radiotherapy,R,D,4,25431,8,Trauma,Moderate,4,91-100,5336,51-60
1007,14,a,1,X,3,gynecology,R,E,4,34778,10,Emergency,Moderate,2,41-50,4496,unknown
9165,9,c,5,Z,2,gynecology,S,F,4,27257,8,Trauma,Minor,2,71-80,6696,31-40
1645,14,c,5,Z,2,gynecology,S,F,4,71554,8,Trauma,Moderate,2,61-70,6126,0-10
2569,6,a,6,X,4,gynecology,Q,F,2,80512,8,Trauma,Moderate,3,31-40,5636,21-30
643,5,a,6,X,4,anesthesia,R,F,2,97143,1,Trauma,Moderate,2,31-40,3376,21-30
3464,5,a,6,X,4,gynecology,Q,F,3,67129,8,Trauma,Moderate,4,61-70,3472,71-80
4923,6,a,6,X,2,gynecology,R,F,4,93116,8,Emergency,Extreme,4,51-60,2945,51-60
3184,5,a,1,X,4,anesthesia,Q,F,4,106505,7,Trauma,Extreme,4,81-90,3333,21-30
988,5,a,6,X,4,gynecology,Q,E,4,34353,11,Trauma,Moderate,2,31-40,3352,unknown
6284,26,b,2,Y,4,gynecology,S,D,3,35251,8,Trauma,Moderate,6,41-50,7242,51-60
789,28,b,11,X,3,gynecology,R,F,3,8287,1,Trauma,Moderate,3,41-50,7703,More than 100 Days
2050,26,b,2,Y,4,anesthesia,Q,D,4,120696,unknown,Emergency,Extreme,4,51-60,2824,41-50
9482,11,a,1,X,3,gynecology,Q,E,4,128662,8,Emergency,Minor,2,21-30,4005,unknown
2924,2,b,3,Z,4,gynecology,Q,A,3,43660,8,Emergency,Minor,3,31-40,4079,31-40
2533,11,a,4,X,4,radiotherapy,R,F,4,36499,8,Emergency,Moderate,2,21-30,4005,21-30
945,23,d,13,Y,3,gynecology,R,B,4,46818,7,Urgent,Moderate,5,41-50,4074,31-40
5595,32,f,9,Y,2,gynecology,S,B,4,35062,8,Emergency,Minor,2,unknown,5373,0-10
633,26,b,2,Y,4,anesthesia,Q,D,2,63246,8,Emergency,Moderate,3,31-40,3994,21-30
849,11,a,1,X,4,gynecology,R,E,4,54771,5,Trauma,Moderate,2,31-40,4912,0-10
4661,11,c,5,Z,6,surgery,Q,F,4,124054,1,Trauma,Moderate,2,21-30,4866,21-30
5565,28,a,4,X,3,gynecology,S,F,2,107302,8,Emergency,Moderate,2,41-50,4646,51-60
5194,1,d,10,Y,3,gynecology,T,B,3,124932,8,Emergency,Moderate,4,31-40,4897,51-60
8305,14,c,3,Z,2,anesthesia,S,B,2,71244,4,Trauma,Moderate,2,61-70,5031,21-30
7380,19,a,7,Y,3,gynecology,R,C,3,73930,7,Trauma,Moderate,2,61-70,5056,51-60
7354,6,a,4,X,4,gynecology,R,F,2,5946,10,Trauma,Moderate,2,41-50,3680,unknown
773,14,a,1,X,3,gynecology,Q,E,4,73190,11,Trauma,Minor,2,unknown,3871,unknown
9438,27,b,2,Y,3,gynecology,R,D,3,76080,1,Trauma,Moderate,2,61-70,6398,21-30
5277,26,b,2,Y,1,gynecology,R,D,3,116594,8,Trauma,Extreme,5,71-80,5017,31-40
3533,26,c,3,X,4,gynecology,S,A,1,66575,8,Trauma,Extreme,4,41-50,3846,31-40
941,25,e,2,Y,4,gynecology,S,D,4,10342,1,Trauma,Moderate,2,41-50,7201,21-30
9084,1,c,5,Z,3,anesthesia,R,F,4,68490,8,Trauma,Moderate,2,21-30,5825,31-40
9323,28,b,2,Y,4,radiotherapy,R,D,4,105447,8,Trauma,Moderate,3,41-50,4104,unknown
601,15,c,5,Z,4,gynecology,Q,F,1,130644,8,Emergency,Moderate,4,41-50,5754,31-40
917,23,a,6,X,3,radiotherapy,S,F,3,49631,7,Trauma,Moderate,2,21-30,5133,unknown
819,3,c,3,Z,6,gynecology,S,A,2,61970,5,Trauma,Moderate,4,41-50,4523,21-30
3435,11,c,6,X,4,gynecology,R,F,2,106834,11,Trauma,Extreme,3,41-50,3475,21-30
1988,26,b,2,Y,3,gynecology,S,D,2,131119,unknown,Emergency,Moderate,3,41-50,5049,21-30
7144,5,a,6,X,2,anesthesia,Q,F,2,76866,1,Trauma,Moderate,2,unknown,5393,21-30
2193,23,g,7,X,3,gynecology,R,B,2,60464,8,Trauma,Moderate,2,61-70,5118,21-30
5675,28,c,5,X,2,gynecology,S,F,2,79231,8,Trauma,Moderate,3,41-50,4363,21-30
8308,20,a,7,Y,4,radiotherapy,Q,B,3,52828,8,Emergency,Moderate,3,71-80,4802,unknown
814,6,a,6,X,2,anesthesia,Q,F,3,56344,8,Trauma,Moderate,2,61-70,4488,21-30
651,9,d,9,Y,4,gynecology,R,B,2,114090,4,Trauma,Extreme,2,21-30,3584,unknown
8937,29,a,4,X,3,gynecology,R,F,4,41503,8,Trauma,Moderate,11,51-60,4292,21-30
617,5,a,6,X,4,gynecology,R,F,unknown,13400,8,Trauma,Extreme,2,21-30,5328,21-30
8051,5,e,1,X,4,anesthesia,R,E,1,26514,1,Trauma,Moderate,8,41-50,3035,81-90
1959,27,b,11,X,4,radiotherapy,R,F,2,91818,1,Trauma,Moderate,6,91-100,3851,51-60
8149,14,e,1,X,4,anesthesia,Q,E,3,7945,8,Trauma,Moderate,4,41-50,4609,31-40
3442,14,a,6,Z,4,gynecology,S,F,2,103121,8,Trauma,Minor,4,41-50,3076,91-100
4253,23,a,4,X,3,gynecology,R,F,2,66940,8,Trauma,Moderate,2,41-50,5530,0-10
6187,2,a,9,Y,2,gynecology,S,B,2,89376,8,Emergency,Moderate,4,unknown,3427,unknown
3944,19,c,3,Z,4,anesthesia,S,A,4,41303,9,Trauma,Moderate,2,41-50,4097,31-40
6603,20,c,13,Y,3,gynecology,Q,D,2,104829,9,Trauma,Moderate,2,71-80,3390,21-30
7626,25,e,1,X,4,anesthesia,Q,E,4,7611,2,Trauma,Moderate,8,41-50,3886,31-40
8959,27,a,7,Y,3,radiotherapy,R,C,3,34472,8,Trauma,Moderate,6,21-30,5127,31-40
5648,9,e,1,X,2,gynecology,S,E,4,99206,9,Emergency,Moderate,3,21-30,6774,unknown
7576,29,b,4,X,2,gynecology,R,F,4,56624,8,Trauma,Moderate,4,41-50,4274,81-90
638,3,c,3,Z,4,gynecology,R,A,3,39683,9,Trauma,Moderate,3,41-50,4036,0-10
4967,19,e,1,X,4,gynecology,R,E,2,11514,unknown,Trauma,Moderate,2,41-50,5124,21-30
9611,15,a,7,X,4,gynecology,S,F,4,117828,8,Emergency,Moderate,6,41-50,3404,0-10
8530,14,a,7,Y,3,gynecology,S,C,2,56196,8,Emergency,Moderate,4,31-40,3854,unknown
7082,26,a,7,Y,3,gynecology,R,C,1,52657,8,Emergency,Moderate,6,71-80,7075,31-40
5483,23,a,6,X,4,anesthesia,R,F,4,68455,2,Trauma,Extreme,2,41-50,3975,unknown
7413,19,a,1,Y,2,gynecology,S,E,3,33076,8,Trauma,Moderate,2,21-30,5045,21-30
770,28,a,4,X,3,gynecology,R,F,2,34862,1,Trauma,Extreme,2,31-40,3666,31-40
5345,18,c,3,Z,3,gynecology,S,A,2,126033,7,Urgent,Moderate,2,41-50,6528,21-30
2434,20,a,7,Y,6,gynecology,S,C,3,57848,8,Trauma,Minor,2,51-60,5995,31-40
5932,27,a,7,Y,3,gynecology,S,C,3,98139,8,Trauma,Extreme,4,51-60,4272,71-80
625,26,b,2,Y,4,gynecology,Q,D,2,126204,8,Emergency,Moderate,4,21-30,4161,21-30
8225,26,a,7,Y,4,gynecology,R,C,2,7519,7,Emergency,Moderate,3,71-80,3764,51-60
3402,23,b,6,X,3,gynecology,R,F,4,70085,1,Emergency,Moderate,2,21-30,3742,unknown
5119,3,g,9,Y,2,gynecology,T,B,2,96779,8,Urgent,Moderate,4,unknown,4095,31-40
2314,6,a,6,X,4,gynecology,R,F,3,36972,2,Trauma,Extreme,6,61-70,3366,51-60
7417,23,d,9,Y,2,radiotherapy,R,B,3,109231,8,Trauma,Extreme,2,31-40,7042,31-40
4598,5,a,6,X,4,radiotherapy,Q,F,3,25956,10,Trauma,Extreme,3,61-70,5669,21-30
649,23,a,4,X,4,gynecology,R,F,4,27002,14,Emergency,Moderate,2,41-50,2858,21-30
7771,25,e,1,X,2,anesthesia,S,E,4,87295,8,Trauma,Moderate,6,61-70,5086,81-90
4421,14,a,1,X,2,anesthesia,R,F,3,50500,8,Trauma,Minor,2,51-60,6369,unknown
9470,26,b,2,Y,2,anesthesia,R,D,4,35551,8,Trauma,Moderate,4,61-70,5607,unknown
1365,26,b,2,Y,4,anesthesia,Q,D,1,28798,8,Emergency,Moderate,2,51-60,3481,21-30
609,26,b,2,Y,5,TB & Chest disease,R,D,3,125285,8,Trauma,Moderate,5,91-100,5190,81-90
5406,20,a,7,Y,3,gynecology,S,C,2,62490,8,Emergency,Moderate,4,51-60,3738,51-60
1905,1,c,3,Z,4,gynecology,R,A,2,90012,5,Trauma,Moderate,8,41-50,3629,51-60
4166,25,a,7,X,4,gynecology,Q,C,1,38396,8,Emergency,Moderate,4,41-50,3756,51-60
4135,6,a,6,X,4,gynecology,R,F,2,29916,8,Emergency,Moderate,4,51-60,4157,51-60
1012,7,a,6,X,3,gynecology,R,F,3,30488,8,Trauma,Moderate,6,21-30,3654,51-60
9534,26,b,2,Y,4,gynecology,R,D,3,98989,7,Emergency,Moderate,6,51-60,3374,31-40
7414,23,a,9,Y,2,gynecology,S,B,4,34914,8,Urgent,Moderate,4,41-50,4818,unknown
7867,28,a,7,Y,4,gynecology,S,C,2,89058,8,Emergency,Moderate,6,71-80,5115,31-40
5573,11,b,2,Y,4,gynecology,Q,D,3,8449,4,Urgent,Moderate,7,31-40,3981,unknown
588,6,a,6,X,4,gynecology,S,F,4,66554,11,Emergency,Moderate,4,41-50,2967,unknown
4954,10,g,9,Y,3,anesthesia,R,B,4,73115,8,Urgent,Extreme,4,51-60,4936,unknown
8198,25,e,1,X,4,gynecology,Q,E,4,30916,8,Emergency,Extreme,8,21-30,4650,51-60
5227,6,a,1,Y,4,gynecology,R,C,3,86387,8,Trauma,Extreme,5,31-40,3740,21-30
4887,18,e,1,X,3,anesthesia,S,E,1,31393,8,Emergency,Moderate,5,61-70,5787,51-60
4929,26,b,2,Y,3,anesthesia,Q,D,4,122346,8,Trauma,Moderate,5,41-50,4402,21-30
7873,20,c,5,Z,3,gynecology,R,F,4,84963,8,Urgent,Minor,4,41-50,4915,31-40
7359,3,g,9,Y,2,gynecology,S,B,2,55328,8,Trauma,Extreme,6,71-80,4762,81-90
1465,2,c,3,Z,3,gynecology,R,A,2,68382,8,Trauma,Moderate,3,21-30,3971,81-90
1043,19,a,7,Y,7,gynecology,R,C,2,91937,8,Emergency,Moderate,5,21-30,5123,unknown
2123,19,a,7,Y,2,radiotherapy,S,C,3,122555,8,Emergency,Moderate,5,71-80,5002,unknown
6818,26,b,2,Y,3,gynecology,S,D,2,49996,1,Trauma,Moderate,3,51-60,3776,21-30
9537,26,b,2,Y,3,radiotherapy,R,D,4,123039,unknown,Emergency,Moderate,2,91-100,5028,0-10
2026,23,a,7,Y,3,radiotherapy,Q,C,2,91523,8,Emergency,Moderate,3,31-40,6345,21-30
7692,18,a,7,Y,4,gynecology,R,C,3,92071,8,Trauma,Moderate,6,41-50,5453,unknown
746,28,b,2,Y,4,anesthesia,Q,D,3,8420,2,Emergency,Extreme,3,31-40,3897,51-60
606,2,c,3,Z,3,radiotherapy,S,A,2,67236,8,Trauma,Moderate,4,41-50,6253,61-70
1758,25,b,2,Y,4,gynecology,S,D,2,92504,8,Emergency,Extreme,5,41-50,3171,81-90
5073,29,b,11,X,3,gynecology,R,F,3,68349,8,Trauma,Moderate,5,31-40,4968,unknown
6343,19,a,12,Y,2,gynecology,S,B,4,32290,7,Emergency,Moderate,2,31-40,4177,0-10
600,20,f,9,Y,4,gynecology,S,B,2,39038,8,Trauma,Moderate,2,51-60,4454,21-30
4596,18,c,3,Z,2,gynecology,S,A,1,47230,23,Emergency,Extreme,2,71-80,3587,unknown
8031,32,g,9,Y,3,gynecology,Q,B,2,126983,2,Trauma,Moderate,2,51-60,8042,unknown
5008,28,b,4,X,4,TB & Chest disease,S,F,2,95009,23,Emergency,Moderate,2,21-30,4153,31-40
2379,5,a,6,X,4,anesthesia,Q,F,4,40403,8,Trauma,Minor,4,21-30,6310,unknown
515,26,a,7,X,4,gynecology,Q,C,2,55069,8,Trauma,Moderate,4,61-70,4513,31-40
782,27,e,11,X,4,gynecology,Q,F,2,66019,7,Trauma,Moderate,8,41-50,3723,51-60
6968,1,c,5,Z,2,radiotherapy,S,F,4,31709,8,Trauma,Moderate,2,unknown,5781,0-10
5398,20,c,3,Z,2,gynecology,P,A,2,54204,4,Trauma,Moderate,3,41-50,3514,31-40
708,5,a,6,X,4,gynecology,Q,F,2,34529,11,Trauma,Moderate,4,51-60,4677,unknown
5419,28,b,2,Y,2,anesthesia,R,F,4,96917,5,Emergency,Moderate,2,51-60,4316,0-10
9536,32,f,9,Y,2,gynecology,S,B,2,35174,8,Trauma,Moderate,5,21-30,5015,More than 100 Days
2124,28,b,11,X,3,anesthesia,R,F,3,33828,8,Trauma,Minor,4,21-30,4161,31-40
7938,20,a,7,Y,5,gynecology,Q,C,4,27918,8,Trauma,Extreme,4,61-70,6440,51-60
1163,26,b,2,Y,2,anesthesia,S,D,4,88521,8,Emergency,Extreme,6,41-50,4958,51-60
7747,27,a,1,X,4,radiotherapy,R,E,3,74586,8,Urgent,Extreme,3,51-60,4863,41-50
4513,13,a,1,X,4,gynecology,Q,E,3,62475,unknown,Urgent,Moderate,2,41-50,4384,unknown
5345,6,a,6,X,3,gynecology,R,F,4,72068,1,Trauma,Moderate,2,71-80,4199,31-40
7602,14,a,1,X,3,gynecology,Q,C,2,42415,8,Emergency,Minor,4,71-80,3962,71-80
3686,2,c,3,Z,2,anesthesia,R,A,4,85954,4,Urgent,Moderate,2,31-40,5101,21-30
6355,22,d,5,Z,4,radiotherapy,Q,F,4,37344,8,Trauma,Moderate,2,unknown,4034,unknown
6522,19,a,7,Y,2,gynecology,P,C,2,118779,8,Trauma,Moderate,2,51-60,4391,21-30
9021,25,b,2,Y,4,anesthesia,Q,D,4,36171,4,Emergency,Extreme,4,41-50,4092,0-10
967,6,a,6,X,4,anesthesia,Q,F,1,40350,2,Trauma,Extreme,2,31-40,5872,21-30
878,5,a,6,X,4,gynecology,Q,F,3,29596,8,Trauma,Moderate,2,41-50,4068,31-40
224,6,b,6,X,4,anesthesia,Q,F,2,77785,4,Trauma,Extreme,4,31-40,4693,81-90
1661,27,a,4,X,2,gynecology,R,F,3,69841,1,Trauma,Moderate,3,61-70,4565,31-40
417,32,c,3,Z,2,anesthesia,S,A,3,127939,8,Trauma,Moderate,2,51-60,4881,51-60
910,28,b,11,X,1,gynecology,R,F,3,10877,8,Emergency,Moderate,6,41-50,6732,unknown
9654,25,b,2,Y,4,gynecology,R,D,4,82137,1,Emergency,Moderate,2,31-40,4965,51-60
4212,18,f,9,Y,4,gynecology,S,B,2,10733,8,Emergency,Extreme,4,61-70,4153,71-80
6441,1,d,5,Z,2,gynecology,S,F,4,40100,4,Trauma,Moderate,6,41-50,5134,unknown
6077,5,a,6,X,2,gynecology,Q,F,3,38421,8,Emergency,Moderate,4,51-60,5552,51-60
4927,10,a,12,Y,8,gynecology,S,B,2,75426,7,Emergency,Moderate,3,41-50,5770,21-30
1195,23,a,6,X,3,gynecology,R,F,2,69229,8,Emergency,Moderate,2,61-70,4917,unknown
5082,19,a,7,Y,3,gynecology,S,C,4,52909,8,Trauma,Moderate,2,21-30,4792,unknown
8195,11,a,5,Z,2,anesthesia,R,F,3,43562,8,Trauma,Minor,2,41-50,8287,unknown
5629,24,a,7,Y,4,anesthesia,Q,C,3,71288,8,Emergency,Moderate,4,41-50,3988,51-60
5381,26,b,2,Y,4,gynecology,R,D,4,34491,8,Emergency,Moderate,5,71-80,3759,31-40
5302,10,c,5,Z,3,gynecology,Q,F,3,113071,4,Trauma,Minor,4,41-50,5130,unknown
774,3,c,3,Z,4,gynecology,Q,A,4,75560,8,Trauma,Moderate,5,61-70,4807,31-40
4113,5,c,5,Z,4,gynecology,S,F,4,11394,4,Trauma,Moderate,2,21-30,5143,unknown
293,14,a,7,Y,2,anesthesia,Q,C,1,38050,8,Trauma,Moderate,4,41-50,4314,21-30
5817,23,a,9,Y,5,gynecology,R,B,4,25501,8,Emergency,Moderate,2,71-80,5107,21-30
3499,10,d,5,Z,3,gynecology,Q,F,4,32656,1,Trauma,Extreme,4,41-50,5646,71-80
7175,23,a,6,X,4,gynecology,R,F,3,77424,21,Trauma,Moderate,2,51-60,3005,31-40
5770,15,a,6,X,4,gynecology,R,F,4,73640,7,Emergency,Moderate,2,21-30,3927,21-30
9448,11,a,1,X,2,gynecology,R,E,4,9686,8,Trauma,Minor,4,41-50,4922,unknown
9611,26,b,2,Y,3,gynecology,R,D,4,10378,8,Trauma,Moderate,2,41-50,5670,21-30
1675,24,c,1,X,2,gynecology,R,F,4,88692,7,Emergency,Moderate,6,31-40,3411,31-40
5358,26,b,2,Y,2,gynecology,R,D,4,70087,8,Emergency,Moderate,2,61-70,4985,More than 100 Days
5613,18,a,1,X,6,gynecology,R,E,1,47187,8,Trauma,Moderate,8,31-40,3309,31-40
834,5,a,6,X,4,gynecology,Q,F,3,68763,15,Trauma,Extreme,4,41-50,3313,unknown
1091,26,b,2,Y,4,gynecology,Q,D,2,64694,4,Urgent,Moderate,4,41-50,6073,unknown
3783,6,a,6,X,4,gynecology,R,F,1,123240,8,Urgent,Extreme,2,31-40,4690,21-30
581,26,e,2,Y,7,gynecology,Q,C,1,95149,7,Urgent,Extreme,6,71-80,3277,71-80
7931,19,a,7,Y,3,gynecology,S,B,4,7266,8,Emergency,Moderate,2,71-80,5012,unknown
2491,18,e,1,X,4,gynecology,R,E,4,26833,9,Emergency,Moderate,3,41-50,3827,unknown
6015,19,a,1,X,5,gynecology,Q,E,4,56010,1,Urgent,Moderate,5,61-70,5672,31-40
2598,26,b,11,Y,4,anesthesia,R,D,4,119215,8,Emergency,Moderate,2,51-60,4298,21-30
990,13,b,2,Y,3,gynecology,Q,B,2,7537,2,Trauma,Moderate,4,41-50,3791,21-30
6169,9,g,9,Y,4,anesthesia,S,B,2,66612,5,Trauma,Moderate,2,31-40,4183,unknown
555,26,a,1,Y,4,gynecology,Q,E,3,118109,14,Emergency,Moderate,2,31-40,3978,31-40
8453,26,b,2,Y,2,gynecology,S,D,2,23941,8,Trauma,Moderate,4,31-40,4105,51-60
5123,27,b,1,Y,4,TB & Chest disease,R,F,2,98687,5,Urgent,Moderate,2,31-40,3475,unknown
2423,6,a,6,X,3,anesthesia,R,F,2,38138,1,Trauma,Moderate,2,41-50,4495,unknown
5463,27,b,11,X,4,anesthesia,R,E,3,26981,14,Trauma,Moderate,2,41-50,5516,unknown
7010,26,b,2,Y,7,gynecology,Q,D,2,123964,7,Emergency,Moderate,2,41-50,4953,41-50
7768,27,a,4,X,4,gynecology,S,F,3,89716,8,Urgent,Moderate,5,31-40,4144,31-40
5117,28,b,5,Z,7,gynecology,R,F,4,68562,8,Trauma,Moderate,4,41-50,5628,unknown
1576,10,a,6,X,4,anesthesia,Q,F,2,65061,7,Emergency,Moderate,4,41-50,2975,51-60
4749,14,a,4,X,2,gynecology,R,F,3,64920,4,Trauma,Minor,8,71-80,3770,31-40
864,1,g,9,Y,3,gynecology,R,B,4,49648,8,Trauma,Moderate,3,51-60,3708,unknown
6390,10,b,11,X,2,gynecology,S,F,4,121339,7,Emergency,Moderate,2,71-80,5801,41-50
3709,14,a,6,X,4,gynecology,Q,F,2,76676,8,Trauma,Minor,3,21-30,4172,21-30
834,11,a,7,Y,4,gynecology,Q,E,2,27834,11,Emergency,Moderate,2,41-50,4103,21-30
818,23,a,6,X,4,gynecology,S,F,3,51438,8,Trauma,Moderate,2,41-50,3557,41-50
8226,3,c,3,Z,3,gynecology,S,A,4,41678,4,Emergency,Minor,2,71-80,5422,unknown
6720,26,b,2,Y,2,radiotherapy,S,D,4,69908,8,Trauma,Moderate,2,41-50,5497,unknown
341,21,c,3,Z,4,gynecology,Q,A,3,74136,8,Trauma,Moderate,2,31-40,4376,21-30
777,10,b,2,Y,4,anesthesia,Q,D,2,60975,2,Emergency,Moderate,5,21-30,3789,0-10
5715,27,a,9,Y,4,gynecology,R,B,4,68072,8,Emergency,Moderate,2,21-30,5153,unknown
8759,32,f,9,Y,2,radiotherapy,S,B,2,91191,8,Emergency,Extreme,4,51-60,4956,51-60
1359,19,c,3,Z,4,anesthesia,Q,A,4,71304,8,Trauma,Extreme,4,31-40,3162,21-30
5099,11,a,9,Y,4,gynecology,Q,C,2,35451,8,Trauma,Moderate,2,21-30,4806,unknown
3923,25,a,2,Y,4,gynecology,R,D,1,22205,8,Trauma,Extreme,5,51-60,3272,31-40
4956,27,b,11,X,1,gynecology,R,F,4,31021,1,Trauma,Minor,5,21-30,4126,51-60
4436,3,c,3,Z,4,gynecology,S,A,3,87174,unknown,Trauma,Moderate,2,41-50,4736,unknown
7886,25,b,2,Y,4,radiotherapy,R,D,4,79127,8,Trauma,Moderate,4,61-70,4896,51-60
701,6,a,6,X,4,gynecology,Q,F,2,114975,2,Urgent,Extreme,2,21-30,4751,unknown
3698,26,b,2,Y,1,anesthesia,S,D,4,55063,8,Trauma,Moderate,5,71-80,5332,61-70
5335,28,b,11,X,3,gynecology,R,F,2,78908,1,Trauma,Moderate,6,41-50,3973,31-40
4834,26,b,2,Y,4,gynecology,Q,D,3,27358,8,Trauma,Moderate,3,unknown,5811,41-50
8900,14,d,5,X,4,anesthesia,Q,F,3,56731,8,Trauma,Moderate,2,61-70,5219,unknown
7136,11,d,2,Y,4,anesthesia,Q,B,3,76856,4,Emergency,Moderate,2,41-50,4977,0-10
4879,23,a,6,X,4,gynecology,Q,E,3,59830,10,Emergency,Moderate,4,41-50,3683,21-30
4816,23,c,6,X,4,anesthesia,R,F,4,35044,8,Urgent,Moderate,2,31-40,3116,31-40
8391,1,d,10,Y,2,gynecology,S,F,2,96351,8,Emergency,Extreme,9,71-80,5789,81-90
2131,6,a,1,X,4,gynecology,R,E,3,67341,1,Emergency,Moderate,3,31-40,4008,unknown
6154,23,a,6,X,2,radiotherapy,R,F,3,37758,9,Trauma,Moderate,8,61-70,5334,71-80
952,22,d,5,Z,3,gynecology,R,F,2,126089,4,Trauma,Moderate,2,unknown,4593,0-10
823,31,c,3,Z,3,gynecology,Q,A,4,24229,8,Trauma,Minor,2,31-40,5115,unknown
5357,6,a,1,X,2,radiotherapy,Q,E,3,13370,8,Trauma,Extreme,4,71-80,3203,31-40
7476,2,c,3,Z,3,gynecology,R,F,2,61963,4,Urgent,Moderate,2,41-50,5626,21-30
3057,10,b,2,Y,3,gynecology,S,D,4,97473,5,Trauma,Moderate,2,41-50,5005,31-40
8762,23,a,6,X,4,radiotherapy,R,F,4,46641,1,Trauma,Minor,8,31-40,4866,0-10
2065,26,b,2,Y,2,gynecology,S,D,4,109333,8,Trauma,Moderate,5,71-80,4204,51-60
5523,2,a,1,X,4,gynecology,R,E,2,56071,9,Urgent,Moderate,2,31-40,4554,21-30
880,23,a,6,X,4,anesthesia,R,F,2,34659,10,Trauma,Extreme,2,61-70,6228,21-30
2469,20,c,3,Y,3,gynecology,S,A,1,108251,8,Emergency,Minor,4,71-80,3642,51-60
4755,26,b,2,Y,2,gynecology,Q,D,3,126031,8,Trauma,Moderate,6,21-30,4026,0-10
3351,18,d,5,Z,4,gynecology,R,B,4,28416,11,Emergency,Moderate,5,41-50,2687,31-40
7844,28,a,7,Y,4,gynecology,R,C,2,101770,8,Emergency,Moderate,2,21-30,5257,unknown
8266,22,d,5,Z,4,gynecology,Q,F,3,97182,8,Trauma,Moderate,4,61-70,3140,31-40
7463,26,b,2,Y,3,gynecology,S,D,3,62951,8,Trauma,Moderate,5,71-80,4367,31-40
8723,9,d,5,Y,3,gynecology,R,B,4,113463,8,Trauma,Moderate,4,31-40,5147,unknown
8340,14,c,3,Z,3,gynecology,S,A,3,95997,8,Emergency,Moderate,4,71-80,4015,31-40
1209,11,a,5,Z,7,gynecology,Q,F,2,86816,5,Trauma,Extreme,2,41-50,4913,51-60
895,2,a,7,Y,3,gynecology,Q,C,3,59469,8,Trauma,Moderate,4,41-50,7109,51-60
644,27,a,7,Y,6,gynecology,R,C,1,125017,5,Emergency,Extreme,5,31-40,3553,31-40
1070,25,b,2,Y,5,gynecology,Q,D,2,86971,1,Trauma,Moderate,3,41-50,4953,21-30
1024,5,a,1,X,4,gynecology,R,F,3,123275,1,Urgent,Moderate,2,41-50,5152,61-70
5359,26,b,7,Y,3,gynecology,S,D,2,78793,8,Trauma,Moderate,3,41-50,4038,51-60
5362,28,c,5,Z,4,gynecology,R,F,2,97725,8,Trauma,Moderate,3,41-50,5323,31-40
8205,15,c,5,Z,2,gynecology,R,F,4,12757,8,Trauma,Moderate,2,41-50,3551,0-10
3783,26,b,2,Y,4,anesthesia,Q,D,4,31697,8,Trauma,Moderate,4,41-50,4959,41-50
4411,14,a,1,X,4,gynecology,R,E,4,100629,1,Trauma,Minor,3,31-40,5017,21-30
3963,23,a,6,X,2,gynecology,R,F,4,92900,8,Trauma,Moderate,3,61-70,3149,More than 100 Days
5866,10,d,5,Z,4,gynecology,Q,F,3,69304,5,Emergency,Minor,5,31-40,3456,51-60
5507,2,c,5,Z,4,anesthesia,P,F,2,89362,5,Trauma,Moderate,2,41-50,5012,21-30
818,14,a,6,Y,4,gynecology,R,E,4,65399,8,Trauma,Moderate,3,unknown,5043,41-50
4410,32,f,9,Y,3,gynecology,S,B,4,56606,8,Emergency,Minor,2,61-70,5205,31-40
1819,27,b,4,X,3,gynecology,R,F,3,25780,1,Urgent,Moderate,6,71-80,3910,51-60
7930,28,b,11,X,2,gynecology,R,F,4,37935,9,Emergency,Moderate,5,71-80,3582,31-40
5363,9,b,5,Z,4,gynecology,Q,F,3,118678,4,Emergency,Moderate,3,41-50,4862,unknown
937,29,a,4,X,3,gynecology,S,F,3,126211,5,Trauma,Moderate,3,41-50,4186,unknown
5073,2,c,3,Z,4,gynecology,R,A,4,72930,8,Trauma,Extreme,4,71-80,3949,61-70
720,23,d,9,Y,2,gynecology,R,B,3,32737,8,Trauma,Extreme,3,21-30,5494,21-30
3954,29,b,11,X,1,anesthesia,R,F,2,126747,1,Trauma,Moderate,6,51-60,4544,51-60
5773,26,b,2,Y,4,gynecology,R,D,4,78835,8,Trauma,Moderate,2,41-50,4514,41-50
1117,19,c,3,X,3,gynecology,P,F,2,26753,5,Trauma,Moderate,4,41-50,4916,51-60
7421,25,e,2,Y,2,anesthesia,R,D,4,96164,8,Trauma,Moderate,2,31-40,4367,21-30
412,16,e,1,X,1,gynecology,Q,E,4,9435,8,Emergency,Moderate,5,41-50,3696,More than 100 Days
5079,9,e,1,X,3,gynecology,Q,E,3,29886,4,Emergency,Minor,2,unknown,4058,unknown
2648,11,a,4,X,3,gynecology,R,F,4,31483,8,Trauma,Moderate,4,61-70,4165,51-60
1009,21,a,4,X,5,gynecology,R,F,4,67644,8,Emergency,Moderate,6,81-90,4491,0-10
723,11,a,9,Y,4,gynecology,R,C,3,101751,8,Trauma,Moderate,2,41-50,5066,21-30
2444,23,a,6,X,4,gynecology,R,F,4,71735,8,Trauma,Moderate,2,41-50,4149,unknown
8263,9,a,1,X,4,gynecology,Q,E,4,26829,7,Emergency,Moderate,4,81-90,3321,unknown
7617,31,f,9,Y,2,gynecology,S,B,4,71691,8,Trauma,Minor,2,51-60,5052,91-100
6912,1,d,10,Y,2,gynecology,S,B,4,126302,8,Trauma,Moderate,6,51-60,5839,51-60
8135,25,b,2,Y,3,anesthesia,R,D,4,81961,8,Emergency,Moderate,5,21-30,5315,31-40
2482,27,b,11,X,5,gynecology,R,F,2,81785,8,Trauma,Moderate,4,41-50,4531,51-60
5156,6,a,6,X,3,gynecology,R,F,2,73950,1,Trauma,Moderate,2,41-50,4825,21-30
855,25,a,7,Y,4,gynecology,P,C,2,25678,8,Emergency,Moderate,5,61-70,4270,51-60
574,13,e,1,X,4,anesthesia,Q,E,2,35524,1,Emergency,Minor,2,41-50,4724,unknown
7693,23,d,5,Z,3,anesthesia,S,F,4,123650,4,Trauma,Moderate,2,0-10,4920,unknown
4431,14,c,5,Z,2,anesthesia,S,F,2,73737,8,Emergency,Moderate,2,61-70,7398,unknown
4966,9,b,5,Y,4,gynecology,R,F,4,73375,4,Emergency,Moderate,2,41-50,4050,21-30
2482,19,a,9,Y,4,gynecology,S,E,2,63106,22,Emergency,Moderate,2,51-60,4657,0-10
3673,26,b,2,Y,5,gynecology,R,D,4,60359,7,Trauma,Moderate,6,61-70,5184,31-40
7496,25,b,2,Y,4,radiotherapy,P,D,1,76021,8,Trauma,Extreme,5,71-80,5006,81-90
8501,14,c,3,Z,3,gynecology,S,A,3,74087,11,Trauma,Minor,2,21-30,3713,31-40
9299,2,c,5,Z,2,TB & Chest disease,S,F,4,84047,8,Emergency,Moderate,5,71-80,4048,More than 100 Days
4878,14,a,1,X,2,radiotherapy,Q,E,2,74690,8,Emergency,Extreme,2,51-60,5581,unknown
4221,10,e,1,X,3,gynecology,Q,E,4,89072,2,Emergency,Moderate,4,41-50,3899,51-60
9177,6,a,6,X,4,TB & Chest disease,Q,F,4,65640,unknown,Urgent,Moderate,2,31-40,5546,unknown
897,28,b,11,X,4,gynecology,R,F,2,27794,8,Trauma,Moderate,4,61-70,3297,21-30
2163,28,b,11,X,3,gynecology,R,F,4,94301,1,Trauma,Moderate,3,21-30,4779,51-60
5103,20,a,1,Y,3,gynecology,Q,E,2,50961,unknown,Emergency,Extreme,8,21-30,6711,unknown
2374,25,b,2,Y,3,gynecology,R,D,4,126681,4,Emergency,Minor,5,21-30,5096,21-30
4733,27,a,1,X,4,gynecology,R,E,3,52951,8,Emergency,Moderate,2,51-60,4389,31-40
2263,11,a,6,X,4,gynecology,Q,F,3,43312,7,Emergency,Extreme,6,21-30,3262,unknown
4492,25,b,2,Y,4,gynecology,Q,D,1,93884,8,Trauma,Moderate,5,41-50,3869,31-40
7168,26,b,2,Y,3,gynecology,S,D,4,126382,7,Emergency,Extreme,4,81-90,4097,71-80
9522,26,b,2,Y,3,radiotherapy,S,D,3,61956,8,Emergency,Extreme,5,91-100,6497,51-60
6679,28,a,6,X,3,gynecology,R,F,4,73422,11,Emergency,Moderate,2,31-40,4611,0-10
3331,29,b,7,Y,3,anesthesia,R,C,4,6362,8,Urgent,Moderate,6,41-50,5047,31-40
178,26,a,7,Y,3,gynecology,R,E,1,45405,8,Trauma,Moderate,8,61-70,3685,More than 100 Days
2078,28,a,7,Y,3,gynecology,Q,C,2,71831,8,Trauma,Moderate,3,71-80,7546,21-30
2667,20,a,7,Y,2,gynecology,S,C,2,35511,8,Emergency,Moderate,4,71-80,6453,51-60
1100,1,b,2,Y,1,gynecology,S,D,4,54022,8,Trauma,Moderate,4,51-60,7310,51-60
868,23,a,9,Y,3,anesthesia,R,F,4,41521,7,Trauma,Minor,2,21-30,4850,unknown
6452,19,a,7,Y,7,gynecology,S,C,4,68723,8,Emergency,Minor,2,71-80,5036,31-40
9359,17,a,7,Y,4,gynecology,Q,D,4,76396,8,Emergency,Minor,2,61-70,4845,unknown
4675,21,c,5,Z,2,gynecology,S,F,4,87467,9,Trauma,Moderate,2,21-30,5347,0-10
6752,23,a,6,X,2,gynecology,R,F,3,30547,8,Trauma,Minor,2,21-30,5258,unknown
6516,18,e,1,X,2,anesthesia,R,E,4,108290,8,Trauma,Minor,2,21-30,5470,31-40
5744,19,c,7,Y,7,gynecology,S,B,2,66229,5,Emergency,Moderate,3,31-40,3331,51-60
2257,28,a,4,X,3,gynecology,R,F,4,113525,8,Trauma,Moderate,3,81-90,4412,unknown
1086,19,a,7,Y,3,radiotherapy,R,C,4,83839,8,Emergency,Minor,4,41-50,4120,unknown
860,14,a,6,X,4,gynecology,Q,F,4,63562,5,Emergency,Moderate,3,31-40,3674,unknown
8932,10,b,9,Y,3,anesthesia,Q,B,3,101835,4,Trauma,Minor,4,61-70,5089,More than 100 Days
782,6,a,6,X,4,gynecology,R,F,3,34789,8,Trauma,Minor,2,41-50,3804,71-80
8088,3,f,2,Y,4,gynecology,Q,D,4,61488,8,Trauma,Extreme,5,41-50,4664,31-40
1820,21,c,3,Z,4,anesthesia,S,A,2,53878,8,Trauma,Moderate,2,31-40,4859,21-30
4405,6,a,4,X,4,gynecology,R,F,1,124099,8,Trauma,Extreme,6,71-80,2963,31-40
7244,3,c,3,Z,3,gynecology,S,A,2,13175,9,Trauma,Moderate,2,21-30,4379,unknown
5058,14,c,3,Z,4,anesthesia,S,A,2,95052,5,Trauma,Moderate,2,41-50,4878,31-40
2254,14,a,6,X,2,gynecology,Q,F,4,8706,10,Trauma,Moderate,2,51-60,5167,unknown
6052,14,e,1,X,3,gynecology,R,E,2,52638,1,Trauma,Moderate,3,41-50,3511,51-60
1053,6,c,6,X,4,gynecology,R,F,3,97633,14,Trauma,Extreme,4,21-30,5470,21-30
4376,26,b,2,Y,3,gynecology,S,D,2,128098,8,Emergency,Moderate,4,51-60,3733,51-60
9354,19,b,3,Y,6,gynecology,P,B,2,74912,21,Trauma,Moderate,2,71-80,4150,51-60
8619,27,b,11,X,3,anesthesia,R,F,4,70277,8,Urgent,Moderate,5,41-50,4756,51-60
5403,27,b,11,X,1,gynecology,Q,F,4,22583,8,Emergency,Moderate,4,21-30,6647,91-100
7803,19,a,7,Y,2,radiotherapy,S,C,3,84087,8,Urgent,Extreme,2,51-60,5059,31-40
7621,26,b,2,Y,5,radiotherapy,Q,D,4,105208,8,Trauma,Extreme,5,51-60,4788,41-50
6249,14,a,1,X,4,gynecology,Q,E,4,74634,8,Trauma,Moderate,2,41-50,5509,21-30
1472,23,a,4,X,4,gynecology,R,F,1,64526,1,Emergency,Moderate,2,31-40,6148,unknown
4739,26,a,6,X,4,gynecology,R,F,3,31678,8,Trauma,Moderate,2,31-40,3616,21-30
8719,26,b,2,Y,2,gynecology,S,D,4,78634,8,Trauma,Moderate,4,61-70,4879,31-40
2741,11,d,9,Y,4,gynecology,Q,B,3,58083,5,Emergency,Moderate,3,31-40,6663,31-40
1061,5,a,6,X,4,gynecology,Q,F,4,97400,2,Trauma,Minor,2,51-60,4873,21-30
5119,17,a,7,Y,3,gynecology,P,C,2,66357,8,Trauma,Moderate,5,41-50,3192,31-40
5753,17,d,9,Y,4,gynecology,Q,C,3,74192,7,Emergency,Minor,2,41-50,5928,21-30
551,19,b,11,Z,3,surgery,R,F,3,68728,9,Urgent,Moderate,3,31-40,4600,31-40
7085,19,a,9,Y,2,gynecology,R,B,3,98789,8,Trauma,Minor,3,41-50,4074,unknown
6871,8,a,5,X,3,gynecology,R,F,2,62292,8,Trauma,Moderate,4,41-50,5443,71-80
7749,23,a,6,X,2,anesthesia,R,F,3,68962,8,Trauma,Moderate,2,unknown,4685,31-40
1055,14,d,5,Z,4,gynecology,Q,F,3,74790,5,Trauma,Moderate,2,21-30,4923,unknown
5348,1,c,5,Z,4,gynecology,R,F,3,96779,unknown,Trauma,Moderate,2,41-50,5000,unknown
820,23,a,6,X,4,gynecology,R,F,3,67028,8,Trauma,Moderate,2,41-50,4769,unknown
2188,10,a,11,Z,3,gynecology,R,F,4,65223,8,Trauma,Moderate,2,51-60,5068,51-60
4798,31,f,9,Y,4,gynecology,S,B,2,37363,8,Urgent,Moderate,2,41-50,5488,71-80
5219,26,b,2,Y,1,gynecology,S,D,4,52830,8,Emergency,Minor,3,51-60,5012,31-40
475,28,b,2,Y,4,gynecology,Q,D,4,36499,8,Emergency,Extreme,6,21-30,4682,More than 100 Days
9178,26,b,2,Y,1,anesthesia,R,D,3,30789,8,Emergency,Moderate,2,81-90,6706,0-10
9690,14,a,6,X,4,gynecology,R,F,2,40690,4,Trauma,Minor,3,41-50,5232,21-30
8008,10,c,5,Z,4,radiotherapy,S,F,3,52753,8,Urgent,Moderate,2,21-30,5466,41-50
4089,26,b,2,Y,3,gynecology,R,D,2,102049,8,Trauma,Moderate,2,51-60,4360,21-30
1773,26,a,7,Y,4,gynecology,Q,C,1,123188,8,Trauma,Extreme,6,71-80,3669,unknown
5119,28,c,3,Z,3,radiotherapy,R,F,4,10425,8,Trauma,Moderate,2,41-50,4749,31-40
8086,14,c,6,X,3,gynecology,S,F,4,71687,9,Trauma,Moderate,2,31-40,5303,31-40
1030,26,b,2,Y,2,anesthesia,R,D,4,129784,8,Trauma,Extreme,6,61-70,6720,51-60
5564,18,b,2,Y,3,radiotherapy,Q,D,2,121010,8,Trauma,Moderate,4,61-70,4272,unknown
6906,20,a,7,X,3,gynecology,S,E,3,42638,8,Urgent,Minor,2,unknown,5217,unknown
5980,25,b,2,Y,4,radiotherapy,R,D,2,92514,8,Trauma,Moderate,4,41-50,3621,51-60
763,23,a,9,Y,2,gynecology,S,B,4,128329,8,Trauma,Moderate,4,51-60,7533,51-60
716,26,b,2,Y,4,radiotherapy,R,D,4,118863,8,Trauma,Moderate,4,21-30,4099,21-30
9784,6,a,6,X,3,gynecology,R,F,3,96937,8,Trauma,Minor,3,61-70,5020,0-10
4992,10,c,5,X,4,gynecology,S,E,2,35203,unknown,Trauma,Moderate,3,41-50,5853,21-30
8247,20,a,9,Y,2,gynecology,S,B,2,81429,8,Trauma,Moderate,2,61-70,6492,21-30
5221,28,b,11,X,4,gynecology,R,F,2,90685,4,Emergency,Minor,2,71-80,6664,unknown
5450,28,b,11,X,4,gynecology,R,F,2,85060,2,Trauma,Moderate,3,21-30,4930,51-60
7167,6,a,6,X,4,gynecology,R,F,3,36107,2,Trauma,Minor,2,61-70,6191,unknown
2452,31,f,9,Y,4,gynecology,S,B,2,100285,unknown,Emergency,Moderate,4,41-50,3347,0-10
4729,13,c,5,Z,4,gynecology,S,F,4,62322,8,Trauma,Moderate,4,41-50,3451,21-30
7868,19,a,1,X,3,gynecology,R,E,3,31597,8,Emergency,Minor,5,21-30,4635,unknown
967,28,a,6,X,4,gynecology,Q,F,2,40395,4,Emergency,Moderate,2,unknown,4232,61-70
5033,1,d,5,Z,4,radiotherapy,S,F,4,34196,5,Urgent,Moderate,4,21-30,3756,0-10
2344,27,e,1,X,3,gynecology,R,E,2,66762,1,Trauma,Moderate,6,41-50,4093,51-60
5357,2,g,9,Y,1,gynecology,T,B,4,35168,8,Emergency,Extreme,4,51-60,3875,unknown
4017,1,d,9,Y,2,gynecology,R,B,2,34067,8,Trauma,Moderate,3,51-60,5158,unknown
4184,13,a,1,X,4,gynecology,Q,E,3,68363,1,Trauma,Moderate,4,41-50,3890,51-60
3977,5,e,1,X,4,gynecology,S,E,1,54707,14,Urgent,Extreme,8,51-60,2976,21-30
4601,17,e,1,X,8,gynecology,Q,E,3,84444,8,Emergency,Extreme,3,51-60,5109,21-30
5032,19,a,1,X,3,radiotherapy,R,E,3,31890,8,Urgent,Moderate,2,31-40,4410,unknown
3108,17,e,1,Z,4,gynecology,S,E,2,54592,9,Emergency,Moderate,2,41-50,4508,51-60
5712,23,a,1,X,4,gynecology,Q,E,3,87107,1,Trauma,Moderate,4,61-70,5735,21-30
8327,26,b,2,Y,3,gynecology,S,D,4,35298,8,Trauma,Moderate,2,21-30,4988,unknown
7680,6,c,5,Z,2,anesthesia,S,F,4,40636,8,Trauma,Moderate,2,41-50,5773,unknown
6560,13,a,2,Y,2,gynecology,S,D,3,106885,8,Emergency,Moderate,2,21-30,5054,31-40
1968,6,a,4,X,4,gynecology,R,F,3,34542,2,Trauma,Moderate,2,41-50,4675,unknown
2995,23,a,7,X,3,gynecology,R,C,2,33535,2,Emergency,Moderate,3,31-40,5427,31-40
304,13,e,1,X,3,anesthesia,R,E,3,49950,8,Trauma,Moderate,6,61-70,3760,More than 100 Days
638,28,c,5,Z,3,gynecology,R,F,2,28548,4,Trauma,Moderate,2,41-50,4395,unknown
7863,14,c,5,Z,4,gynecology,Q,F,2,125022,14,Trauma,Moderate,2,41-50,5082,41-50
3650,24,e,1,X,4,gynecology,Q,E,3,48314,9,Trauma,Moderate,2,41-50,4788,unknown
4928,20,a,7,Y,4,gynecology,R,A,1,85430,8,Emergency,Extreme,4,41-50,4025,71-80
901,14,c,5,Z,4,gynecology,Q,F,2,39699,4,Trauma,Moderate,2,41-50,4953,unknown
2498,26,b,2,Y,3,gynecology,R,D,2,41681,8,Trauma,Minor,3,31-40,5436,51-60
1949,6,a,1,X,4,anesthesia,Q,F,3,42961,1,Emergency,Moderate,3,41-50,3188,31-40
5584,27,b,2,Y,3,gynecology,R,D,3,82913,8,Trauma,Moderate,3,31-40,4940,51-60
6911,28,d,5,Y,3,gynecology,R,F,2,11432,8,Emergency,Moderate,6,41-50,3703,51-60
5259,10,e,1,X,2,gynecology,Q,E,4,23754,unknown,Trauma,Minor,4,51-60,4443,21-30
1905,2,c,3,Z,3,gynecology,S,A,4,31547,1,Urgent,Moderate,2,41-50,4930,71-80
7631,24,e,1,X,2,anesthesia,S,E,3,96419,8,Trauma,Moderate,6,61-70,2583,71-80
1410,16,e,1,X,3,radiotherapy,Q,E,4,100739,8,Emergency,Extreme,8,71-80,4648,21-30
7578,2,c,3,Z,2,anesthesia,Q,A,3,9857,8,Emergency,Minor,4,71-80,4882,unknown
2684,5,a,6,X,4,gynecology,R,F,3,33315,8,Trauma,Minor,2,71-80,4004,unknown
522,26,b,2,Y,4,gynecology,Q,D,2,74533,5,Trauma,Moderate,4,21-30,3411,51-60
5172,2,d,5,Z,2,gynecology,S,F,4,118814,1,Emergency,Moderate,4,41-50,5576,51-60
9526,14,c,5,Z,4,anesthesia,R,F,2,57635,5,Trauma,Moderate,3,41-50,4873,unknown
2253,14,a,1,X,4,gynecology,Q,E,3,85924,8,Trauma,Moderate,2,41-50,4177,21-30
4279,26,b,2,Y,4,anesthesia,S,D,4,51786,24,Emergency,Moderate,2,51-60,3409,More than 100 Days
7066,11,b,2,Y,3,gynecology,S,D,3,90577,8,Trauma,Moderate,4,41-50,4881,91-100
6269,23,a,1,X,4,gynecology,Q,E,3,98098,8,Trauma,Moderate,4,21-30,6129,unknown
7883,27,a,7,Y,4,gynecology,Q,C,4,31130,8,Emergency,Minor,2,unknown,5546,21-30
7852,17,g,5,Y,2,gynecology,R,B,3,127871,8,Emergency,Extreme,2,61-70,5304,unknown
9812,1,c,3,Z,2,gynecology,S,B,4,129289,4,Trauma,Extreme,12,31-40,4440,51-60
4840,32,f,9,Y,3,gynecology,S,B,3,35978,8,Urgent,Extreme,5,71-80,4792,51-60
5654,5,a,6,X,3,gynecology,R,F,3,62923,2,Trauma,Moderate,7,61-70,5579,71-80
4568,28,a,4,X,4,gynecology,R,F,3,30557,unknown,Trauma,Moderate,3,31-40,5532,31-40
7784,19,c,3,Z,2,gynecology,S,A,3,8811,4,Trauma,Moderate,4,21-30,5780,unknown
982,27,a,7,Y,3,gynecology,R,C,2,59362,8,Trauma,Minor,3,41-50,4474,21-30
5997,26,b,2,Y,4,gynecology,Q,D,3,87198,8,Emergency,Moderate,2,51-60,5179,21-30
7529,1,c,2,Y,2,anesthesia,S,B,3,57038,8,Trauma,Moderate,2,21-30,5377,21-30
4021,27,b,2,Y,3,gynecology,R,D,3,9808,8,Trauma,Moderate,3,71-80,5083,21-30
1996,27,a,7,Y,4,gynecology,P,C,2,83753,8,Emergency,Moderate,3,31-40,5036,unknown
1110,10,a,1,X,2,gynecology,S,E,4,32140,15,Emergency,Moderate,2,41-50,6320,31-40
4235,26,b,2,Y,3,gynecology,S,D,4,121575,8,Trauma,Moderate,3,41-50,5314,51-60
613,17,e,1,X,4,anesthesia,Q,E,2,90088,1,Trauma,Moderate,2,41-50,8311,unknown
6974,19,a,9,Y,2,gynecology,S,B,4,76402,8,Emergency,Minor,5,51-60,6226,31-40
3135,23,a,6,X,4,gynecology,R,F,4,66627,14,Trauma,Moderate,6,unknown,5305,41-50
1847,7,e,1,X,4,gynecology,Q,E,3,127585,4,Emergency,Minor,5,51-60,3023,unknown
516,27,b,2,Y,3,gynecology,R,D,3,12977,1,Trauma,Extreme,5,71-80,4480,81-90
4586,31,d,9,Y,2,anesthesia,S,B,3,79555,15,Emergency,Moderate,2,41-50,5065,0-10
4841,26,e,1,X,4,gynecology,R,E,2,95676,1,Emergency,Moderate,2,41-50,4021,51-60
3181,26,b,2,X,2,anesthesia,S,D,4,55774,8,Trauma,Moderate,5,71-80,6268,51-60
3117,22,a,6,X,4,anesthesia,Q,F,3,51281,8,Emergency,Moderate,2,41-50,4155,unknown
2308,28,b,7,Y,3,gynecology,P,D,2,7423,9,Trauma,Moderate,3,41-50,3761,21-30
970,6,a,1,X,2,gynecology,S,F,4,11115,8,Trauma,Moderate,4,61-70,5798,51-60
8429,14,a,1,X,2,radiotherapy,R,E,3,73786,8,Trauma,Moderate,2,71-80,5390,unknown
699,19,a,7,Y,6,gynecology,Q,C,1,85296,8,Emergency,Moderate,3,81-90,3868,31-40
3824,26,b,2,Y,3,gynecology,R,D,3,80036,8,Emergency,Minor,3,unknown,5231,51-60
8751,9,d,5,Z,3,gynecology,Q,F,4,123162,5,Emergency,Extreme,2,41-50,6455,unknown
619,8,e,1,X,2,gynecology,S,E,4,12124,8,Emergency,Extreme,2,41-50,4624,31-40
4183,26,b,2,Y,2,gynecology,R,D,4,104960,unknown,Urgent,Moderate,12,61-70,7105,More than 100 Days
9937,24,a,9,X,4,anesthesia,S,E,4,87702,8,Trauma,Minor,2,41-50,3900,unknown
8030,1,c,5,Z,3,gynecology,R,F,2,94575,9,Emergency,Extreme,5,51-60,4422,unknown
5652,11,g,11,X,4,gynecology,Q,F,2,123910,4,Trauma,Moderate,2,51-60,4128,0-10
5615,13,e,1,X,4,gynecology,R,E,2,45397,1,Trauma,Extreme,2,41-50,4121,unknown
7160,19,e,1,X,2,anesthesia,R,E,4,62042,8,Trauma,Extreme,2,51-60,3895,31-40
639,32,f,9,Y,2,radiotherapy,S,B,2,107314,8,Emergency,Moderate,2,61-70,3492,51-60
904,1,d,10,Y,4,gynecology,Q,B,3,78074,8,Emergency,Extreme,5,71-80,3924,More than 100 Days
545,19,a,7,Y,3,radiotherapy,R,C,2,42809,8,Emergency,Moderate,3,71-80,7302,31-40
730,25,b,2,Y,3,gynecology,Q,D,2,30682,8,Urgent,Minor,4,31-40,5856,unknown
4888,32,f,9,Y,3,gynecology,S,B,3,34357,4,Emergency,Extreme,6,71-80,4879,71-80
9310,16,e,1,X,2,gynecology,S,E,4,92372,8,Emergency,Moderate,2,41-50,4255,unknown
5040,28,a,11,X,2,gynecology,S,F,3,59523,1,Emergency,Moderate,6,51-60,3400,51-60
5377,27,a,1,X,4,gynecology,Q,E,2,54827,8,Trauma,Moderate,2,61-70,4116,21-30
5461,1,c,3,Z,2,gynecology,S,A,2,76821,8,Urgent,Minor,5,61-70,4586,51-60
9560,11,a,13,Y,3,gynecology,S,B,2,54598,8,Urgent,Moderate,2,41-50,3602,0-10
9543,26,b,2,X,2,gynecology,S,D,3,48512,8,Trauma,Moderate,5,21-30,4155,More than 100 Days
4408,8,e,1,X,2,gynecology,R,E,3,127075,11,Trauma,Minor,2,41-50,3857,31-40
5146,10,b,2,Y,2,anesthesia,S,D,4,77768,8,Emergency,Minor,2,41-50,4488,unknown
5527,1,c,5,Z,3,gynecology,S,F,4,56107,4,Urgent,Moderate,2,21-30,4766,unknown
743,14,a,1,X,4,gynecology,Q,E,3,33463,8,Emergency,Moderate,6,51-60,3088,unknown
5869,1,d,10,Y,2,gynecology,R,B,3,55738,8,Emergency,Moderate,2,71-80,5180,51-60
5172,32,f,9,Y,2,gynecology,S,B,2,76885,7,Emergency,Moderate,2,41-50,4045,unknown
5339,26,b,2,Y,3,gynecology,S,D,2,29709,8,Emergency,Moderate,6,41-50,2734,51-60
8699,10,d,13,Y,4,radiotherapy,Q,B,4,31473,8,Trauma,Moderate,2,21-30,8215,unknown
2593,13,a,1,X,4,anesthesia,Q,E,4,56805,14,Emergency,Moderate,4,41-50,4715,unknown
3290,25,b,2,Y,3,gynecology,R,D,4,43532,7,Urgent,Extreme,6,51-60,4696,51-60
9164,26,b,2,Y,5,gynecology,R,D,2,93002,8,Trauma,Moderate,6,41-50,5513,51-60
3362,14,c,6,Z,5,anesthesia,Q,F,4,10015,9,Trauma,Moderate,2,41-50,4853,0-10
5066,11,c,5,Z,3,gynecology,Q,F,4,71070,5,Emergency,Moderate,3,31-40,4499,0-10
2137,5,a,6,X,4,gynecology,Q,F,unknown,38061,2,Trauma,Moderate,2,41-50,3836,unknown
1549,32,f,9,Y,2,gynecology,S,B,3,87139,8,Emergency,Extreme,2,21-30,4037,31-40
6324,10,d,1,X,3,gynecology,Q,E,3,106139,14,Emergency,Minor,8,71-80,4890,31-40
782,9,c,5,Z,5,gynecology,S,F,2,56277,4,Emergency,Moderate,2,21-30,3946,51-60
5338,11,b,2,Y,5,anesthesia,Q,D,4,126840,8,Urgent,Moderate,3,unknown,3149,unknown
731,23,a,7,Y,4,gynecology,Q,C,2,37479,8,Trauma,Minor,3,21-30,4928,21-30
7861,11,b,2,Y,2,gynecology,S,F,2,92557,5,Trauma,Moderate,4,61-70,5638,More than 100 Days
6315,32,f,9,Y,3,gynecology,S,B,4,31264,unknown,Trauma,Moderate,4,31-40,6412,41-50
7106,5,a,5,X,3,gynecology,R,F,4,53501,4,Trauma,Moderate,3,31-40,3617,41-50
4762,14,a,1,X,4,gynecology,Q,E,2,69603,8,Emergency,Moderate,4,61-70,2685,21-30
2327,23,a,6,X,5,gynecology,R,F,3,77130,15,Trauma,Minor,4,41-50,4101,51-60
494,6,a,6,X,4,gynecology,R,F,3,52814,8,Trauma,Minor,2,31-40,7035,unknown
3386,19,g,9,Y,3,gynecology,R,B,2,38603,unknown,Emergency,Moderate,2,31-40,5028,21-30
1091,11,a,1,Y,3,gynecology,Q,E,3,39544,8,Emergency,Minor,3,unknown,3826,unknown
5424,18,a,7,Y,2,gynecology,P,C,4,11071,8,Emergency,Moderate,2,51-60,5057,31-40
713,26,a,7,Y,2,gynecology,S,C,2,65495,7,Emergency,Extreme,4,51-60,3687,71-80
4983,10,b,2,Y,3,radiotherapy,R,D,4,106599,4,Trauma,Minor,2,41-50,4074,21-30
8081,19,g,7,Y,4,gynecology,Q,D,2,62382,8,Trauma,Moderate,3,21-30,4171,unknown
4950,26,b,2,Y,2,radiotherapy,S,D,3,118556,2,Emergency,Moderate,4,51-60,4024,51-60
3618,26,b,2,Y,4,gynecology,P,D,2,115656,8,Emergency,Moderate,3,41-50,4414,31-40
7908,26,b,2,Y,2,gynecology,S,D,4,35706,8,Trauma,Moderate,5,61-70,4005,51-60
729,26,b,2,Y,2,gynecology,R,D,4,101557,8,Trauma,Moderate,6,61-70,3892,51-60
5086,28,b,11,X,3,gynecology,R,F,2,8884,1,Trauma,Moderate,5,41-50,5129,21-30
2683,10,b,2,Y,3,TB & Chest disease,Q,D,4,50827,8,Emergency,Moderate,2,unknown,5541,31-40
9216,19,c,12,Z,3,gynecology,R,A,3,112864,7,Trauma,Moderate,3,41-50,3601,51-60
712,23,a,7,Y,4,gynecology,R,C,3,26208,8,Emergency,Moderate,2,unknown,4730,unknown
6012,32,a,9,Y,2,gynecology,S,B,3,92268,8,Trauma,Moderate,2,21-30,4888,unknown
4845,14,c,5,Z,4,TB & Chest disease,S,F,2,127666,8,Emergency,Moderate,4,61-70,3844,0-10
2338,32,c,5,Z,5,gynecology,S,A,3,76351,4,Trauma,Moderate,4,91-100,3620,31-40
6583,9,d,9,Y,3,gynecology,S,B,4,58027,8,Emergency,Moderate,8,71-80,4900,unknown
1044,23,a,6,X,4,gynecology,R,F,3,23056,8,Trauma,Extreme,6,41-50,2901,51-60
1870,10,c,5,Z,4,TB & Chest disease,Q,F,2,5683,2,Trauma,Moderate,3,41-50,4334,41-50
656,19,a,1,X,4,gynecology,Q,E,2,70174,8,Emergency,Moderate,2,unknown,4743,21-30
5016,14,c,5,Z,3,gynecology,Q,F,4,64211,9,Trauma,Moderate,4,41-50,4839,41-50
1080,5,a,6,X,4,gynecology,Q,F,2,59234,2,Emergency,Moderate,2,41-50,4352,21-30
5583,32,f,9,Y,2,gynecology,S,B,2,102191,8,Trauma,Extreme,4,51-60,6402,91-100
327,29,b,11,X,3,gynecology,R,F,2,77783,5,Emergency,Moderate,3,21-30,4140,71-80
5175,25,e,1,X,2,radiotherapy,R,E,3,7136,8,Emergency,Moderate,2,51-60,4665,51-60
4454,26,b,2,Y,4,gynecology,Q,D,1,33145,8,Trauma,Moderate,4,61-70,3439,31-40
3573,19,c,3,Z,3,gynecology,R,A,4,36813,8,Emergency,Moderate,6,41-50,5184,31-40
1021,26,b,2,Y,3,gynecology,S,D,4,114568,8,Emergency,Moderate,2,41-50,5855,51-60
959,23,a,11,X,4,gynecology,R,F,3,61448,8,Trauma,Moderate,4,21-30,5304,61-70
9433,26,b,1,X,1,gynecology,R,E,3,102010,10,Trauma,Moderate,3,61-70,4161,31-40
5973,11,b,2,Y,4,gynecology,R,D,4,42763,14,Emergency,Moderate,3,41-50,6155,31-40
892,20,a,7,Y,4,radiotherapy,S,C,3,25211,8,Emergency,Moderate,2,51-60,7041,unknown
534,14,a,1,X,2,gynecology,R,E,2,38948,8,Emergency,Moderate,4,61-70,4060,51-60
696,23,a,7,Y,1,gynecology,S,B,2,107019,7,Emergency,Moderate,4,61-70,3954,21-30
1013,20,a,9,Y,3,gynecology,R,B,3,89863,8,Emergency,Moderate,2,71-80,5023,unknown
916,27,a,7,Y,3,gynecology,Q,C,3,63086,8,Emergency,Moderate,2,31-40,4410,21-30
9532,26,b,2,Y,2,gynecology,Q,D,4,73791,8,Urgent,Moderate,3,61-70,5181,21-30
9554,26,b,2,Y,2,anesthesia,R,D,4,6486,8,Emergency,Moderate,5,71-80,5119,31-40
4809,32,f,9,Y,2,anesthesia,S,D,4,52992,8,Emergency,Moderate,5,71-80,3780,More than 100 Days
1016,23,d,6,Z,2,TB & Chest disease,S,F,3,34144,5,Trauma,Extreme,2,71-80,4941,unknown
1116,12,b,2,Y,4,gynecology,Q,D,4,81459,22,Trauma,Moderate,4,41-50,5621,unknown
1913,26,a,7,Y,4,gynecology,S,C,3,32734,8,Emergency,Moderate,4,41-50,3392,31-40
9602,32,c,3,Z,3,gynecology,R,A,3,75663,2,Urgent,Moderate,3,41-50,6499,unknown
1019,10,d,5,Y,4,radiotherapy,Q,B,3,116335,8,Trauma,Minor,2,21-30,5004,21-30
4970,14,e,1,X,3,gynecology,R,E,3,126272,8,Trauma,Extreme,10,61-70,6239,21-30
7587,6,a,6,X,4,gynecology,Q,F,4,30269,10,Trauma,Moderate,2,71-80,4626,21-30
1027,32,f,9,Y,3,radiotherapy,S,B,2,125002,4,Emergency,Moderate,6,41-50,3789,51-60
5514,19,b,2,Y,4,gynecology,Q,D,2,66564,15,Trauma,Moderate,3,61-70,4005,unknown
2370,21,a,7,Y,3,gynecology,R,C,3,37106,8,Emergency,Moderate,3,31-40,3541,0-10
7948,28,b,11,X,1,gynecology,R,F,3,23238,1,Emergency,Moderate,6,51-60,4190,31-40
7750,24,a,1,X,2,radiotherapy,R,F,3,117151,8,Trauma,Minor,2,41-50,5218,unknown
3303,29,b,11,X,2,anesthesia,R,F,2,112184,1,Urgent,Moderate,6,61-70,3621,51-60
775,11,b,13,Y,3,gynecology,S,B,4,88681,8,Emergency,Moderate,2,21-30,5454,unknown
4859,23,a,1,X,5,anesthesia,Q,E,4,13048,8,Trauma,Extreme,2,21-30,4108,21-30
835,23,a,7,Y,4,anesthesia,S,C,2,100177,8,Emergency,Moderate,2,71-80,3722,21-30
666,27,b,4,X,4,anesthesia,R,F,3,12474,8,Emergency,Moderate,5,51-60,3949,31-40
9672,25,b,2,Y,3,gynecology,Q,D,4,55249,8,Emergency,Moderate,2,41-50,6167,31-40
7193,19,e,1,X,2,gynecology,S,E,4,62741,8,Emergency,Moderate,2,61-70,6003,41-50
5376,19,b,2,Y,2,gynecology,S,D,2,88687,4,Trauma,Moderate,4,31-40,3238,31-40
5786,10,a,13,Y,3,gynecology,Q,C,3,78509,8,Trauma,Minor,6,71-80,4687,31-40
2067,19,a,7,Y,3,radiotherapy,R,C,2,51705,8,Trauma,Moderate,3,31-40,4272,unknown
3900,14,e,1,X,4,gynecology,Q,E,3,93954,14,Trauma,Minor,2,21-30,5059,unknown
9400,23,a,6,X,4,gynecology,R,F,4,13527,8,Trauma,Minor,2,21-30,5158,21-30
6782,2,d,10,Y,3,gynecology,S,B,4,9299,8,Trauma,Moderate,7,51-60,5030,31-40
2295,28,b,2,Y,2,gynecology,S,D,2,99860,21,Trauma,Moderate,2,71-80,5165,unknown
9112,32,f,9,Y,2,anesthesia,S,B,4,69982,8,Emergency,Extreme,6,71-80,7447,51-60
495,32,c,3,Z,1,gynecology,S,A,2,70683,8,Emergency,Moderate,4,61-70,4977,41-50
2499,11,b,2,Y,4,gynecology,Q,D,4,28839,22,Trauma,Minor,2,41-50,5262,31-40
7607,23,a,6,X,4,gynecology,Q,F,3,86181,2,Trauma,Extreme,4,61-70,3145,91-100
1636,19,c,3,Z,3,gynecology,R,A,2,54436,14,Emergency,Moderate,3,41-50,4903,0-10
662,5,a,6,X,2,gynecology,S,F,4,97499,2,Emergency,Moderate,2,51-60,4786,unknown
5391,6,a,6,X,4,gynecology,R,F,4,48899,8,Trauma,Moderate,2,61-70,3923,unknown
6423,14,d,5,Z,3,gynecology,S,F,3,50903,8,Urgent,Moderate,2,21-30,4023,unknown
724,18,a,1,X,3,gynecology,R,E,1,97266,4,Trauma,Moderate,2,81-90,4757,21-30
4923,10,d,13,Z,2,radiotherapy,S,B,3,27774,8,Trauma,Minor,4,unknown,6533,0-10
3812,26,e,1,X,2,radiotherapy,S,E,2,10293,1,Trauma,Moderate,2,41-50,3897,41-50
5945,3,a,7,Y,2,anesthesia,S,B,2,90162,8,Emergency,Moderate,4,51-60,3842,unknown
4999,32,c,3,Z,3,gynecology,R,A,3,113500,4,Trauma,Moderate,2,31-40,5310,unknown
3006,25,b,2,Y,4,radiotherapy,R,D,2,129933,8,Trauma,Moderate,2,41-50,4537,0-10
2026,6,b,11,X,3,gynecology,R,F,3,31019,2,Trauma,Minor,2,41-50,4497,31-40
7968,20,a,7,Y,2,gynecology,S,C,4,94057,8,Emergency,Moderate,2,41-50,4977,21-30
9676,3,d,5,Z,4,gynecology,S,F,4,67796,7,Urgent,Moderate,3,31-40,4530,unknown
3887,28,b,11,X,3,gynecology,S,F,2,126344,1,Emergency,Moderate,4,41-50,4038,51-60
7399,23,a,6,X,2,gynecology,S,F,2,55524,15,Emergency,Moderate,6,71-80,4961,71-80
1755,27,a,1,X,4,gynecology,Q,E,3,94205,8,Emergency,Extreme,5,71-80,3169,unknown
5284,26,b,2,Y,4,TB & Chest disease,Q,D,2,33850,22,Trauma,Moderate,4,41-50,3749,41-50
9108,26,e,1,X,2,anesthesia,R,E,3,78757,10,Trauma,Moderate,2,31-40,5152,unknown
5709,14,c,5,Z,3,gynecology,Q,F,3,32592,8,Trauma,Minor,2,41-50,5118,41-50
3091,28,a,7,X,4,gynecology,Q,F,3,109378,8,Trauma,Moderate,5,31-40,4411,unknown
7839,14,a,9,Y,4,gynecology,R,B,2,86678,8,Trauma,Moderate,3,41-50,3734,21-30
7289,15,a,7,Y,4,gynecology,R,C,3,113396,8,Trauma,Moderate,5,61-70,3236,0-10
4801,14,c,5,Z,4,gynecology,S,F,2,64937,5,Urgent,Moderate,2,21-30,5152,0-10
583,14,e,1,X,4,gynecology,Q,E,2,74116,9,Trauma,Moderate,2,31-40,4947,21-30
7538,26,b,7,Y,5,radiotherapy,S,C,3,125055,8,Trauma,Moderate,6,21-30,5169,21-30
5542,6,a,1,X,3,radiotherapy,Q,E,3,125083,8,Emergency,Moderate,6,71-80,4310,21-30
665,23,a,6,X,4,gynecology,S,F,3,115782,unknown,Trauma,Moderate,3,21-30,5072,41-50
1901,10,e,1,X,3,gynecology,R,E,3,68082,2,Emergency,Moderate,8,41-50,3848,unknown
2962,26,b,2,Y,6,gynecology,Q,D,4,30749,8,Emergency,Moderate,2,41-50,4369,31-40
3294,28,b,2,Y,5,gynecology,Q,D,2,76876,7,Emergency,Moderate,6,71-80,4704,0-10
4963,20,a,7,Y,6,gynecology,Q,C,3,47670,8,Emergency,Extreme,4,61-70,3973,31-40
5874,23,a,1,X,4,gynecology,R,E,3,121854,1,Urgent,Moderate,2,41-50,3740,21-30
960,5,d,5,Z,3,gynecology,R,F,2,72111,8,Emergency,Extreme,4,51-60,4139,unknown
3447,32,c,3,Z,3,gynecology,S,A,2,64506,4,Urgent,Moderate,3,41-50,5280,0-10
777,18,a,7,Y,3,gynecology,Q,C,3,28589,9,Emergency,Minor,2,51-60,3528,unknown
9209,23,a,9,Y,2,anesthesia,R,B,3,82443,8,Emergency,Moderate,8,21-30,4798,unknown
2700,10,e,1,X,2,gynecology,R,E,3,92961,8,Trauma,Moderate,4,unknown,5021,unknown
6011,6,a,6,X,4,radiotherapy,R,F,2,123026,1,Emergency,Moderate,2,71-80,3524,unknown
4880,28,b,6,X,4,gynecology,R,F,4,104690,unknown,Emergency,Minor,2,71-80,4246,unknown
5563,28,b,11,X,4,gynecology,R,F,3,27292,1,Trauma,Moderate,2,81-90,4052,51-60
804,22,a,1,X,5,gynecology,Q,E,3,29461,15,Emergency,Moderate,2,41-50,3776,unknown
5015,23,a,6,X,3,gynecology,Q,F,3,16286,11,Trauma,Moderate,2,21-30,4500,31-40
885,2,a,9,Y,4,gynecology,R,B,2,12880,8,Emergency,Moderate,3,21-30,5047,unknown
4978,26,b,2,Y,2,gynecology,R,D,4,93834,4,Trauma,Moderate,8,71-80,5179,51-60
4691,11,a,7,Y,2,gynecology,Q,C,4,125335,8,Trauma,Minor,4,41-50,5131,21-30
816,14,a,1,X,4,gynecology,Q,E,3,66155,10,Trauma,Moderate,2,41-50,5377,21-30
4686,26,b,2,Y,3,anesthesia,R,D,4,35454,8,Emergency,Minor,8,71-80,3309,31-40
1017,3,c,3,Z,7,anesthesia,S,A,4,64375,5,Trauma,Moderate,2,41-50,4546,0-10
681,23,a,6,Y,2,gynecology,R,F,2,29832,8,Trauma,Extreme,6,31-40,3627,71-80
6033,26,e,1,X,1,gynecology,R,E,2,110633,unknown,Emergency,Moderate,2,71-80,3547,31-40
5455,23,a,6,X,4,gynecology,R,F,3,30574,2,Trauma,Moderate,2,61-70,5210,21-30
6359,26,b,2,X,2,radiotherapy,R,D,2,35631,8,Emergency,Moderate,12,51-60,3619,51-60
1093,1,d,5,Z,4,gynecology,R,F,2,33623,8,Urgent,Moderate,2,51-60,5008,0-10
7426,10,d,5,Y,3,gynecology,Q,F,4,33147,8,Trauma,Minor,2,41-50,4645,21-30
7009,2,c,3,Z,2,radiotherapy,S,A,4,66350,4,Urgent,Moderate,2,61-70,5125,71-80
8036,6,a,6,X,4,gynecology,S,F,4,37792,11,Trauma,Moderate,2,21-30,4497,unknown
1089,26,a,9,Y,2,gynecology,S,B,3,52454,8,Trauma,Moderate,2,71-80,5212,31-40
5085,26,b,11,X,4,gynecology,R,D,4,25817,1,Trauma,Moderate,2,31-40,4429,unknown
4353,25,e,1,X,4,anesthesia,R,E,3,90240,9,Emergency,Minor,2,41-50,3748,51-60
8300,6,a,6,X,2,anesthesia,S,E,3,101131,8,Trauma,Moderate,2,61-70,5977,71-80
4881,28,a,6,X,4,radiotherapy,R,F,3,41109,8,Trauma,Moderate,3,unknown,4727,unknown
5247,5,a,6,X,2,gynecology,S,F,4,35177,8,Trauma,Minor,4,71-80,4979,unknown
2705,28,a,11,X,4,gynecology,R,F,3,27642,1,Trauma,Moderate,2,61-70,4087,unknown
5153,14,c,3,Z,3,anesthesia,R,A,3,102985,9,Trauma,Moderate,2,61-70,5358,61-70
1005,26,b,7,Y,4,gynecology,S,D,2,102274,8,Trauma,Moderate,3,41-50,4362,51-60
5082,10,d,6,Z,4,radiotherapy,Q,B,3,51070,8,Trauma,Moderate,2,21-30,5192,21-30
7811,11,b,2,Y,4,gynecology,Q,D,2,117435,14,Emergency,Moderate,2,41-50,4555,unknown
2908,23,a,6,X,4,radiotherapy,R,F,2,67959,1,Emergency,Moderate,6,81-90,3161,91-100
8071,26,b,2,Y,4,gynecology,R,D,2,32569,8,Emergency,Moderate,2,unknown,3575,61-70
2006,14,c,5,Z,4,radiotherapy,S,F,4,59480,9,Emergency,Moderate,2,41-50,5119,21-30
4655,27,a,6,X,4,gynecology,R,F,2,54251,2,Emergency,Moderate,2,41-50,5031,0-10
4074,1,c,5,Z,3,anesthesia,R,F,3,14064,4,Trauma,Moderate,2,41-50,5237,unknown
5756,27,b,11,X,3,gynecology,R,F,3,121705,1,Emergency,Moderate,3,51-60,4070,51-60
554,8,e,1,X,4,gynecology,Q,E,2,49880,unknown,Trauma,Extreme,4,41-50,3780,31-40
8186,26,b,2,Y,3,gynecology,Q,D,3,120976,8,Trauma,Moderate,4,41-50,6198,51-60
3789,20,c,3,Z,3,gynecology,Q,A,2,118521,5,Emergency,Moderate,3,41-50,4735,unknown
5765,9,e,1,X,4,gynecology,S,E,4,10465,4,Trauma,Minor,4,21-30,4318,unknown
5316,28,b,5,X,2,gynecology,S,F,2,59884,7,Trauma,Extreme,6,61-70,3375,51-60
9351,20,a,7,Y,7,radiotherapy,Q,C,3,122405,8,Trauma,Moderate,2,61-70,6134,21-30
2755,19,a,7,Y,3,gynecology,S,C,2,93980,8,Emergency,Moderate,2,31-40,4349,unknown
8710,10,a,9,Y,3,gynecology,R,B,3,40504,8,Trauma,Moderate,2,81-90,3706,31-40
4665,28,a,1,X,3,gynecology,R,F,2,31512,2,Urgent,Moderate,3,41-50,3691,31-40
5247,3,c,5,Z,4,anesthesia,R,F,2,63129,9,Emergency,Moderate,2,61-70,3467,0-10
4572,26,b,2,Y,5,gynecology,Q,D,3,127293,8,Trauma,Moderate,3,31-40,5604,31-40
1651,18,c,3,Z,4,anesthesia,S,A,3,34038,8,Trauma,Moderate,2,41-50,5356,31-40
651,28,a,4,X,2,gynecology,R,F,4,33953,14,Emergency,Moderate,2,41-50,4779,21-30
2091,26,c,3,Z,2,gynecology,Q,D,2,129584,4,Trauma,Moderate,2,41-50,4270,31-40
5080,14,a,5,Z,5,anesthesia,Q,F,4,26587,9,Emergency,Moderate,4,51-60,2784,unknown
887,6,a,6,Z,3,gynecology,Q,F,4,128035,1,Emergency,Moderate,4,71-80,4383,21-30
4468,5,a,6,X,4,anesthesia,Q,F,3,61683,4,Trauma,Moderate,4,61-70,4936,unknown
5585,14,a,1,X,3,gynecology,S,E,3,118654,8,Emergency,Moderate,4,unknown,4088,unknown
993,23,a,6,X,4,gynecology,Q,F,unknown,33328,10,Trauma,Moderate,12,21-30,5198,21-30
1103,26,a,1,X,3,gynecology,S,E,2,93001,9,Trauma,Moderate,2,61-70,4070,31-40
8573,11,b,2,Y,2,radiotherapy,S,D,3,94634,8,Trauma,Moderate,2,unknown,7507,unknown
4260,10,d,5,Z,4,gynecology,R,F,3,7578,4,Trauma,Moderate,2,unknown,5447,91-100
725,19,e,1,X,2,gynecology,S,E,2,86232,7,Emergency,Moderate,3,31-40,3258,21-30
3943,14,e,1,X,4,anesthesia,S,E,2,15190,4,Emergency,Moderate,2,61-70,3862,unknown
5266,11,b,2,Y,4,anesthesia,R,D,2,124119,4,Emergency,Moderate,6,41-50,4907,unknown
9612,12,c,5,Z,1,gynecology,Q,F,4,123815,4,Emergency,Moderate,3,41-50,3707,41-50
674,14,c,5,Z,4,gynecology,Q,F,4,59651,8,Trauma,Minor,2,41-50,4963,0-10
2385,11,d,5,Z,3,gynecology,R,F,4,81774,1,Emergency,Moderate,2,41-50,5078,unknown
8099,26,a,1,Y,3,anesthesia,R,E,3,90666,2,Trauma,Moderate,8,41-50,3945,31-40
4025,6,a,6,X,4,gynecology,R,F,3,30267,8,Trauma,Moderate,2,21-30,5169,unknown
2743,20,c,3,Z,7,gynecology,R,A,3,78337,5,Trauma,Moderate,3,71-80,3323,31-40
3858,3,c,5,Z,4,anesthesia,S,F,2,63452,5,Trauma,Extreme,8,61-70,4189,21-30
954,1,d,5,Z,3,gynecology,R,F,4,35366,9,Urgent,Moderate,2,41-50,5180,0-10
652,22,a,6,X,4,gynecology,Q,F,3,37735,10,Emergency,Minor,2,unknown,2855,31-40
708,28,a,4,X,3,gynecology,R,F,2,36422,8,Trauma,Moderate,2,31-40,3536,51-60
1294,25,b,2,Y,5,gynecology,Q,D,3,70108,8,Emergency,Moderate,2,unknown,5745,21-30
5545,23,a,4,X,4,gynecology,R,F,2,34033,1,Trauma,Moderate,3,31-40,4621,0-10
7515,26,b,2,Y,3,gynecology,R,D,2,123888,8,Trauma,Extreme,4,41-50,4307,41-50
991,15,a,1,X,4,gynecology,Q,E,2,72770,10,Emergency,Moderate,2,51-60,4199,21-30
408,20,a,7,Y,2,gynecology,S,C,4,88087,9,Emergency,Moderate,4,61-70,4085,21-30
7847,11,a,7,Y,3,anesthesia,Q,B,3,37500,8,Trauma,Minor,3,31-40,3668,0-10
2672,5,a,6,X,4,anesthesia,Q,F,3,7128,2,Trauma,Minor,5,41-50,4748,21-30
5174,23,c,5,Z,3,radiotherapy,Q,F,2,28851,8,Trauma,Moderate,4,21-30,4777,More than 100 Days
9504,23,a,4,X,2,anesthesia,R,E,3,74673,8,Trauma,Moderate,2,41-50,6785,0-10
135,6,a,6,X,4,gynecology,R,F,3,68507,8,Trauma,Moderate,6,71-80,3779,21-30
7763,10,a,7,Y,4,gynecology,Q,C,3,78064,8,Emergency,Moderate,2,21-30,6323,unknown
1170,18,b,2,Y,3,gynecology,S,D,2,48031,8,Trauma,Moderate,6,71-80,3850,51-60
7357,20,c,3,Z,4,gynecology,S,A,2,59811,4,Trauma,Moderate,2,31-40,5835,unknown
3223,23,a,6,Z,5,gynecology,Q,F,3,64114,8,Trauma,Minor,2,21-30,4745,unknown
2245,26,b,2,Y,3,gynecology,S,D,3,129218,8,Trauma,Moderate,2,71-80,5747,21-30
9346,10,a,1,X,4,anesthesia,S,B,3,108161,8,Trauma,Moderate,2,41-50,5063,41-50
526,26,b,2,Y,2,anesthesia,S,D,4,25229,8,Trauma,Moderate,4,21-30,6088,51-60
274,18,a,7,Y,3,gynecology,S,C,2,28908,4,Emergency,Extreme,3,41-50,4686,0-10
4470,26,a,7,Y,4,gynecology,P,C,1,120358,8,Trauma,Moderate,4,51-60,4706,31-40
608,26,b,2,Y,2,anesthesia,S,D,4,121582,4,Emergency,Moderate,12,51-60,5530,0-10
2005,28,c,4,X,3,anesthesia,R,F,2,54713,1,Trauma,Moderate,3,61-70,4280,0-10
4422,27,b,11,X,4,radiotherapy,R,F,2,23659,1,Trauma,Extreme,2,51-60,4183,21-30
2339,27,a,6,X,3,gynecology,R,F,4,123551,2,Trauma,Moderate,3,41-50,5294,21-30
9292,1,d,5,Z,3,surgery,Q,A,2,118034,7,Emergency,Moderate,9,71-80,3264,51-60
7197,31,f,9,Y,4,gynecology,S,B,2,92084,8,Trauma,Extreme,8,41-50,3490,unknown
7571,19,c,3,Z,4,gynecology,R,A,3,77654,8,Urgent,Moderate,2,41-50,4086,21-30
5440,29,a,7,X,3,anesthesia,R,E,3,28571,8,Trauma,Moderate,2,41-50,5330,unknown
1067,23,a,9,Y,3,radiotherapy,S,B,2,65796,8,Trauma,Moderate,3,81-90,3931,71-80
2328,26,b,2,Y,4,gynecology,R,D,3,108605,8,Trauma,Minor,2,31-40,7065,unknown
937,23,b,9,X,2,gynecology,R,B,4,10973,8,Trauma,Moderate,6,51-60,5274,21-30
765,25,e,1,X,3,radiotherapy,R,E,4,67717,9,Emergency,Moderate,2,41-50,3845,unknown
2559,15,a,1,X,4,gynecology,Q,E,2,9099,8,Urgent,Moderate,4,21-30,5134,0-10
1895,27,a,6,X,4,anesthesia,R,F,4,61048,8,Trauma,Extreme,2,51-60,6284,unknown
2218,16,e,1,X,1,gynecology,Q,E,1,81549,8,Emergency,Extreme,4,61-70,2999,81-90
7693,32,c,3,Y,2,radiotherapy,S,A,4,66772,8,Trauma,Minor,4,61-70,6369,21-30
3405,28,c,3,Z,1,gynecology,R,A,3,10446,8,Urgent,Moderate,2,81-90,5372,21-30
6994,27,a,7,Y,5,TB & Chest disease,R,B,1,92398,10,Emergency,Minor,2,41-50,5498,21-30
1524,11,a,5,Z,2,gynecology,S,F,4,124978,8,Trauma,Moderate,4,31-40,6934,More than 100 Days
5404,3,c,5,Z,4,gynecology,R,F,2,7060,4,Urgent,Moderate,3,41-50,5335,21-30
5129,19,a,7,Y,2,gynecology,P,C,4,123913,8,Emergency,Moderate,5,51-60,3802,31-40
5730,18,a,7,Y,3,radiotherapy,R,C,3,106591,8,Emergency,Moderate,2,21-30,6285,31-40
7543,26,b,2,Y,4,anesthesia,R,D,4,122126,4,Emergency,Moderate,3,61-70,3928,unknown
587,14,c,5,Z,6,gynecology,Q,F,2,56511,8,Emergency,Extreme,4,61-70,6376,0-10
9644,2,d,9,Y,2,gynecology,R,B,3,84571,8,Trauma,Moderate,2,0-10,3936,21-30
674,11,b,2,Z,5,gynecology,S,F,4,90199,9,Trauma,Minor,2,41-50,5067,unknown
2814,6,a,6,X,3,gynecology,Q,F,4,77545,15,Trauma,Moderate,2,51-60,3564,51-60
740,26,b,2,Y,2,radiotherapy,R,D,2,100914,22,Trauma,Moderate,4,71-80,4027,71-80
2923,10,d,5,Z,3,anesthesia,S,F,3,29131,5,Emergency,Minor,4,61-70,4928,71-80
5744,23,a,6,X,2,anesthesia,S,F,4,32866,8,Trauma,Moderate,2,21-30,7857,unknown
1144,26,b,2,Y,4,gynecology,S,D,4,129345,8,Trauma,Moderate,3,51-60,5026,51-60
8571,6,a,6,X,4,gynecology,S,F,4,35113,8,Emergency,Minor,2,31-40,4200,unknown
5414,23,a,2,Y,2,gynecology,R,B,2,39466,unknown,Emergency,Minor,5,31-40,3810,21-30
957,6,a,6,X,3,gynecology,R,F,3,68801,8,Trauma,Moderate,10,21-30,3755,31-40
4963,10,a,12,Y,4,gynecology,R,B,4,126393,8,Emergency,Minor,4,21-30,3684,31-40
5776,28,c,5,Z,4,gynecology,R,F,4,30631,8,Emergency,Moderate,4,unknown,5655,unknown
7557,14,a,1,X,2,gynecology,Q,E,3,23125,8,Trauma,Moderate,4,61-70,4240,21-30
2452,28,b,11,X,3,radiotherapy,R,F,4,32103,1,Trauma,Moderate,5,41-50,4948,71-80
3340,10,c,5,Z,2,anesthesia,R,F,3,98122,4,Trauma,Moderate,2,41-50,5133,21-30
9401,28,b,2,Y,3,TB & Chest disease,R,D,3,79648,8,Trauma,Moderate,2,unknown,5129,51-60
1010,29,b,11,X,3,gynecology,R,F,2,122223,8,Trauma,Minor,6,81-90,3781,51-60
5090,5,a,6,X,4,anesthesia,S,F,3,38519,2,Trauma,Moderate,2,unknown,5383,21-30
831,18,a,1,X,4,gynecology,Q,E,2,11019,9,Emergency,Moderate,8,51-60,3913,unknown
7739,23,a,6,X,4,gynecology,R,F,3,74512,8,Urgent,Moderate,2,41-50,3259,0-10
1842,23,a,1,X,3,anesthesia,S,E,3,24804,8,Emergency,Moderate,2,51-60,3046,71-80
5330,26,a,7,Y,4,gynecology,Q,C,2,87511,15,Emergency,Moderate,2,41-50,2984,21-30
450,14,a,1,X,2,gynecology,Q,E,3,13815,8,Trauma,Moderate,4,41-50,4447,unknown
1664,17,a,7,Y,3,gynecology,R,C,4,75831,8,Emergency,Moderate,3,41-50,4892,unknown
2415,20,a,7,Y,1,gynecology,S,C,2,72542,7,Emergency,Moderate,4,61-70,3373,0-10
6810,9,e,1,X,4,anesthesia,Q,E,2,50267,8,Trauma,Moderate,2,21-30,4956,21-30
1895,5,a,1,X,4,gynecology,R,E,3,71634,1,Trauma,Moderate,2,21-30,3046,21-30
8273,19,c,3,Z,4,radiotherapy,R,A,4,10551,9,Trauma,Minor,2,41-50,4383,21-30
9441,26,b,2,Y,4,gynecology,S,D,4,31322,8,Trauma,Moderate,6,41-50,5637,21-30
4165,28,b,11,X,2,anesthesia,R,F,3,28136,7,Trauma,Moderate,2,61-70,4003,unknown
970,27,a,7,Y,2,gynecology,S,C,3,113717,8,Trauma,Moderate,3,31-40,4679,21-30
8425,26,b,2,Y,2,gynecology,R,D,4,65522,8,Trauma,Minor,2,71-80,5235,21-30
803,10,b,2,Y,4,gynecology,R,D,2,109245,4,Emergency,Moderate,4,41-50,3078,31-40
5690,19,d,9,Y,2,gynecology,S,B,3,63712,8,Trauma,Minor,4,51-60,3662,51-60
2193,6,a,6,X,3,anesthesia,R,B,3,7308,8,Trauma,Extreme,6,61-70,3669,31-40
4640,11,a,1,X,2,gynecology,S,E,3,34343,8,Trauma,Minor,4,31-40,3661,51-60
550,18,a,7,Y,3,gynecology,R,C,2,109550,9,Trauma,Moderate,8,41-50,3307,51-60
4189,23,a,6,X,3,gynecology,Q,F,4,30459,10,Trauma,Moderate,4,51-60,4712,51-60
3311,26,b,2,Y,3,gynecology,Q,D,3,126007,8,Trauma,Extreme,2,unknown,4966,0-10
6262,26,e,2,Y,4,gynecology,R,D,2,41657,8,Urgent,Moderate,2,31-40,4877,unknown
4237,14,a,1,X,1,anesthesia,R,E,3,107582,8,Trauma,Moderate,2,unknown,5051,unknown
3258,26,b,2,Y,2,anesthesia,Q,D,4,24224,8,Trauma,Moderate,3,51-60,6340,31-40
8199,27,a,4,X,4,gynecology,R,F,3,123577,1,Trauma,Minor,6,71-80,3994,31-40
8300,2,c,3,Z,4,gynecology,R,A,4,32913,8,Trauma,Moderate,3,21-30,6716,71-80
2414,29,a,4,X,3,radiotherapy,R,F,2,56079,8,Trauma,Moderate,13,71-80,5216,unknown
2539,2,a,9,X,2,gynecology,S,B,3,60882,8,Trauma,Moderate,2,61-70,4988,21-30
659,28,a,7,Y,5,gynecology,S,B,2,28236,8,Trauma,Moderate,4,61-70,3838,21-30
9343,1,d,5,Z,2,gynecology,S,F,2,128014,4,Trauma,Moderate,2,21-30,4897,unknown
841,13,e,1,X,4,gynecology,Q,E,2,92798,2,Trauma,Extreme,2,41-50,4614,31-40
8357,26,b,2,Y,3,anesthesia,Q,D,4,125934,8,Trauma,Moderate,4,41-50,4357,31-40
666,21,c,3,Z,4,gynecology,S,A,2,11264,8,Trauma,Moderate,3,41-50,6683,unknown
8160,31,g,9,Y,2,radiotherapy,Q,B,3,75547,8,Emergency,Moderate,8,71-80,5118,31-40
6533,27,a,1,X,3,gynecology,R,F,2,7668,7,Emergency,Moderate,3,41-50,4261,unknown
547,27,g,13,Y,2,gynecology,R,B,3,67825,8,Urgent,Moderate,2,31-40,5655,0-10
722,26,b,2,Y,5,gynecology,Q,D,1,104073,8,Trauma,Extreme,4,51-60,4097,31-40
847,6,a,6,X,4,gynecology,Q,F,2,111412,2,Urgent,Moderate,4,41-50,3401,21-30
394,25,e,1,X,3,gynecology,S,E,2,63114,8,Trauma,Extreme,6,81-90,3700,unknown
3229,22,a,6,X,3,gynecology,R,F,2,122375,15,Trauma,Moderate,3,41-50,4119,31-40
1916,26,b,2,Y,4,gynecology,R,D,3,30751,8,Trauma,Moderate,3,41-50,4941,unknown
5477,25,e,1,X,5,radiotherapy,S,E,4,77826,8,Emergency,Minor,4,61-70,3805,31-40
463,28,b,11,X,3,gynecology,R,F,4,123292,4,Urgent,Moderate,2,81-90,5278,21-30
2250,19,a,12,Y,4,gynecology,Q,B,3,119393,8,Trauma,Moderate,2,51-60,4975,unknown
5061,31,e,1,X,2,anesthesia,S,E,4,50523,8,Trauma,Extreme,5,61-70,5499,81-90
3571,5,a,1,X,4,gynecology,R,E,2,97727,1,Trauma,Moderate,4,51-60,3105,51-60
5389,5,a,6,X,3,anesthesia,Q,F,3,112888,7,Trauma,Moderate,2,61-70,5323,21-30
259,23,e,1,X,4,gynecology,R,E,2,96527,14,Emergency,Extreme,2,41-50,4057,unknown
5631,26,b,2,Y,2,anesthesia,P,D,4,75118,8,Emergency,Minor,4,61-70,3540,81-90
6822,19,a,3,Z,4,gynecology,R,A,4,8158,5,Trauma,Moderate,2,81-90,5088,0-10
5543,26,a,2,Y,3,gynecology,R,D,3,121637,8,Urgent,Minor,3,81-90,4013,unknown
8015,26,e,1,X,4,gynecology,R,E,2,40731,9,Emergency,Moderate,4,31-40,4205,51-60
2205,26,b,2,Y,2,anesthesia,Q,D,1,12324,8,Emergency,Moderate,6,21-30,3802,51-60
726,14,a,6,X,3,TB & Chest disease,R,F,3,29928,4,Trauma,Moderate,3,51-60,3045,31-40
7564,22,a,5,Z,2,radiotherapy,S,F,4,113067,7,Trauma,Moderate,2,61-70,5229,71-80
4837,28,b,11,X,1,gynecology,R,F,3,107098,1,Urgent,Moderate,2,51-60,5809,21-30
6442,20,a,7,Y,2,gynecology,S,C,2,85664,8,Emergency,Moderate,4,51-60,3289,unknown
4784,19,e,1,Y,4,gynecology,S,E,2,57387,8,Emergency,Moderate,4,21-30,3635,81-90
7687,18,a,7,Y,3,gynecology,R,B,4,74308,22,Emergency,Minor,12,41-50,4862,51-60
7288,23,a,1,X,4,gynecology,Q,E,3,113794,4,Trauma,Moderate,2,unknown,3239,unknown
1988,11,d,9,Y,2,anesthesia,R,B,3,32744,8,Trauma,Minor,4,91-100,4377,0-10
528,12,a,7,Y,4,gynecology,Q,C,3,51295,8,Emergency,Extreme,4,71-80,4547,31-40
2413,26,b,2,Y,4,gynecology,Q,D,2,81626,8,Urgent,Moderate,2,41-50,4055,21-30
2636,31,f,9,Y,2,gynecology,S,B,4,10225,8,Emergency,Moderate,4,71-80,3510,51-60
2219,28,b,4,Y,4,gynecology,Q,C,2,58884,8,Emergency,Moderate,2,71-80,4355,21-30
3567,26,b,2,Y,4,radiotherapy,R,D,3,54040,8,Emergency,Moderate,3,81-90,4966,31-40
968,11,a,9,Y,4,gynecology,R,B,3,29819,2,Emergency,Moderate,2,unknown,6206,51-60
5535,10,e,1,X,4,TB & Chest disease,R,E,4,125055,9,Emergency,Moderate,2,61-70,5141,unknown
2369,28,a,7,Y,5,gynecology,R,C,2,57993,8,Emergency,Moderate,2,41-50,3882,31-40
694,27,a,7,Y,3,gynecology,Q,C,3,69997,8,Emergency,Moderate,4,41-50,6682,unknown
6312,28,a,4,Y,4,gynecology,R,B,2,12032,8,Trauma,Moderate,2,51-60,3654,0-10
7542,32,d,2,Y,2,radiotherapy,Q,D,3,31880,8,Emergency,Minor,2,41-50,4100,31-40
4581,27,a,4,Y,3,gynecology,Q,C,1,87810,8,Emergency,Moderate,6,41-50,4980,71-80
954,4,a,6,X,4,gynecology,Q,F,unknown,35577,2,Trauma,Moderate,4,61-70,3757,21-30
9216,3,c,5,Z,4,gynecology,Q,F,4,48616,4,Emergency,Moderate,2,31-40,5686,81-90
2384,18,e,1,X,2,gynecology,S,E,2,73937,1,Emergency,Moderate,2,71-80,4050,51-60
4070,25,e,1,X,4,gynecology,R,E,1,36613,8,Emergency,Extreme,5,31-40,3802,31-40
899,5,a,6,X,4,anesthesia,Q,F,3,112617,1,Trauma,Moderate,2,81-90,4725,unknown
5225,5,a,6,X,3,gynecology,R,F,4,79933,14,Trauma,Moderate,2,21-30,2468,51-60
9737,5,a,6,X,2,anesthesia,R,F,4,12182,8,Trauma,Moderate,2,51-60,4627,unknown
6904,28,a,4,X,3,anesthesia,R,C,3,29378,8,Trauma,Moderate,2,31-40,4910,51-60
5389,9,c,6,Z,4,gynecology,S,F,3,57217,8,Trauma,Minor,4,71-80,5285,51-60
9795,14,a,6,X,4,gynecology,R,F,4,9655,8,Emergency,Moderate,8,41-50,4456,31-40
6462,14,e,1,X,4,gynecology,S,E,2,63194,4,Emergency,Minor,3,21-30,3953,unknown
911,23,a,6,X,3,gynecology,R,F,3,85556,8,Trauma,Minor,2,71-80,3609,21-30
9352,32,f,9,Y,2,gynecology,S,B,2,105854,8,Trauma,Moderate,4,71-80,4667,unknown
7283,10,b,2,Y,6,gynecology,Q,D,3,69318,2,Emergency,Moderate,4,41-50,3696,21-30
4644,9,c,3,Z,4,gynecology,R,F,3,64427,9,Urgent,Moderate,2,31-40,3967,41-50
663,28,b,11,X,4,gynecology,R,F,1,103857,8,Emergency,Extreme,4,41-50,4223,21-30
9280,26,b,2,Y,2,gynecology,Q,D,4,89922,8,Trauma,Extreme,2,21-30,5123,unknown
1056,20,a,7,Y,2,gynecology,Q,C,1,73119,8,Emergency,Moderate,2,41-50,4973,0-10
1091,23,a,1,X,3,anesthesia,R,F,2,89104,1,Trauma,Minor,2,71-80,4895,21-30
1656,31,c,3,Z,2,gynecology,S,A,4,27896,8,Trauma,Minor,4,61-70,3586,71-80
4713,25,b,2,Y,3,radiotherapy,R,D,4,124795,8,Emergency,Moderate,2,51-60,3279,41-50
1653,19,a,1,Y,4,gynecology,Q,C,2,90856,2,Trauma,Moderate,4,41-50,5761,unknown
7955,26,b,2,Y,3,gynecology,R,D,4,72165,8,Emergency,Moderate,2,21-30,5282,31-40
3014,23,a,6,X,4,gynecology,S,F,4,9598,1,Urgent,Extreme,3,41-50,4778,31-40
9481,28,b,11,X,2,TB & Chest disease,S,F,4,86586,1,Trauma,Moderate,2,51-60,4983,31-40
5216,28,b,11,X,4,gynecology,R,F,3,50264,1,Trauma,Moderate,4,41-50,7261,21-30
4620,28,b,11,X,2,gynecology,S,F,2,103336,15,Trauma,Extreme,3,71-80,3484,71-80
8456,24,a,9,Y,3,gynecology,R,B,3,115697,8,Emergency,Moderate,3,unknown,5937,31-40
1,28,a,9,Y,3,gynecology,S,B,2,12202,8,Trauma,Minor,2,61-70,4412,unknown
705,23,e,1,X,3,radiotherapy,R,E,2,51570,1,Trauma,Moderate,2,unknown,5113,51-60
1184,28,b,7,Y,3,gynecology,R,C,4,65967,8,Trauma,Moderate,5,61-70,5714,31-40
5855,14,a,1,X,4,gynecology,Q,E,4,78692,8,Emergency,Moderate,6,51-60,3761,21-30
4110,25,b,2,Y,4,gynecology,R,D,4,96779,8,Emergency,Minor,5,81-90,4390,31-40
512,26,a,7,Y,4,gynecology,S,C,3,77019,8,Emergency,Extreme,5,81-90,3963,31-40
3346,25,b,2,Y,3,anesthesia,R,D,3,91767,8,Trauma,Extreme,10,51-60,4068,31-40
950,17,a,7,Y,3,radiotherapy,Q,C,1,74046,8,Emergency,Moderate,3,81-90,3134,51-60
3999,19,a,7,Y,4,gynecology,S,B,1,52757,8,Emergency,Moderate,4,21-30,5018,0-10
2121,6,a,6,X,4,anesthesia,R,F,3,28000,4,Emergency,Moderate,6,41-50,4917,51-60
826,5,a,6,X,4,gynecology,Q,F,4,14916,2,Trauma,Moderate,2,41-50,2984,21-30
749,6,a,6,X,4,anesthesia,Q,F,3,40271,11,Trauma,Moderate,4,41-50,4478,unknown
4692,6,a,6,X,8,gynecology,R,F,4,69388,2,Emergency,Extreme,2,41-50,4792,21-30
6690,20,a,7,Y,4,gynecology,S,C,2,83224,8,Emergency,Moderate,4,31-40,4128,unknown
7969,18,c,3,Z,3,gynecology,S,F,2,80528,8,Emergency,Moderate,2,41-50,5195,unknown
5175,23,a,6,X,4,radiotherapy,R,F,2,104203,15,Emergency,Moderate,8,51-60,3171,21-30
5071,23,a,6,X,4,gynecology,R,F,3,77388,5,Emergency,Moderate,8,41-50,4264,unknown
7270,5,a,1,X,3,gynecology,S,E,2,91969,1,Emergency,Moderate,6,41-50,4047,21-30
4883,6,a,1,X,3,gynecology,R,F,2,109149,7,Emergency,Moderate,6,81-90,3187,71-80
4453,6,a,6,X,4,anesthesia,R,F,2,35592,8,Emergency,Moderate,5,61-70,4499,21-30
1324,28,a,4,X,2,gynecology,S,F,3,127361,8,Emergency,Moderate,4,51-60,3303,51-60
9511,19,e,1,X,3,gynecology,R,E,3,36385,8,Trauma,Moderate,3,71-80,7288,0-10
4706,25,b,2,Y,3,anesthesia,P,D,2,105759,8,Trauma,Moderate,4,61-70,5252,41-50
5651,32,f,9,Y,3,gynecology,S,B,4,91885,8,Emergency,Moderate,4,41-50,4212,unknown
979,5,a,6,X,3,gynecology,Q,F,3,29933,14,Emergency,Extreme,8,unknown,2741,21-30
2309,13,a,1,X,4,anesthesia,Q,E,2,77897,8,Emergency,Moderate,2,21-30,5149,21-30
926,20,a,7,Y,3,gynecology,Q,C,2,127703,8,Emergency,Moderate,4,51-60,3799,21-30
4197,10,c,2,Y,4,gynecology,S,B,4,106067,8,Emergency,Minor,2,31-40,3484,unknown
1019,32,f,9,Y,2,gynecology,S,B,4,70734,14,Emergency,Moderate,4,71-80,5959,31-40
978,31,c,5,Z,4,gynecology,S,F,2,126969,8,Emergency,Moderate,2,41-50,5187,21-30
4335,20,a,7,Y,2,gynecology,S,C,4,94366,8,Emergency,Moderate,3,71-80,4954,0-10
5895,26,b,2,Y,4,gynecology,S,D,4,74882,8,Emergency,Moderate,2,51-60,5167,51-60
7347,20,a,9,Y,3,gynecology,S,B,2,126301,8,Emergency,Moderate,2,51-60,5054,unknown
4909,18,c,3,Z,2,gynecology,R,A,2,50617,9,Urgent,Moderate,6,41-50,4641,unknown
2307,26,b,2,Y,2,gynecology,R,D,4,87528,4,Trauma,Extreme,6,51-60,3926,51-60
9546,2,c,5,Z,3,gynecology,R,F,2,69371,1,Trauma,Moderate,4,21-30,6342,51-60
6207,18,e,1,X,4,anesthesia,S,E,3,57687,5,Trauma,Moderate,3,71-80,4592,51-60
3645,28,c,3,Y,2,TB & Chest disease,S,F,2,126122,1,Trauma,Moderate,6,41-50,4178,51-60
5257,24,f,9,Y,4,gynecology,R,B,2,75304,8,Trauma,Minor,8,31-40,4853,51-60
1047,19,c,3,Y,4,gynecology,Q,C,2,88520,7,Emergency,Moderate,2,31-40,4656,unknown
744,10,d,5,Z,4,gynecology,Q,F,2,11459,8,Emergency,Moderate,4,51-60,5025,31-40
9489,2,c,3,Z,2,gynecology,R,A,3,68796,8,Trauma,Moderate,6,31-40,4937,31-40
2393,23,a,6,X,4,gynecology,Q,F,3,58456,10,Trauma,Moderate,2,81-90,5027,21-30
1472,14,e,1,X,1,anesthesia,S,E,2,98081,4,Urgent,Moderate,2,21-30,5221,31-40
8198,26,b,2,Y,4,gynecology,R,D,4,91435,4,Trauma,Moderate,2,41-50,5220,31-40
5571,28,a,4,X,3,gynecology,R,E,2,54470,8,Emergency,Minor,2,31-40,4037,unknown
574,14,d,5,Z,4,radiotherapy,S,F,4,69354,8,Emergency,Moderate,4,31-40,4946,41-50
714,6,a,6,X,4,radiotherapy,Q,F,3,8552,14,Trauma,Minor,2,21-30,6534,unknown
926,20,a,7,Y,3,gynecology,R,C,2,95621,8,Emergency,Moderate,3,71-80,5247,31-40
8362,8,e,1,X,2,anesthesia,S,E,3,27566,8,Emergency,Minor,6,41-50,4884,81-90
7554,26,e,1,Y,4,gynecology,P,E,2,8478,8,Trauma,Moderate,2,91-100,4000,unknown
812,27,a,7,Y,4,gynecology,R,C,2,108635,8,Emergency,Moderate,2,51-60,5169,21-30
5660,23,a,6,Z,4,anesthesia,S,F,3,85117,8,Emergency,Moderate,4,51-60,5694,51-60
5026,2,d,5,Z,2,anesthesia,S,F,3,105698,8,Trauma,Moderate,2,51-60,4844,21-30
2298,11,d,5,Z,4,gynecology,S,F,2,76007,5,Emergency,Moderate,4,41-50,3586,51-60
5449,20,c,3,Z,2,gynecology,S,A,2,14037,1,Emergency,Moderate,8,71-80,4179,51-60
986,27,b,11,X,2,radiotherapy,R,F,3,121374,8,Trauma,Moderate,6,61-70,5845,41-50
4383,5,a,7,X,3,gynecology,R,C,3,39107,8,Trauma,Minor,2,71-80,4562,unknown
6041,5,a,6,Y,2,gynecology,Q,C,4,63928,8,Emergency,Minor,2,61-70,4634,unknown
393,32,f,9,Y,2,gynecology,S,B,4,31718,8,Trauma,Moderate,2,41-50,4832,unknown
1051,26,b,12,Y,2,radiotherapy,R,D,2,107007,8,Emergency,Moderate,3,51-60,4146,91-100
2303,2,c,3,Z,2,gynecology,S,A,4,64027,8,Trauma,Moderate,8,41-50,7041,31-40
2005,3,c,9,Y,4,anesthesia,Q,B,2,88565,8,Urgent,Moderate,3,41-50,3938,41-50
780,20,a,7,Y,3,gynecology,R,C,2,26600,8,Emergency,Moderate,4,41-50,6746,51-60
6989,31,c,3,Z,3,gynecology,R,A,2,26335,8,Trauma,Moderate,2,31-40,5137,21-30
2416,19,c,3,Z,2,gynecology,S,A,4,80719,1,Emergency,Moderate,3,41-50,3281,51-60
1041,32,f,9,Y,3,gynecology,R,B,3,33842,8,Emergency,Minor,6,41-50,3587,31-40
5904,27,b,11,X,3,gynecology,R,F,3,66986,8,Trauma,Moderate,2,41-50,4272,unknown
793,6,d,6,X,4,gynecology,S,F,4,34744,2,Trauma,Moderate,4,41-50,5800,31-40
1040,19,b,6,Y,4,gynecology,Q,B,2,11848,22,Trauma,Moderate,2,41-50,3465,21-30
2477,15,d,3,Z,2,radiotherapy,S,A,4,97715,8,Trauma,Moderate,6,61-70,4994,51-60
2345,13,a,1,X,6,anesthesia,Q,E,3,45223,8,Emergency,Moderate,2,51-60,4782,21-30
724,9,a,1,X,4,gynecology,Q,E,3,116425,5,Emergency,Extreme,4,71-80,2905,unknown
774,27,a,4,X,2,gynecology,R,F,3,102140,1,Trauma,Moderate,6,31-40,5000,21-30
8639,26,b,2,Y,4,gynecology,R,D,4,118973,5,Urgent,Moderate,3,41-50,3804,0-10
4419,9,c,5,Z,3,gynecology,R,F,3,69121,5,Trauma,Moderate,3,31-40,3876,unknown
9304,10,b,2,Y,2,anesthesia,Q,D,4,39898,8,Trauma,Extreme,4,unknown,4948,31-40
1151,18,a,7,Y,4,gynecology,Q,C,2,101261,2,Emergency,Moderate,3,21-30,4278,31-40
5714,26,b,1,X,3,anesthesia,Q,E,3,54179,8,Trauma,Moderate,5,71-80,4036,More than 100 Days
5453,28,b,11,X,3,gynecology,R,F,2,32738,unknown,Trauma,Extreme,4,61-70,3611,91-100
5402,1,d,5,Z,3,gynecology,R,F,3,31317,11,Trauma,Moderate,2,41-50,6022,unknown
740,15,a,3,Z,4,gynecology,R,A,2,29312,5,Trauma,Moderate,2,41-50,4752,21-30
5737,26,g,2,Y,4,gynecology,S,D,4,126893,8,Emergency,Moderate,2,41-50,5269,21-30
9342,26,b,2,Y,4,gynecology,Q,D,4,33468,8,Trauma,Extreme,4,31-40,3727,41-50
8353,28,a,4,X,3,gynecology,R,F,4,69029,7,Trauma,Moderate,3,61-70,5048,71-80
3516,23,c,5,X,3,gynecology,Q,F,4,31505,7,Urgent,Moderate,3,41-50,3310,0-10
1036,13,e,1,X,5,gynecology,Q,E,2,25714,8,Trauma,Moderate,6,unknown,3797,unknown
4447,26,b,2,Y,4,gynecology,R,D,3,30114,22,Trauma,Moderate,2,41-50,5141,91-100
610,27,d,5,Z,3,gynecology,S,F,4,27506,4,Trauma,Moderate,4,41-50,4634,71-80
5651,9,b,2,Y,4,radiotherapy,R,D,4,28260,8,Urgent,Minor,2,unknown,4192,21-30
5816,11,e,1,X,1,radiotherapy,R,E,3,47120,unknown,Emergency,Moderate,4,51-60,4320,51-60
345,27,a,7,Y,3,gynecology,R,C,2,89591,8,Emergency,Moderate,3,31-40,3821,unknown
4159,25,b,2,Y,2,radiotherapy,R,D,3,78117,8,Trauma,Moderate,6,21-30,5145,51-60
3476,26,b,2,Y,4,gynecology,R,D,3,62134,8,Trauma,Moderate,3,71-80,5176,unknown
8448,23,a,6,X,3,anesthesia,P,F,3,120926,4,Trauma,Minor,2,unknown,4037,31-40
1106,12,a,1,X,3,gynecology,Q,E,3,72356,8,Trauma,Moderate,2,unknown,4698,21-30
3852,13,a,1,X,1,gynecology,Q,E,4,28443,1,Emergency,Moderate,3,51-60,5085,21-30
3051,2,c,5,Z,3,gynecology,R,F,4,25410,8,Urgent,Moderate,4,41-50,5238,31-40
795,19,a,7,Y,4,gynecology,Q,C,4,23087,8,Emergency,Extreme,4,71-80,3914,31-40
7054,26,a,9,Y,2,radiotherapy,Q,C,2,59923,8,Trauma,Moderate,2,unknown,4864,21-30
9652,18,c,3,Z,3,gynecology,Q,A,3,68553,9,Urgent,Minor,2,21-30,3762,unknown
854,27,b,2,Y,4,gynecology,P,D,1,70175,8,Emergency,Moderate,4,41-50,3979,31-40
4332,10,b,13,Y,2,radiotherapy,R,B,4,78293,7,Trauma,Moderate,2,41-50,3754,81-90
2926,27,c,5,Z,2,anesthesia,R,F,4,29666,4,Trauma,Moderate,2,41-50,5575,31-40
1656,11,b,5,Z,4,gynecology,S,F,2,76043,5,Trauma,Moderate,2,21-30,3553,More than 100 Days
5624,26,b,11,Y,4,gynecology,R,F,2,92111,22,Trauma,Moderate,2,51-60,4962,21-30
7665,28,b,4,X,2,gynecology,R,F,4,104898,8,Trauma,Moderate,2,61-70,4255,0-10
1871,13,a,6,X,4,gynecology,R,F,4,75116,2,Trauma,Moderate,2,41-50,4181,31-40
9935,25,a,7,Y,3,gynecology,Q,C,4,60010,8,Emergency,Extreme,5,71-80,5072,31-40
4982,28,a,11,X,2,radiotherapy,R,F,3,32095,2,Trauma,Extreme,2,21-30,4000,More than 100 Days
2240,23,a,6,X,2,gynecology,S,E,4,30261,8,Trauma,Moderate,4,21-30,6293,unknown
868,28,a,4,X,4,gynecology,R,F,2,46504,8,Trauma,Moderate,2,71-80,6046,31-40
4382,26,b,2,Y,3,radiotherapy,R,D,3,28872,8,Trauma,Moderate,3,71-80,4483,51-60
1300,23,a,7,Y,4,gynecology,Q,C,1,26429,8,Emergency,Extreme,3,31-40,3844,21-30
7310,25,e,1,X,4,gynecology,Q,E,4,105492,unknown,Emergency,Extreme,2,41-50,3280,71-80
4892,26,b,2,Y,4,gynecology,R,D,3,89756,8,Urgent,Moderate,2,31-40,4768,unknown
7901,26,a,7,Y,4,gynecology,Q,C,3,32395,8,Emergency,Moderate,3,31-40,5205,21-30
5202,27,b,2,Y,3,gynecology,R,D,3,36546,5,Trauma,Moderate,3,41-50,5583,51-60
670,31,f,9,Y,4,gynecology,S,B,3,115912,8,Emergency,Moderate,2,71-80,4272,51-60
5367,28,a,6,X,4,gynecology,R,F,unknown,89115,14,Trauma,Moderate,2,81-90,4960,21-30
271,3,c,3,Z,2,gynecology,R,A,2,101016,8,Emergency,Extreme,4,41-50,3501,21-30
9362,6,a,5,X,3,gynecology,Q,F,4,8031,1,Trauma,Moderate,3,41-50,4462,unknown
9368,31,f,9,Y,3,radiotherapy,R,B,4,87717,8,Emergency,Minor,2,21-30,5338,51-60
216,28,b,11,X,4,gynecology,R,F,3,35814,14,Trauma,Minor,2,51-60,4774,71-80
914,23,a,5,Z,3,anesthesia,R,F,2,10694,8,Trauma,Minor,2,31-40,7389,unknown
9612,25,b,2,Y,5,gynecology,R,D,3,102059,8,Trauma,Moderate,5,41-50,4206,51-60
392,23,a,6,X,4,gynecology,Q,F,3,25846,1,Trauma,Moderate,2,unknown,3501,unknown
8332,25,b,2,Y,3,gynecology,S,D,4,102378,8,Emergency,Minor,5,71-80,4763,51-60
810,15,a,1,X,4,gynecology,R,E,2,57779,2,Trauma,Moderate,3,41-50,5076,unknown
7774,10,a,1,X,3,gynecology,Q,E,2,63605,4,Urgent,Moderate,3,71-80,4572,21-30
8346,9,d,5,Z,3,anesthesia,R,F,2,91713,4,Trauma,Moderate,3,61-70,4777,21-30
6708,18,a,1,X,4,gynecology,R,E,3,47038,8,Trauma,Moderate,2,41-50,4513,unknown
8213,18,a,7,Y,2,radiotherapy,Q,C,3,70132,8,Emergency,Moderate,4,71-80,4065,21-30
5633,25,e,7,Y,4,radiotherapy,Q,C,2,120572,5,Emergency,Moderate,2,41-50,5123,21-30
4759,13,a,1,X,4,anesthesia,Q,E,4,83435,8,Emergency,Moderate,4,41-50,4880,31-40
8686,11,d,9,Y,2,radiotherapy,S,B,2,91276,8,Emergency,Moderate,2,71-80,2893,51-60
9527,6,a,6,X,2,gynecology,Q,F,3,39097,4,Trauma,Moderate,4,61-70,4288,unknown
947,4,a,6,X,4,gynecology,Q,E,3,60078,14,Trauma,Minor,4,71-80,4079,21-30
6374,26,b,2,Y,4,gynecology,R,D,4,126206,8,Emergency,Minor,2,21-30,4930,unknown
2233,13,a,1,X,4,anesthesia,R,E,3,56218,8,Trauma,Extreme,2,21-30,3223,21-30
2479,27,a,4,X,4,radiotherapy,R,F,2,44292,8,Emergency,Moderate,2,41-50,3551,71-80
4933,9,e,1,X,4,radiotherapy,R,E,2,63434,9,Emergency,Moderate,4,61-70,5855,31-40
4126,10,b,11,Y,4,anesthesia,Q,D,3,42754,7,Trauma,Minor,2,31-40,5058,unknown
7746,23,a,6,Z,4,anesthesia,S,F,2,66475,8,Trauma,Moderate,4,41-50,3381,51-60
1641,6,a,6,X,4,gynecology,Q,F,3,64297,11,Emergency,Moderate,8,31-40,3954,21-30
2713,23,a,6,X,4,gynecology,R,F,4,65804,8,Trauma,Moderate,2,21-30,4871,0-10
726,28,b,2,Y,4,gynecology,R,D,2,48974,4,Emergency,Moderate,3,41-50,4152,21-30
5552,13,e,1,X,4,gynecology,Q,E,3,67140,8,Trauma,Extreme,3,41-50,3874,31-40
6207,28,a,7,Y,3,gynecology,P,C,3,40497,8,Emergency,Moderate,2,71-80,3725,unknown
8131,14,c,5,Z,2,gynecology,S,F,3,28702,8,Emergency,Moderate,4,61-70,3722,51-60
4617,17,e,1,X,4,anesthesia,S,E,4,92017,8,Trauma,Moderate,4,41-50,4669,51-60
6113,32,f,9,Y,3,gynecology,S,B,4,127970,15,Emergency,Moderate,4,unknown,4475,51-60
428,26,a,7,Y,3,gynecology,P,C,2,109281,8,Trauma,Moderate,3,61-70,4739,21-30
4505,19,b,2,Y,4,gynecology,Q,D,1,105457,2,Urgent,Moderate,2,31-40,4091,unknown
2124,8,d,5,Z,4,gynecology,S,F,4,121222,8,Emergency,Moderate,4,51-60,3808,unknown
9541,6,a,6,X,3,gynecology,R,F,2,56878,7,Emergency,Moderate,2,41-50,5099,51-60
4898,14,g,9,Y,2,gynecology,S,B,2,127559,8,Emergency,Moderate,2,41-50,5397,21-30
2537,27,a,4,X,4,radiotherapy,R,F,2,39689,8,Emergency,Moderate,6,91-100,3626,51-60
9999,23,a,6,X,3,gynecology,R,E,4,103982,8,Emergency,Moderate,4,41-50,2913,71-80
9453,32,c,3,Z,4,gynecology,S,A,2,90684,5,Trauma,Moderate,2,41-50,5504,31-40
8117,11,c,5,Z,3,gynecology,S,F,4,72989,5,Emergency,Moderate,2,21-30,5874,unknown
1045,26,b,2,Y,3,TB & Chest disease,P,D,4,112183,8,Emergency,Moderate,3,71-80,5324,unknown
5039,10,b,9,Y,3,gynecology,Q,D,1,125748,7,Emergency,Moderate,8,61-70,4158,41-50
802,29,c,4,X,2,gynecology,R,F,4,67905,1,Trauma,Moderate,2,41-50,5862,21-30
5015,26,a,7,Y,4,gynecology,S,C,2,119959,8,Emergency,Moderate,2,61-70,6050,21-30
717,9,a,1,X,4,gynecology,Q,E,4,112637,unknown,Emergency,Extreme,3,41-50,3506,unknown
5162,14,a,1,X,1,radiotherapy,S,E,4,74021,8,Trauma,Moderate,4,61-70,6331,81-90
5126,26,b,2,Y,4,radiotherapy,Q,D,3,73546,23,Trauma,Moderate,4,41-50,5363,71-80
661,21,c,3,Z,3,gynecology,S,A,2,97371,8,Trauma,Moderate,4,31-40,5522,unknown
7947,23,a,4,X,3,radiotherapy,R,F,3,41896,8,Trauma,Moderate,6,41-50,3283,81-90
2505,6,a,6,X,3,gynecology,Q,F,4,35670,8,Trauma,Moderate,2,41-50,5688,unknown
7315,23,a,9,Y,4,gynecology,Q,F,4,107275,8,Emergency,Extreme,5,71-80,4072,31-40
741,10,b,2,Y,4,gynecology,Q,D,4,54072,4,Trauma,Minor,2,41-50,3437,51-60
2776,11,a,7,Y,3,radiotherapy,S,D,3,112296,8,Emergency,Minor,2,81-90,5367,31-40
802,23,a,6,X,3,gynecology,R,F,4,72223,1,Trauma,Moderate,2,21-30,5013,unknown
7870,19,c,7,Y,2,gynecology,S,C,4,47592,8,Trauma,Moderate,2,41-50,4789,31-40
5151,11,b,2,Y,4,gynecology,Q,D,4,89388,11,Emergency,Minor,4,61-70,4795,0-10
1129,22,a,6,X,4,gynecology,Q,F,3,82191,15,Trauma,Minor,2,71-80,5069,unknown
5757,28,a,11,X,4,gynecology,S,F,2,96730,1,Emergency,Moderate,2,31-40,7466,unknown
4836,26,b,2,Y,6,radiotherapy,S,D,4,109931,unknown,Trauma,Moderate,5,61-70,6077,51-60
640,14,c,5,Z,4,gynecology,S,F,2,5648,10,Trauma,Moderate,2,21-30,4563,21-30
750,26,b,2,Y,4,gynecology,Q,D,2,4319,5,Trauma,Extreme,6,91-100,3049,31-40
7489,26,b,2,Y,4,gynecology,Q,D,2,102486,8,Trauma,Moderate,2,81-90,5170,51-60
9094,25,b,2,Y,2,gynecology,R,D,4,75961,8,Trauma,Moderate,2,41-50,4575,More than 100 Days
958,2,c,3,Z,3,anesthesia,R,A,2,107498,8,Trauma,Moderate,2,51-60,5022,21-30
3966,27,b,2,Y,4,gynecology,Q,F,3,104856,4,Urgent,Moderate,5,31-40,3893,51-60
9991,11,c,3,Z,4,anesthesia,Q,F,3,30210,8,Emergency,Moderate,4,unknown,4173,unknown
4060,28,b,1,X,4,radiotherapy,R,F,3,41819,2,Trauma,Moderate,5,61-70,3880,31-40
5630,26,f,9,Y,3,gynecology,S,D,3,107800,8,Trauma,Moderate,5,61-70,4918,51-60
3916,7,a,6,X,4,anesthesia,R,F,3,55762,14,Emergency,Extreme,2,31-40,3853,91-100
9633,26,b,2,Y,4,anesthesia,Q,D,3,30824,8,Trauma,Minor,2,21-30,5082,unknown
8261,20,a,7,Y,3,gynecology,S,C,2,78340,8,Trauma,Moderate,6,41-50,3051,51-60
991,19,d,9,Y,6,anesthesia,Q,D,3,110514,8,Trauma,Moderate,8,51-60,7696,unknown
1896,13,a,1,X,4,gynecology,Q,E,4,71805,10,Emergency,Moderate,2,41-50,5983,unknown
5864,23,a,6,X,4,gynecology,Q,F,4,60418,8,Trauma,Minor,2,71-80,4460,21-30
1725,10,a,1,X,4,gynecology,Q,E,1,100110,9,Emergency,Moderate,4,51-60,2828,31-40
8175,5,a,6,Y,4,gynecology,Q,C,3,97435,8,Emergency,Minor,2,21-30,5105,unknown
5256,1,d,5,X,3,radiotherapy,R,F,3,29486,4,Urgent,Minor,2,61-70,3252,31-40
5453,19,a,9,Y,3,gynecology,R,B,2,89258,8,Trauma,Moderate,2,71-80,3559,21-30
4114,23,a,9,X,3,gynecology,T,B,2,60845,8,Emergency,Moderate,2,21-30,4042,0-10
9247,26,b,2,Y,6,gynecology,R,D,3,81610,8,Trauma,Extreme,3,51-60,3838,31-40
744,20,c,3,Z,4,anesthesia,R,A,4,71084,8,Trauma,Moderate,5,21-30,4983,21-30
7230,26,b,2,Y,3,surgery,Q,D,4,84430,4,Trauma,Moderate,4,51-60,4990,21-30
8558,11,d,13,Y,4,radiotherapy,Q,D,2,121133,7,Trauma,Moderate,2,unknown,4874,21-30
6269,18,e,1,X,4,gynecology,S,E,2,92091,5,Emergency,Moderate,4,31-40,4062,51-60
7746,32,f,9,Y,4,gynecology,S,B,4,48284,8,Urgent,Moderate,2,41-50,4641,unknown
7875,11,a,9,Y,4,surgery,S,F,2,11659,4,Emergency,Moderate,3,51-60,4888,21-30
5869,23,a,13,Z,3,gynecology,R,B,2,38625,2,Emergency,Extreme,2,81-90,4818,21-30
5400,31,d,9,Z,2,radiotherapy,S,B,3,92120,8,Emergency,Minor,2,unknown,5076,unknown
8286,20,a,7,Y,2,anesthesia,S,C,2,69082,8,Trauma,Moderate,2,31-40,5074,21-30
3465,22,a,1,X,4,gynecology,Q,F,1,32680,2,Trauma,Extreme,5,41-50,4372,21-30
9500,23,a,6,X,4,gynecology,R,F,2,11701,2,Urgent,Moderate,4,51-60,3175,31-40
7656,23,a,1,X,3,gynecology,R,E,3,85544,9,Trauma,Minor,4,51-60,5195,31-40
4372,26,b,2,Y,4,anesthesia,R,D,4,52290,2,Trauma,Moderate,2,41-50,5209,51-60
744,10,a,1,X,3,gynecology,R,E,4,36957,9,Urgent,Extreme,2,31-40,4296,31-40
7174,27,a,7,Y,2,radiotherapy,R,C,4,112133,8,Emergency,Moderate,4,61-70,4910,51-60
4548,24,a,6,X,4,gynecology,Q,F,3,114061,2,Trauma,Minor,2,21-30,4703,unknown
5476,18,a,7,Y,3,gynecology,R,C,3,122473,8,Trauma,Moderate,3,51-60,5234,unknown
6229,29,b,11,X,4,anesthesia,R,F,2,54372,8,Trauma,Moderate,2,51-60,6718,21-30
365,5,a,6,X,3,gynecology,R,F,4,10191,1,Trauma,Extreme,4,41-50,3275,51-60
5442,5,a,6,X,4,gynecology,Q,F,3,79517,8,Emergency,Moderate,4,51-60,4515,51-60
397,10,c,3,Z,3,gynecology,Q,F,2,64482,5,Trauma,Moderate,2,41-50,4722,41-50
428,4,b,6,X,4,gynecology,R,F,1,36377,14,Trauma,Extreme,8,41-50,3152,31-40
9391,28,b,11,X,1,gynecology,R,F,3,29091,8,Trauma,Moderate,6,61-70,5322,81-90
801,32,f,9,Y,2,gynecology,S,B,1,91742,8,Emergency,Extreme,6,41-50,5752,51-60
857,26,b,2,Y,5,radiotherapy,Q,D,4,77369,2,Emergency,Moderate,4,71-80,3934,31-40
7625,11,e,5,X,2,gynecology,S,F,4,8000,8,Trauma,Moderate,4,41-50,4970,31-40
962,25,b,2,X,4,gynecology,Q,D,3,87051,8,Urgent,Moderate,4,41-50,4128,21-30
8320,18,a,7,Y,3,gynecology,R,C,3,104337,8,Urgent,Minor,2,unknown,3880,31-40
4266,26,b,2,Y,4,anesthesia,Q,D,4,49631,8,Emergency,Moderate,5,71-80,5027,unknown
780,25,b,2,Y,3,gynecology,P,D,2,72089,8,Trauma,Moderate,5,31-40,3829,51-60
7713,11,c,3,Z,4,anesthesia,Q,A,2,124399,9,Emergency,Moderate,2,41-50,4715,21-30
826,26,b,2,Y,3,gynecology,S,D,4,11166,8,Emergency,Minor,4,51-60,6129,unknown
7735,26,b,2,Y,2,gynecology,R,D,4,30583,8,Trauma,Extreme,3,71-80,4425,31-40
7418,6,a,6,X,4,gynecology,R,F,4,81237,9,Trauma,Moderate,2,unknown,3364,unknown
4640,19,f,9,Y,2,gynecology,S,B,2,125184,5,Emergency,Extreme,2,21-30,3478,unknown
8594,13,c,5,Z,2,radiotherapy,S,F,4,39086,8,Trauma,Minor,4,41-50,5327,unknown
8859,32,c,3,Z,3,anesthesia,Q,A,3,64585,8,Trauma,Moderate,2,21-30,5519,31-40
637,6,a,6,X,4,gynecology,Q,F,3,36367,5,Emergency,Extreme,4,71-80,3241,31-40
1786,18,e,1,X,4,anesthesia,S,E,2,88359,8,Trauma,Moderate,4,61-70,3284,31-40
4602,19,a,1,X,4,TB & Chest disease,Q,E,3,124630,2,Trauma,Moderate,5,41-50,4776,21-30
937,23,a,6,X,4,gynecology,Q,F,4,35373,14,Trauma,Extreme,2,21-30,4573,31-40
5449,11,b,2,Z,4,anesthesia,S,D,2,54090,8,Trauma,Minor,4,61-70,6949,51-60
696,14,a,5,X,4,gynecology,S,F,2,32718,9,Emergency,Moderate,2,41-50,4615,unknown
660,14,c,5,Z,3,radiotherapy,S,F,4,71364,1,Emergency,Moderate,4,61-70,3180,unknown
1790,27,a,7,Y,2,gynecology,P,C,3,72166,8,Emergency,Minor,4,41-50,6425,51-60
7617,27,b,11,X,3,anesthesia,R,F,4,101389,14,Trauma,Moderate,13,21-30,4990,31-40
7610,32,f,9,Y,3,gynecology,R,B,3,49172,8,Trauma,Extreme,8,41-50,6907,31-40
2385,8,e,1,X,3,gynecology,S,E,3,5035,8,Trauma,Moderate,2,51-60,3953,More than 100 Days
810,23,a,6,X,4,gynecology,R,F,4,11039,2,Emergency,Extreme,3,41-50,4927,21-30
7963,23,d,5,Z,5,gynecology,Q,F,2,102315,9,Urgent,Moderate,4,31-40,3981,0-10
8166,10,e,1,X,4,gynecology,R,E,2,87465,8,Emergency,Moderate,2,41-50,3688,unknown
4816,27,a,4,X,4,gynecology,R,F,3,29167,8,Trauma,Extreme,4,81-90,3321,unknown
5166,26,b,2,Y,4,gynecology,S,D,4,111675,8,Trauma,Extreme,3,21-30,7069,unknown
5057,20,a,3,Y,4,gynecology,R,C,2,65763,8,Emergency,Extreme,2,41-50,2761,0-10
272,24,e,1,X,4,gynecology,S,E,3,9429,8,Emergency,Moderate,2,41-50,3959,unknown
7124,10,d,5,Z,4,gynecology,S,F,4,42631,24,Emergency,Extreme,3,31-40,5665,unknown
8461,25,b,2,Y,3,anesthesia,R,D,2,35314,8,Trauma,Extreme,2,31-40,4303,31-40
3110,32,f,9,Y,3,anesthesia,S,B,4,108108,8,Trauma,Extreme,6,71-80,5319,51-60
7253,2,c,3,Z,2,gynecology,S,A,2,98194,8,Trauma,Moderate,2,61-70,3661,More than 100 Days
5145,26,b,2,Y,2,anesthesia,R,C,2,107040,8,Emergency,Moderate,6,51-60,5144,31-40
6100,28,a,11,X,3,gynecology,R,F,3,26128,1,Trauma,Minor,2,21-30,4733,unknown
1859,23,a,6,X,2,gynecology,S,F,4,65225,8,Trauma,Moderate,2,41-50,4952,unknown
4305,10,c,3,Z,3,gynecology,S,F,4,92850,4,Trauma,Moderate,4,21-30,4518,unknown
862,6,a,1,X,4,gynecology,Q,E,3,28304,8,Emergency,Moderate,11,41-50,4871,51-60
6324,10,a,1,X,4,anesthesia,Q,E,4,71179,4,Emergency,Moderate,3,51-60,4192,unknown
827,17,e,1,X,4,gynecology,Q,E,2,9772,9,Emergency,Moderate,3,51-60,3958,21-30
4703,6,a,6,X,3,gynecology,R,F,2,106931,8,Emergency,Moderate,6,31-40,4381,21-30
6615,8,e,1,X,2,gynecology,S,E,3,93615,9,Emergency,Moderate,2,41-50,4906,51-60
4337,26,b,2,Y,3,radiotherapy,S,D,4,49731,8,Emergency,Moderate,12,31-40,4143,0-10
2138,27,a,7,Y,4,radiotherapy,S,C,2,93151,8,Trauma,Moderate,5,41-50,5180,51-60
2261,25,e,1,X,2,gynecology,S,E,3,76140,8,Trauma,Moderate,2,21-30,5232,unknown
5282,25,b,2,Y,3,gynecology,R,D,2,127204,8,Emergency,Extreme,6,41-50,4197,51-60
2465,14,e,1,X,5,gynecology,Q,E,3,63063,8,Trauma,Moderate,4,41-50,4611,51-60
5614,19,e,1,X,4,gynecology,R,E,3,28216,1,Trauma,Moderate,6,41-50,3789,61-70
2507,25,b,2,Y,3,gynecology,R,D,4,103652,8,Trauma,Extreme,5,41-50,3618,More than 100 Days
9901,27,a,6,X,3,gynecology,Q,F,3,60978,11,Emergency,Minor,6,41-50,4968,71-80
1067,26,b,2,Y,3,gynecology,R,D,2,115924,8,Trauma,Minor,3,41-50,4815,unknown
7819,10,e,1,X,3,gynecology,S,E,2,111016,8,Trauma,Moderate,2,41-50,4840,21-30
4284,26,b,3,Y,2,radiotherapy,S,F,4,34477,8,Trauma,Moderate,4,71-80,4638,51-60
2497,19,c,3,Z,3,gynecology,S,A,4,64040,8,Trauma,Moderate,2,51-60,6279,71-80
8763,23,a,6,Z,3,gynecology,R,F,3,28609,5,Trauma,Moderate,2,31-40,3635,unknown
3998,14,a,7,Y,4,gynecology,Q,C,3,104003,8,Emergency,Moderate,4,41-50,3847,21-30
503,31,c,3,Z,3,gynecology,S,A,2,74861,5,Emergency,Moderate,4,41-50,3852,41-50
1839,18,a,7,Y,4,gynecology,P,C,3,46856,8,Emergency,Minor,6,31-40,3923,51-60
6664,28,b,2,Y,4,radiotherapy,Q,D,1,120467,8,Urgent,Minor,5,71-80,4389,unknown
8179,32,c,3,Z,4,gynecology,R,A,3,86088,8,Trauma,Moderate,6,31-40,4453,41-50
8612,26,b,2,Y,3,gynecology,R,D,4,33956,2,Trauma,Moderate,4,51-60,4083,41-50
5692,26,b,2,Y,4,anesthesia,S,D,3,91122,8,Trauma,Extreme,6,21-30,5812,31-40
419,6,b,9,Y,4,radiotherapy,R,C,3,66906,8,Trauma,Extreme,3,41-50,3278,unknown
2526,12,c,13,Y,4,gynecology,Q,B,1,73578,8,Emergency,Moderate,2,21-30,3358,unknown
798,26,b,2,Y,4,radiotherapy,R,F,4,116144,8,Emergency,Moderate,2,41-50,5266,unknown
2036,28,a,11,X,2,gynecology,R,F,2,95906,8,Urgent,Moderate,3,51-60,4046,51-60
6601,28,a,7,Y,2,gynecology,S,C,4,35823,8,Emergency,Minor,2,unknown,3601,31-40
3528,19,c,1,X,4,gynecology,S,A,4,14115,4,Emergency,Moderate,2,71-80,3818,81-90
9357,12,b,2,Y,3,radiotherapy,S,D,1,91250,8,Trauma,Extreme,5,51-60,5142,51-60
7773,10,e,1,X,3,gynecology,Q,E,3,44615,10,Trauma,Minor,2,41-50,5722,unknown
2458,12,b,2,X,7,gynecology,P,E,3,75688,8,Trauma,Moderate,4,31-40,5219,unknown
1313,28,b,11,X,4,gynecology,R,F,3,96959,1,Trauma,Moderate,4,71-80,4030,unknown
2406,6,a,4,X,4,gynecology,Q,F,3,22591,unknown,Trauma,Moderate,2,31-40,6371,21-30
5701,2,a,7,Y,3,gynecology,Q,C,3,103051,4,Trauma,Moderate,3,21-30,3356,21-30
7209,3,c,5,Z,2,anesthesia,S,F,4,124713,8,Trauma,Moderate,2,41-50,6085,21-30
7717,26,b,2,Y,2,anesthesia,R,D,2,58987,8,Trauma,Moderate,2,21-30,5853,21-30
8044,27,a,6,X,3,gynecology,R,F,3,122196,8,Trauma,Moderate,2,81-90,6826,51-60
5205,26,b,2,Y,4,anesthesia,S,D,4,46753,8,Trauma,Moderate,2,unknown,4762,71-80
5400,19,e,1,X,2,gynecology,Q,E,2,116805,8,Urgent,Moderate,2,81-90,5046,21-30
7005,32,c,3,Z,3,gynecology,S,A,2,67364,5,Emergency,Moderate,2,41-50,3880,unknown
5267,1,d,5,Z,3,gynecology,Q,F,4,29791,8,Trauma,Moderate,2,31-40,5035,51-60
5436,32,c,5,Z,3,gynecology,S,A,4,79135,8,Trauma,Moderate,4,51-60,5986,51-60
1002,24,a,7,Y,4,radiotherapy,R,C,2,107181,8,Emergency,Moderate,3,71-80,4302,21-30
826,31,f,9,Y,2,gynecology,S,B,3,70136,8,Emergency,Minor,2,unknown,5284,81-90
959,6,a,6,X,4,gynecology,Q,F,2,86551,14,Emergency,Moderate,3,41-50,5010,0-10
433,5,a,1,X,3,gynecology,Q,E,1,71350,7,Emergency,Extreme,8,61-70,2828,31-40
4563,6,c,5,X,4,gynecology,R,F,2,25779,11,Trauma,Minor,2,41-50,4550,unknown
5028,25,e,1,X,5,gynecology,S,E,2,83916,5,Emergency,Moderate,4,41-50,3810,51-60
5184,25,e,1,X,3,gynecology,R,E,2,98002,9,Trauma,Moderate,4,41-50,5914,51-60
9550,24,a,9,Y,2,anesthesia,S,B,2,127792,8,Emergency,Moderate,2,41-50,4274,unknown
3654,18,e,1,X,4,gynecology,Q,E,4,105093,15,Trauma,Extreme,2,unknown,3231,41-50
6495,2,d,3,Z,4,gynecology,R,A,2,127375,8,Emergency,Moderate,2,41-50,4160,unknown
8257,14,c,3,Z,3,gynecology,S,A,3,65316,8,Trauma,Minor,3,41-50,5953,51-60
795,6,a,6,X,3,gynecology,Q,F,2,65484,9,Emergency,Moderate,3,41-50,4692,51-60
9793,11,a,9,Y,3,gynecology,Q,B,3,74580,8,Trauma,Moderate,12,21-30,5085,21-30
1001,10,a,6,X,6,gynecology,Q,F,2,77976,unknown,Trauma,Moderate,2,41-50,5129,21-30
8938,23,a,6,X,4,gynecology,R,F,3,64172,8,Trauma,Extreme,2,unknown,4032,31-40
3577,27,b,2,Y,4,gynecology,Q,D,2,26366,8,Trauma,Moderate,4,41-50,4861,21-30
5878,11,c,5,Z,3,anesthesia,Q,F,2,121230,5,Trauma,Moderate,2,21-30,5073,unknown
9677,28,a,4,Y,3,gynecology,R,C,2,73286,8,Emergency,Moderate,3,91-100,6571,21-30
5796,26,b,2,Y,6,gynecology,R,D,4,8513,8,Trauma,Moderate,2,21-30,5233,51-60
751,14,e,1,X,4,anesthesia,Q,E,3,93839,8,Trauma,Moderate,2,31-40,3366,unknown
5784,28,c,5,Z,4,gynecology,R,F,3,71379,5,Trauma,Moderate,2,21-30,5122,unknown
3124,19,c,1,X,2,radiotherapy,S,A,2,70205,8,Trauma,Moderate,2,61-70,3200,21-30
769,5,a,1,X,4,gynecology,Q,E,1,77474,9,Trauma,Extreme,4,41-50,2990,21-30
4917,2,c,3,Z,2,gynecology,S,A,4,67893,8,Trauma,Moderate,2,21-30,5030,51-60
8802,26,b,2,X,4,gynecology,S,F,2,102508,14,Trauma,Moderate,4,61-70,5024,31-40
295,17,a,7,Y,3,gynecology,R,C,3,8194,8,Trauma,Moderate,2,31-40,4515,unknown
8340,11,a,9,Y,2,gynecology,Q,B,4,111019,8,Trauma,Moderate,4,61-70,2988,21-30
6009,26,b,2,Y,4,gynecology,Q,D,3,121554,8,Emergency,Moderate,6,71-80,3886,31-40
948,13,e,1,X,4,gynecology,Q,E,3,57732,unknown,Emergency,Moderate,4,41-50,3482,21-30
870,32,f,9,Y,3,gynecology,R,B,2,52963,8,Trauma,Moderate,3,21-30,4536,61-70
4519,18,c,3,Z,4,gynecology,S,A,2,56589,8,Trauma,Moderate,4,31-40,5008,31-40
4910,20,d,7,Y,4,gynecology,S,C,4,31679,8,Emergency,Moderate,3,31-40,4601,71-80
7789,10,b,2,Y,2,anesthesia,R,D,4,60265,8,Trauma,Minor,2,41-50,5160,unknown
2694,26,b,2,Y,4,radiotherapy,R,D,2,77413,8,Emergency,Moderate,2,71-80,4477,31-40
477,11,c,5,Z,4,gynecology,R,F,4,13512,8,Emergency,Moderate,3,41-50,4004,unknown
1005,11,c,3,X,4,anesthesia,R,F,3,47647,4,Urgent,Moderate,2,21-30,4732,unknown
7960,10,b,2,Y,4,gynecology,Q,D,4,35020,8,Emergency,Moderate,2,61-70,5778,31-40
2344,16,e,1,X,5,gynecology,S,E,2,6084,unknown,Emergency,Moderate,2,31-40,4984,unknown
1273,10,g,9,Y,3,gynecology,R,B,2,73612,5,Trauma,Moderate,3,61-70,4951,More than 100 Days
904,10,d,6,X,2,gynecology,Q,F,2,110445,9,Emergency,Moderate,6,61-70,3461,51-60
2370,29,a,7,X,3,radiotherapy,R,F,2,36184,7,Trauma,Moderate,6,61-70,3938,51-60
611,4,d,11,X,4,gynecology,R,F,3,11058,2,Trauma,Moderate,8,61-70,5487,91-100
6546,29,b,11,X,3,gynecology,R,F,3,27878,7,Trauma,Moderate,2,51-60,3931,unknown
7690,2,a,12,Y,2,anesthesia,S,B,4,33746,8,Trauma,Moderate,2,71-80,5166,21-30
2040,26,a,7,Y,4,gynecology,R,C,2,45546,8,Urgent,Moderate,2,41-50,4188,21-30
1302,14,a,1,X,4,anesthesia,Q,E,4,54875,8,Trauma,Moderate,3,41-50,3712,21-30
1014,26,a,9,Y,4,surgery,Q,D,3,101615,8,Trauma,Minor,2,71-80,6848,21-30
9197,11,a,5,Y,2,anesthesia,S,B,4,29760,8,Trauma,Moderate,2,21-30,4935,51-60
6336,10,d,9,Y,5,gynecology,Q,B,3,90399,8,Urgent,Minor,4,41-50,4928,31-40
3085,23,a,6,X,4,TB & Chest disease,R,F,4,55171,8,Urgent,Moderate,2,31-40,3728,21-30
4875,26,b,11,X,2,gynecology,R,D,4,13044,1,Trauma,Moderate,5,41-50,4242,31-40
3287,5,a,7,Y,4,gynecology,Q,C,2,56247,8,Trauma,Moderate,2,41-50,3186,21-30
952,28,a,7,Y,4,gynecology,P,C,2,78653,9,Emergency,Moderate,2,unknown,6690,unknown
8477,14,a,5,Z,3,radiotherapy,S,F,4,42969,5,Urgent,Moderate,2,21-30,4115,unknown
664,5,a,6,X,4,anesthesia,Q,F,2,128846,4,Trauma,Moderate,4,41-50,4030,51-60
2791,28,b,1,X,2,radiotherapy,S,F,4,91454,11,Emergency,Moderate,5,41-50,3870,31-40
808,19,c,3,Z,7,gynecology,S,A,4,83144,5,Urgent,Moderate,2,41-50,5447,unknown
4454,23,a,9,Y,3,gynecology,R,B,3,101307,8,Emergency,Moderate,3,41-50,4896,unknown
1692,20,c,3,Y,4,gynecology,R,A,2,33525,2,Urgent,Moderate,4,0-10,3311,51-60
3072,5,a,1,X,3,gynecology,R,E,2,76994,9,Emergency,Moderate,2,41-50,3838,unknown
656,32,f,9,Y,4,gynecology,S,B,4,41577,8,Trauma,Moderate,4,51-60,4469,unknown
9455,25,e,1,X,1,radiotherapy,S,E,4,97403,8,Emergency,Extreme,2,unknown,2921,unknown
2196,26,e,1,X,2,anesthesia,S,E,4,90355,8,Trauma,Moderate,2,71-80,5667,21-30
5856,27,b,11,X,3,gynecology,R,F,4,76085,8,Trauma,Moderate,2,71-80,4259,51-60
2934,25,b,2,Y,3,gynecology,R,D,2,95392,8,Emergency,Moderate,3,31-40,4757,21-30
4659,11,a,9,Y,4,gynecology,Q,B,2,59219,7,Emergency,Moderate,8,41-50,4740,31-40
4111,5,a,6,X,4,gynecology,Q,F,1,35648,8,Emergency,Extreme,4,61-70,3881,21-30
5952,23,a,9,Y,3,gynecology,T,B,3,28849,8,Urgent,Minor,3,51-60,4990,unknown
4739,19,a,7,Y,4,gynecology,Q,C,2,123406,7,Emergency,Moderate,6,21-30,3450,21-30
7232,1,c,3,Z,1,gynecology,R,A,3,52581,10,Trauma,Minor,2,71-80,4587,51-60
3822,23,a,6,X,3,anesthesia,R,F,3,39360,8,Trauma,Extreme,3,51-60,3338,31-40
835,19,a,7,Y,6,gynecology,Q,C,2,103501,9,Emergency,Moderate,6,41-50,3693,51-60
161,9,d,5,Z,4,gynecology,S,F,2,127434,4,Emergency,Moderate,2,51-60,5712,0-10
6245,26,a,7,Y,4,gynecology,Q,C,2,28798,9,Trauma,Moderate,4,31-40,3441,21-30
4854,23,a,6,X,3,gynecology,R,F,1,47285,8,Emergency,Moderate,3,41-50,4034,21-30
6005,28,a,4,X,3,gynecology,R,F,2,9150,1,Emergency,Extreme,6,41-50,3518,31-40
7000,26,b,5,Z,3,anesthesia,S,F,2,58065,8,Trauma,Moderate,2,unknown,5821,31-40
8074,20,a,7,Y,4,gynecology,Q,C,2,131507,8,Trauma,Moderate,2,41-50,4619,21-30
603,12,f,7,Y,3,anesthesia,P,C,3,23928,8,Trauma,Minor,2,41-50,6577,unknown
9193,11,e,1,X,1,anesthesia,R,E,3,64067,8,Trauma,Moderate,8,51-60,4672,31-40
734,6,a,4,X,3,gynecology,Q,F,3,64926,8,Trauma,Extreme,2,51-60,4046,21-30
5326,3,c,5,Z,3,gynecology,S,F,4,118942,5,Emergency,Moderate,4,51-60,3693,31-40
5411,23,a,6,X,4,gynecology,Q,F,2,4198,8,Trauma,Moderate,4,61-70,3917,51-60
8195,6,a,6,X,4,gynecology,Q,F,3,30389,8,Trauma,Extreme,4,21-30,2576,21-30
5023,13,e,1,X,4,anesthesia,Q,E,3,30583,8,Emergency,Extreme,8,41-50,2686,21-30
3105,25,b,2,Y,4,gynecology,R,D,4,24661,8,Trauma,Moderate,6,31-40,3936,51-60
6646,26,b,2,Y,2,gynecology,R,D,2,116551,7,Trauma,Extreme,5,41-50,6476,51-60
4132,6,a,6,X,4,gynecology,R,F,3,103966,1,Trauma,Moderate,3,61-70,4788,21-30
1301,26,b,2,Y,4,radiotherapy,R,D,4,71673,8,Trauma,Moderate,6,41-50,3515,51-60
5232,27,b,11,X,3,anesthesia,R,F,4,108671,9,Trauma,Moderate,2,71-80,4989,21-30
6595,17,e,1,X,4,gynecology,S,E,2,71924,4,Trauma,Moderate,2,51-60,7401,51-60
2245,20,a,7,Y,2,gynecology,S,C,4,99515,8,Emergency,Moderate,4,71-80,3033,51-60
2512,27,b,2,Y,4,radiotherapy,P,D,3,22235,8,Trauma,Extreme,4,41-50,4562,41-50
5601,28,a,11,X,4,anesthesia,R,F,2,76189,8,Trauma,Moderate,3,41-50,3233,21-30
6060,14,a,4,X,3,anesthesia,S,E,3,33328,8,Emergency,Moderate,8,51-60,5349,21-30
928,6,a,1,X,4,gynecology,Q,E,3,39360,8,Trauma,Moderate,2,21-30,4302,21-30
4613,9,d,9,Y,4,gynecology,Q,B,2,90779,7,Emergency,Extreme,8,71-80,3825,31-40
9543,31,f,9,Y,2,gynecology,S,B,3,82540,4,Emergency,Moderate,2,41-50,4108,0-10
852,11,d,5,Z,4,gynecology,S,F,4,11626,4,Trauma,Moderate,8,unknown,5075,unknown
2766,6,a,6,X,4,gynecology,Q,F,4,13708,8,Trauma,Moderate,4,41-50,3570,unknown
8127,19,b,2,Y,4,gynecology,Q,D,3,122281,8,Emergency,Extreme,2,21-30,5114,21-30
701,5,a,6,X,3,gynecology,Q,F,4,80424,8,Emergency,Moderate,3,21-30,5221,31-40
9189,26,b,2,Y,4,anesthesia,S,D,4,29720,8,Trauma,Moderate,2,unknown,5242,unknown
5219,26,b,2,Y,4,gynecology,S,D,4,71753,unknown,Emergency,Minor,6,71-80,3873,51-60
5250,27,a,7,X,2,gynecology,R,E,2,28995,8,Emergency,Moderate,2,61-70,4988,21-30
449,21,a,7,Y,3,radiotherapy,S,C,2,98589,8,Emergency,Moderate,2,71-80,2677,21-30
2280,5,a,6,X,4,gynecology,Q,F,3,30063,8,Emergency,Moderate,2,21-30,4990,21-30
7752,27,a,11,X,2,gynecology,R,F,3,95688,8,Urgent,Moderate,2,71-80,5257,21-30
3125,29,b,11,X,2,surgery,S,F,4,50801,1,Trauma,Moderate,8,61-70,3956,51-60
3786,25,b,2,Y,2,gynecology,S,D,3,101381,8,Trauma,Moderate,5,41-50,5530,51-60
2327,13,a,5,X,2,radiotherapy,R,F,4,85445,19,Emergency,Moderate,2,unknown,3366,31-40
364,23,a,6,X,4,gynecology,T,F,3,78958,unknown,Emergency,Extreme,2,31-40,4750,21-30
1941,14,e,1,X,2,TB & Chest disease,R,E,3,107825,unknown,Trauma,Moderate,8,41-50,3951,31-40
3743,28,b,2,Y,3,radiotherapy,R,A,2,27326,8,Urgent,Moderate,2,41-50,5149,31-40
661,18,a,1,Y,4,gynecology,S,E,4,36365,8,Trauma,Moderate,2,unknown,3866,51-60
6486,23,a,1,X,4,gynecology,S,E,3,33927,8,Emergency,Minor,5,21-30,3564,41-50
7863,18,c,5,Z,3,gynecology,R,F,2,101206,4,Trauma,Moderate,2,41-50,4714,71-80
698,18,a,7,Y,3,gynecology,S,C,3,77917,8,Emergency,Extreme,6,31-40,3073,81-90
581,26,b,2,Y,7,gynecology,S,D,2,11109,8,Trauma,Extreme,2,41-50,3994,51-60
3322,25,b,2,Y,2,gynecology,R,D,2,77707,4,Trauma,Moderate,2,61-70,4247,51-60
5031,25,b,2,Y,4,anesthesia,S,D,3,99027,8,Urgent,Moderate,2,41-50,5496,unknown
3697,6,a,6,X,4,radiotherapy,R,F,2,53748,8,Trauma,Extreme,4,61-70,3787,21-30
8007,14,a,1,X,2,anesthesia,R,E,3,53205,8,Emergency,Moderate,2,61-70,3277,21-30
3406,4,a,6,X,4,gynecology,Q,F,unknown,43709,8,Trauma,Extreme,2,41-50,3612,21-30
5212,16,e,1,X,1,gynecology,R,E,3,34422,1,Urgent,Minor,2,41-50,4445,21-30
2280,28,b,11,X,4,TB & Chest disease,R,F,2,34410,1,Trauma,Moderate,2,71-80,4478,21-30
9525,14,a,1,X,4,anesthesia,S,E,4,68415,8,Emergency,Extreme,8,41-50,3291,51-60
6114,6,a,6,X,2,gynecology,R,F,4,71124,1,Trauma,Moderate,6,41-50,5219,21-30
1028,11,b,2,Y,4,gynecology,Q,D,3,67194,11,Urgent,Minor,8,71-80,4656,unknown
7335,26,b,2,Y,2,gynecology,R,D,4,103154,8,Trauma,Minor,8,61-70,6307,More than 100 Days
7545,1,d,10,Y,2,anesthesia,S,B,3,30422,8,Trauma,Moderate,2,unknown,7199,21-30
1032,3,c,9,Y,3,gynecology,R,B,2,70679,11,Trauma,Moderate,2,71-80,4722,unknown
5785,27,b,1,X,3,gynecology,R,E,4,46931,8,Trauma,Minor,2,41-50,4768,21-30
5299,25,b,2,X,3,gynecology,R,E,3,109402,8,Trauma,Extreme,4,71-80,4118,51-60
3277,23,a,6,X,2,radiotherapy,S,F,4,32202,8,Trauma,Moderate,2,71-80,5017,21-30
752,10,e,1,X,2,gynecology,S,E,3,59189,7,Emergency,Extreme,3,51-60,3880,21-30
816,28,a,7,Y,3,gynecology,R,C,3,45206,8,Emergency,Moderate,6,51-60,3931,More than 100 Days
2437,6,a,6,X,3,anesthesia,Q,F,3,55678,1,Trauma,Moderate,2,41-50,4036,31-40
1122,5,a,7,Y,4,gynecology,R,C,3,32731,8,Trauma,Minor,2,21-30,3639,unknown
501,23,a,1,X,4,gynecology,R,E,4,8049,8,Trauma,Moderate,2,31-40,3948,unknown
2005,20,a,7,Y,4,radiotherapy,S,C,2,26405,7,Emergency,Moderate,5,51-60,3756,51-60
2027,26,b,2,Y,3,gynecology,S,D,2,10636,4,Urgent,Moderate,3,71-80,3742,unknown
7766,28,b,11,X,4,anesthesia,R,F,3,37614,8,Urgent,Extreme,2,21-30,4781,unknown
604,6,a,6,X,4,gynecology,Q,F,2,102453,8,Trauma,Moderate,4,31-40,5800,41-50
6181,11,e,1,X,5,gynecology,S,E,2,95707,9,Trauma,Moderate,3,41-50,6658,71-80
2286,23,a,6,X,4,gynecology,R,F,3,21050,8,Trauma,Moderate,2,61-70,4161,21-30
7401,14,a,1,X,5,gynecology,S,E,3,60359,8,Trauma,Extreme,3,41-50,3044,unknown
2815,22,a,6,X,3,gynecology,R,F,2,96258,8,Emergency,Moderate,2,41-50,3948,21-30
5331,27,b,11,X,2,radiotherapy,R,F,3,67172,8,Urgent,Moderate,2,unknown,5275,21-30
7215,27,a,6,X,3,gynecology,R,F,3,67990,8,Trauma,Moderate,6,21-30,5583,51-60
2231,23,c,5,Z,4,anesthesia,T,F,4,11731,7,Emergency,Extreme,6,41-50,3871,51-60
4443,25,b,2,Y,3,gynecology,R,D,4,68305,8,Trauma,Minor,2,31-40,5270,41-50
7973,19,c,7,Z,2,gynecology,S,C,3,82309,8,Emergency,Moderate,2,21-30,4895,unknown
6218,28,a,6,X,3,gynecology,R,F,3,27608,4,Urgent,Moderate,2,21-30,4942,unknown
2373,14,a,6,X,4,gynecology,Q,F,2,108000,1,Urgent,Moderate,2,21-30,4389,0-10
8932,31,c,3,Z,2,anesthesia,S,A,4,93237,8,Trauma,Extreme,5,61-70,5299,31-40
652,26,b,2,Y,4,gynecology,Q,D,3,104495,22,Emergency,Moderate,4,41-50,5584,31-40
5759,20,a,7,Y,2,radiotherapy,S,C,1,49716,8,Emergency,Moderate,4,61-70,4799,31-40
2350,28,b,2,Y,4,gynecology,Q,D,4,29674,1,Trauma,Moderate,3,51-60,5065,unknown
667,28,a,7,Y,3,gynecology,R,C,2,16416,8,Emergency,Moderate,6,41-50,3536,unknown
6840,32,a,9,Y,2,gynecology,S,B,3,114032,8,Trauma,Moderate,6,71-80,4144,More than 100 Days
4571,32,f,9,Y,4,radiotherapy,S,B,3,79528,14,Trauma,Extreme,2,71-80,2999,31-40
701,23,a,6,X,5,radiotherapy,Q,F,3,67166,7,Urgent,Moderate,2,51-60,4853,unknown
3049,26,b,2,Y,4,gynecology,R,D,4,100576,8,Trauma,Minor,2,41-50,4566,unknown
855,32,f,9,Y,2,gynecology,S,B,3,94912,8,Trauma,Moderate,4,51-60,5268,31-40
4400,18,a,1,Z,2,anesthesia,S,A,3,67315,8,Trauma,Minor,6,81-90,5620,41-50
4650,26,b,2,Y,4,gynecology,P,D,3,92177,8,Trauma,Extreme,2,21-30,4136,31-40
7894,28,b,5,Z,4,gynecology,R,F,3,75394,8,Trauma,Minor,2,21-30,4020,51-60
971,28,a,7,Y,4,gynecology,R,C,3,106946,8,Emergency,Moderate,6,41-50,4198,unknown
3080,25,b,2,Y,1,TB & Chest disease,S,D,4,68925,8,Urgent,Moderate,6,41-50,5990,More than 100 Days
5019,12,a,7,Y,7,gynecology,Q,C,1,105397,8,Emergency,Extreme,4,51-60,4214,31-40
2797,12,d,5,Z,4,anesthesia,Q,F,4,55745,9,Emergency,Moderate,4,51-60,3400,unknown
6111,6,a,4,X,1,gynecology,R,F,4,34487,1,Trauma,Moderate,2,21-30,3370,unknown
4639,19,c,5,Z,4,gynecology,S,F,4,57400,7,Trauma,Moderate,3,31-40,3620,81-90
940,26,b,2,Y,4,gynecology,P,D,2,31312,8,Trauma,Moderate,2,71-80,4119,21-30
5206,19,a,7,Y,5,gynecology,P,C,2,56899,5,Emergency,Moderate,3,61-70,4236,31-40
9349,32,c,3,Z,2,radiotherapy,S,A,3,48212,8,Trauma,Extreme,4,61-70,5244,More than 100 Days
3232,26,b,2,Y,3,gynecology,R,D,4,29402,8,Trauma,Moderate,3,21-30,5080,21-30
2126,27,a,4,X,3,gynecology,R,F,2,12081,8,Trauma,Moderate,6,51-60,3847,51-60
8548,2,c,3,Z,4,gynecology,S,F,2,67523,8,Emergency,Moderate,4,unknown,5103,31-40
3412,23,a,6,X,3,gynecology,S,F,4,89451,8,Trauma,Moderate,2,41-50,5091,31-40
8370,10,d,2,Y,3,gynecology,R,D,3,8795,8,Trauma,Moderate,3,21-30,3505,unknown
1948,26,a,7,Y,3,gynecology,R,C,3,112361,8,Trauma,Moderate,3,71-80,5015,21-30
749,1,c,3,Z,4,gynecology,S,A,2,126428,5,Trauma,Moderate,2,41-50,3805,21-30
2280,23,a,1,X,4,anesthesia,R,E,2,80761,2,Trauma,Moderate,2,41-50,3391,21-30
2173,27,a,1,X,4,radiotherapy,R,E,4,65260,1,Emergency,Moderate,2,41-50,4235,unknown
768,8,d,5,Z,4,gynecology,S,F,2,60256,5,Emergency,Moderate,4,41-50,4412,21-30
2230,29,b,4,Y,1,radiotherapy,R,F,4,70461,8,Trauma,Extreme,6,51-60,4765,51-60
7753,28,b,11,X,3,radiotherapy,R,F,4,35347,1,Trauma,Moderate,2,41-50,3706,21-30
7962,23,a,9,Y,3,anesthesia,S,B,4,125034,8,Trauma,Moderate,2,51-60,4960,unknown
3161,6,a,6,X,4,gynecology,Q,F,4,63451,9,Trauma,Moderate,4,31-40,3304,21-30
8192,11,d,5,Z,3,gynecology,Q,F,3,42080,11,Trauma,Moderate,2,21-30,6754,unknown
771,10,d,5,Z,4,gynecology,Q,F,3,8401,11,Trauma,Moderate,2,0-10,4927,unknown
3868,23,a,7,X,4,radiotherapy,Q,C,1,34085,8,Emergency,Moderate,4,71-80,3081,21-30
408,26,b,2,Y,4,gynecology,S,D,2,49661,7,Trauma,Moderate,4,61-70,4219,31-40
7306,20,f,9,Y,2,anesthesia,S,B,2,107392,8,Trauma,Moderate,2,0-10,5077,unknown
3368,6,a,6,X,4,gynecology,Q,F,2,72278,2,Trauma,Moderate,4,41-50,3308,51-60
5130,20,a,7,Y,4,radiotherapy,S,C,4,92446,9,Emergency,Moderate,4,41-50,4115,21-30
1983,10,c,5,Z,4,gynecology,S,F,4,43515,5,Trauma,Extreme,4,31-40,4167,51-60
2540,5,a,6,X,4,gynecology,R,F,3,9974,14,Emergency,Minor,4,51-60,4789,31-40
7322,6,a,4,X,4,anesthesia,Q,F,3,67952,8,Trauma,Moderate,2,21-30,5113,unknown
4953,19,a,7,Y,4,gynecology,Q,C,2,7215,8,Emergency,Moderate,3,41-50,3609,unknown
643,26,a,7,Y,3,gynecology,R,C,2,97795,23,Trauma,Moderate,2,71-80,5869,21-30
5187,9,e,1,X,2,anesthesia,Q,E,4,45049,8,Emergency,Moderate,8,81-90,4682,More than 100 Days
7910,14,a,1,X,2,gynecology,Q,E,4,66702,8,Emergency,Moderate,2,41-50,3768,21-30
2246,28,a,6,X,4,gynecology,R,F,3,91911,8,Trauma,Moderate,2,71-80,5313,21-30
7500,26,e,1,X,4,gynecology,Q,E,2,33711,5,Emergency,Moderate,4,41-50,5677,51-60
7149,11,e,1,X,3,gynecology,S,E,4,31200,7,Emergency,Minor,8,31-40,3751,31-40
6430,26,b,2,Y,4,anesthesia,Q,D,2,123441,8,Emergency,Moderate,3,21-30,3675,41-50
2566,6,a,6,X,4,gynecology,Q,F,4,59300,10,Trauma,Moderate,2,41-50,3973,21-30
8889,27,a,7,Y,4,gynecology,S,C,4,103001,8,Trauma,Moderate,2,61-70,4989,31-40
3208,31,c,5,Z,2,anesthesia,R,F,4,28532,8,Trauma,Extreme,4,61-70,5363,51-60
9236,26,b,2,Y,1,radiotherapy,R,D,3,75003,8,Emergency,Moderate,5,61-70,4140,51-60
793,6,a,7,Y,4,gynecology,Q,D,3,84635,8,Trauma,Moderate,4,71-80,4861,21-30
743,19,a,7,Y,2,radiotherapy,P,C,3,32671,8,Emergency,Moderate,2,61-70,5208,21-30
4412,14,a,1,X,4,anesthesia,Q,E,2,91537,unknown,Trauma,Moderate,2,31-40,4641,21-30
8067,19,c,3,Z,2,gynecology,S,F,3,73851,8,Trauma,Moderate,2,31-40,4756,unknown
5271,17,e,1,X,1,anesthesia,S,E,3,45529,5,Trauma,Moderate,2,41-50,5242,unknown
6792,32,c,3,Z,4,anesthesia,S,A,4,82650,9,Trauma,Extreme,4,31-40,3859,51-60
2683,21,a,9,Y,3,gynecology,R,B,2,32759,8,Trauma,Moderate,2,41-50,5248,31-40
9146,13,e,1,X,2,gynecology,R,E,2,40002,1,Emergency,Moderate,2,41-50,3319,unknown
543,27,a,4,X,3,gynecology,R,F,2,33650,14,Emergency,Moderate,6,51-60,3661,51-60
5706,6,a,6,X,3,gynecology,Q,F,3,53786,4,Trauma,Extreme,2,61-70,3761,unknown
1081,6,a,6,X,4,anesthesia,Q,F,4,71216,2,Trauma,Extreme,2,51-60,3301,21-30
4827,25,b,2,Y,5,gynecology,R,D,3,41115,8,Emergency,Minor,5,81-90,3331,81-90
4662,26,e,1,X,4,gynecology,S,E,2,123263,10,Trauma,Moderate,4,41-50,4098,51-60
2623,1,d,10,Y,3,gynecology,S,B,3,32922,8,Emergency,Moderate,5,31-40,4219,71-80
3753,26,b,2,Y,4,gynecology,Q,D,4,63476,10,Emergency,Moderate,3,31-40,3953,41-50
2354,11,d,5,X,4,gynecology,Q,F,2,110568,5,Emergency,Moderate,2,31-40,5163,unknown
1274,28,b,11,X,3,gynecology,R,F,2,125927,8,Trauma,Moderate,3,41-50,4069,51-60
5442,9,d,5,Z,4,radiotherapy,Q,F,4,24252,unknown,Urgent,Minor,2,31-40,4800,21-30
5424,20,c,3,Z,3,anesthesia,S,A,2,116781,9,Urgent,Moderate,3,61-70,3345,41-50
4989,6,a,6,X,2,anesthesia,R,F,2,36051,unknown,Trauma,Moderate,2,41-50,5074,91-100
5236,19,d,9,Y,2,gynecology,S,B,4,83704,8,Emergency,Extreme,2,21-30,4914,81-90
5291,29,a,4,X,2,gynecology,R,F,2,83973,2,Trauma,Moderate,8,41-50,6115,21-30
8144,19,g,9,Y,7,anesthesia,S,B,3,24933,8,Emergency,Minor,4,31-40,3316,51-60
1954,6,a,11,X,4,gynecology,Q,F,3,75914,2,Trauma,Minor,8,21-30,3079,31-40
3944,28,b,6,X,3,gynecology,R,F,2,63801,8,Emergency,Moderate,8,41-50,3900,51-60
991,26,e,1,X,2,gynecology,R,E,2,79796,1,Emergency,Moderate,2,41-50,3878,unknown
1973,19,b,2,Y,3,gynecology,S,D,3,79069,7,Trauma,Minor,2,unknown,4125,21-30
3002,19,c,1,X,2,gynecology,S,E,3,97324,8,Trauma,Minor,2,41-50,4899,unknown
2026,10,b,1,X,3,gynecology,Q,E,1,124928,8,Trauma,Extreme,4,61-70,3334,31-40
990,26,b,2,Y,3,radiotherapy,S,D,4,46034,8,Trauma,Moderate,5,21-30,4751,51-60
4424,27,b,7,Y,4,gynecology,Q,D,3,63702,2,Trauma,Moderate,4,51-60,4619,51-60
925,14,c,5,Z,3,gynecology,S,E,2,85168,2,Trauma,Moderate,2,21-30,3403,31-40
685,23,a,5,Z,4,gynecology,R,F,4,48179,8,Trauma,Moderate,2,51-60,5545,unknown
5524,6,a,1,X,4,radiotherapy,Q,E,4,79815,8,Emergency,Moderate,4,31-40,6180,31-40
2365,25,b,2,Y,2,gynecology,P,D,4,98922,8,Emergency,Moderate,4,81-90,4322,51-60
5508,6,a,1,X,4,gynecology,R,E,3,66226,7,Trauma,Moderate,3,61-70,4165,21-30
5503,26,b,2,Y,4,anesthesia,R,D,2,41847,8,Urgent,Moderate,3,51-60,4162,31-40
8407,28,a,4,X,4,gynecology,R,F,3,63824,8,Trauma,Moderate,3,81-90,4093,31-40
4298,8,e,6,X,2,gynecology,S,F,3,94330,4,Trauma,Moderate,2,41-50,4805,unknown
1624,26,b,2,Y,4,gynecology,R,D,4,107789,8,Trauma,Moderate,8,61-70,4020,41-50
5981,26,b,2,Y,4,anesthesia,Q,D,3,69580,8,Trauma,Moderate,2,91-100,5022,21-30
5205,6,a,7,Y,1,gynecology,R,C,2,127430,8,Emergency,Moderate,2,71-80,5044,unknown
830,15,a,9,Y,3,anesthesia,S,B,4,62946,8,Emergency,Moderate,4,41-50,5432,51-60
958,18,c,5,Z,2,gynecology,R,F,4,86850,22,Trauma,Moderate,2,71-80,5719,21-30
3942,8,d,5,Z,3,gynecology,S,F,4,33038,8,Urgent,Minor,4,61-70,3975,0-10
7636,14,e,1,X,2,gynecology,S,E,4,54960,8,Emergency,Moderate,5,41-50,4950,41-50
3018,26,b,2,Y,4,radiotherapy,R,D,3,120551,8,Trauma,Moderate,2,31-40,5163,21-30
1699,5,a,1,X,4,gynecology,R,E,3,33588,unknown,Urgent,Moderate,2,41-50,4189,unknown
808,20,c,9,Y,4,anesthesia,Q,B,2,76279,8,Trauma,Moderate,2,41-50,4340,unknown
5194,6,a,6,X,4,gynecology,Q,F,2,8472,9,Emergency,Minor,2,21-30,3306,31-40
5548,23,a,6,X,4,gynecology,Q,F,2,41970,9,Emergency,Moderate,3,unknown,3896,21-30
6741,26,b,2,Y,4,gynecology,Q,D,3,29547,8,Emergency,Moderate,4,41-50,4895,0-10
7485,23,d,5,Z,2,gynecology,Q,F,4,126662,8,Trauma,Moderate,2,21-30,5201,21-30
567,11,b,2,Y,6,anesthesia,Q,D,4,9648,8,Emergency,Moderate,4,41-50,7370,0-10
8719,26,b,2,Y,5,anesthesia,Q,D,4,25663,8,Trauma,Moderate,4,unknown,4352,More than 100 Days
2282,27,a,1,X,2,gynecology,R,F,4,65159,8,Trauma,Moderate,2,31-40,4069,81-90
751,7,a,1,X,4,gynecology,Q,E,3,22409,22,Trauma,Minor,4,41-50,3345,21-30
1888,15,c,5,Z,4,gynecology,Q,F,4,67764,4,Emergency,Minor,2,21-30,5229,unknown
9726,5,d,5,Z,4,gynecology,Q,F,3,131507,8,Trauma,Moderate,4,21-30,4626,31-40
5106,28,a,4,X,3,gynecology,R,F,3,122054,8,Emergency,Moderate,2,61-70,5028,31-40
2472,28,a,7,Y,1,gynecology,R,C,4,127450,8,Trauma,Minor,2,31-40,4690,31-40
6556,11,b,2,Y,3,gynecology,Q,D,3,35759,2,Trauma,Extreme,4,61-70,3767,More than 100 Days
6196,23,a,9,Y,3,anesthesia,R,B,4,30586,2,Trauma,Minor,2,41-50,4731,unknown
2550,18,a,7,X,4,gynecology,Q,C,2,120208,8,Urgent,Moderate,3,41-50,5033,21-30
1324,11,a,9,Y,4,anesthesia,Q,B,3,123027,8,Trauma,Moderate,2,41-50,5707,21-30
7974,31,f,9,Y,2,gynecology,S,B,4,99883,8,Trauma,Minor,2,61-70,6715,More than 100 Days
4368,10,b,5,Z,4,gynecology,Q,F,3,30860,4,Emergency,Minor,2,31-40,3715,unknown
2815,5,a,4,X,3,gynecology,Q,F,3,32450,8,Trauma,Moderate,3,31-40,5361,21-30
8530,19,a,7,Y,4,radiotherapy,Q,C,1,87858,8,Trauma,Moderate,4,71-80,4142,31-40
6607,23,a,1,X,4,gynecology,R,E,3,57336,8,Trauma,Minor,2,81-90,4665,21-30
752,19,c,3,Z,3,gynecology,R,F,4,56278,8,Emergency,Moderate,4,71-80,4278,51-60
5727,6,a,11,X,3,gynecology,R,F,3,67460,unknown,Emergency,Moderate,2,31-40,3885,31-40
615,26,b,7,Y,4,gynecology,Q,D,4,56885,8,Emergency,Moderate,4,41-50,3920,31-40
1411,6,a,1,X,3,gynecology,R,E,3,102538,8,Trauma,Moderate,2,51-60,4089,51-60
2653,19,c,3,Y,2,gynecology,S,E,2,9898,8,Trauma,Moderate,2,21-30,7137,21-30
6179,19,a,1,X,4,gynecology,R,E,2,80414,8,Emergency,Moderate,5,41-50,4189,21-30
6042,19,c,3,Z,4,gynecology,S,A,2,27670,8,Trauma,Extreme,2,81-90,5446,71-80
6251,23,a,6,X,4,gynecology,R,F,4,23551,15,Trauma,Minor,2,31-40,4689,unknown
6055,27,b,2,Y,1,anesthesia,S,D,4,126158,8,Emergency,Moderate,5,41-50,5061,More than 100 Days
812,5,a,6,X,4,gynecology,Q,F,3,32331,8,Trauma,Moderate,2,61-70,2918,31-40
1776,19,c,3,Y,2,gynecology,Q,A,3,89693,4,Emergency,Moderate,4,41-50,3158,51-60
5299,6,a,6,X,4,gynecology,R,F,2,84554,14,Trauma,Moderate,2,31-40,4699,unknown
8030,28,b,11,X,4,gynecology,R,F,4,101529,8,Trauma,Moderate,2,41-50,5225,21-30
7987,26,b,2,Y,3,anesthesia,R,D,3,125665,8,Trauma,Moderate,3,61-70,5375,21-30
7807,32,c,3,Z,4,anesthesia,R,A,3,32642,8,Urgent,Minor,3,31-40,6789,unknown
2336,28,a,1,X,3,gynecology,S,E,4,51474,8,Emergency,Moderate,6,61-70,5202,71-80
1607,3,c,3,Z,4,gynecology,S,A,2,124905,9,Emergency,Moderate,4,41-50,5144,41-50
636,20,c,3,Z,3,anesthesia,R,A,4,81563,4,Trauma,Minor,3,41-50,3409,51-60
984,26,e,2,Y,3,anesthesia,S,E,4,110219,8,Emergency,Moderate,4,61-70,4120,51-60
4121,28,a,7,X,3,gynecology,R,C,2,92640,8,Emergency,Moderate,4,81-90,3619,More than 100 Days
5894,26,b,2,Y,2,gynecology,R,D,2,106060,8,Trauma,Moderate,2,51-60,6357,31-40
7706,11,a,9,Y,3,gynecology,R,B,3,113658,unknown,Emergency,Minor,3,unknown,4047,unknown
4289,25,e,1,X,4,gynecology,S,E,2,50021,8,Trauma,Moderate,6,unknown,4220,21-30
421,23,c,5,Z,4,gynecology,R,F,4,103897,4,Urgent,Moderate,2,31-40,4585,21-30
8310,23,a,6,X,2,gynecology,R,F,4,29417,2,Trauma,Moderate,12,unknown,4468,51-60
428,26,c,3,Z,2,gynecology,R,D,4,35726,8,Trauma,Moderate,2,41-50,5966,0-10
968,10,d,13,Y,2,gynecology,S,F,4,35677,8,Emergency,Moderate,4,21-30,4588,31-40
2327,25,b,2,Y,2,gynecology,R,D,4,23135,2,Urgent,Extreme,6,81-90,4603,31-40
432,25,e,1,X,2,gynecology,S,E,3,15181,unknown,Urgent,Extreme,7,41-50,5596,31-40
5983,2,c,3,Z,4,gynecology,R,F,4,123285,9,Urgent,Moderate,2,21-30,5356,21-30
5279,6,a,6,X,4,gynecology,R,F,4,65051,8,Trauma,Minor,4,31-40,3164,21-30
9410,23,a,7,Y,3,gynecology,S,C,4,86630,8,Trauma,Minor,2,unknown,4808,unknown
7011,10,a,1,X,3,gynecology,R,E,4,74369,8,Trauma,Extreme,4,41-50,3062,31-40
4800,28,a,4,X,4,gynecology,T,F,2,34430,8,Trauma,Moderate,3,41-50,5110,51-60
2028,12,b,2,Y,4,radiotherapy,S,D,3,38795,2,Trauma,Extreme,4,41-50,3468,21-30
7951,2,c,3,Z,4,anesthesia,R,A,3,53579,8,Trauma,Extreme,2,71-80,6389,31-40
5071,10,e,1,X,5,gynecology,S,E,3,85869,9,Emergency,Minor,4,21-30,4816,unknown
5103,23,a,6,X,4,gynecology,R,F,3,29493,2,Urgent,Moderate,3,61-70,4730,31-40
7777,23,g,9,Y,3,gynecology,R,B,2,65477,8,Urgent,Moderate,3,21-30,6597,31-40
5414,27,b,11,X,2,gynecology,R,F,2,63861,1,Urgent,Moderate,2,41-50,5208,31-40
5563,28,a,6,X,4,gynecology,Q,E,3,56725,unknown,Trauma,Moderate,2,unknown,3975,21-30
5522,12,a,9,Y,4,gynecology,R,B,4,82376,8,Trauma,Minor,5,81-90,3499,31-40
5392,22,d,5,Z,1,gynecology,Q,F,2,88103,4,Urgent,Moderate,4,41-50,3945,unknown
788,23,a,7,Y,3,gynecology,Q,C,1,29411,15,Emergency,Moderate,3,61-70,4678,unknown
2101,24,a,6,X,4,anesthesia,S,F,3,123456,8,Trauma,Minor,8,51-60,3954,21-30
9707,3,c,5,Z,2,anesthesia,S,F,4,71299,14,Trauma,Moderate,4,21-30,6305,unknown
2807,11,b,11,Y,4,gynecology,R,F,1,55900,9,Trauma,Moderate,4,41-50,4139,71-80
2973,25,b,2,Y,3,radiotherapy,Q,D,2,54968,8,Trauma,Extreme,3,61-70,5029,31-40
4009,10,e,1,X,4,radiotherapy,S,E,4,54368,8,Urgent,Moderate,2,71-80,3992,21-30
8081,2,b,2,Y,2,gynecology,R,B,3,109968,8,Trauma,Moderate,2,41-50,5284,unknown
7771,27,b,11,Y,4,gynecology,R,D,3,24985,8,Emergency,Extreme,3,41-50,4120,71-80
5797,28,b,11,X,3,radiotherapy,R,F,3,59869,8,Trauma,Moderate,2,61-70,5480,71-80
5401,9,b,2,Y,4,gynecology,R,D,2,26713,8,Trauma,Moderate,2,41-50,4263,81-90
8495,19,e,7,X,7,gynecology,S,E,4,32430,8,Trauma,Moderate,2,81-90,4934,unknown
4931,5,a,6,X,4,gynecology,R,F,3,116940,8,Urgent,Moderate,3,71-80,4224,21-30
1947,27,b,2,Y,4,TB & Chest disease,R,D,3,112288,8,Emergency,Moderate,8,61-70,3986,unknown
5793,32,f,9,Y,2,gynecology,S,B,2,29373,8,Emergency,Extreme,4,71-80,3749,51-60
5544,11,b,2,Y,4,gynecology,Q,D,2,74427,8,Emergency,Moderate,3,41-50,5079,21-30
3786,26,b,11,X,4,gynecology,Q,D,1,10913,8,Trauma,Extreme,4,71-80,4769,81-90
8209,31,c,9,Y,4,gynecology,R,B,1,61939,8,Trauma,Moderate,5,31-40,4834,31-40
7602,14,a,1,X,4,anesthesia,S,E,3,37847,8,Trauma,Moderate,4,41-50,4592,unknown
5148,7,e,1,X,4,gynecology,Q,E,3,108518,5,Emergency,Moderate,5,41-50,4845,21-30
719,23,e,1,X,3,gynecology,S,E,2,87824,8,Emergency,Extreme,8,61-70,3327,71-80
8252,23,a,6,X,4,anesthesia,Q,F,2,79777,2,Emergency,Moderate,2,unknown,4882,0-10
3296,28,b,11,X,4,gynecology,R,F,4,47385,7,Trauma,Moderate,6,51-60,3950,51-60
8184,23,a,6,X,4,gynecology,R,F,2,28688,unknown,Trauma,Moderate,2,41-50,2974,51-60
5849,28,b,11,X,3,gynecology,R,F,3,6951,15,Trauma,Moderate,5,31-40,3521,21-30
2887,9,e,1,X,2,anesthesia,R,E,4,70290,unknown,Urgent,Moderate,5,31-40,4424,unknown
2478,26,a,1,X,4,gynecology,R,E,2,108851,1,Trauma,Moderate,2,31-40,3601,21-30
6196,12,b,2,Y,3,gynecology,Q,D,2,53270,8,Emergency,Moderate,2,41-50,4792,21-30
6177,6,a,4,X,3,gynecology,R,F,2,57364,8,Emergency,Moderate,2,71-80,5033,71-80
9572,21,a,9,Y,2,radiotherapy,S,B,2,79486,8,Emergency,Moderate,3,41-50,4871,unknown
2916,19,c,5,Z,4,anesthesia,S,F,4,76229,8,Trauma,Moderate,4,41-50,3665,31-40
7309,31,c,3,Z,2,anesthesia,S,A,4,125522,8,Trauma,Minor,2,61-70,7342,0-10
747,25,e,1,X,3,radiotherapy,Q,E,2,68173,1,Trauma,Moderate,3,41-50,4624,21-30
3911,26,e,1,X,4,gynecology,R,E,4,72323,8,Trauma,Moderate,2,31-40,5080,21-30
5344,23,a,6,X,4,gynecology,R,F,4,68246,10,Emergency,Moderate,2,41-50,3674,21-30
5831,25,b,2,Y,3,gynecology,R,D,3,125289,8,Trauma,Minor,6,21-30,5291,91-100
7359,7,e,1,X,3,anesthesia,S,E,4,75204,8,Emergency,Moderate,2,21-30,4875,unknown
1771,20,a,2,Y,2,anesthesia,S,D,3,122873,8,Emergency,Minor,4,31-40,5869,51-60
7646,25,b,2,Y,3,gynecology,S,D,2,67809,unknown,Trauma,Moderate,2,51-60,4834,21-30
9596,32,f,9,Y,2,gynecology,S,B,3,113047,8,Emergency,Minor,4,41-50,6528,31-40
3778,26,f,9,Y,4,gynecology,S,B,2,125072,7,Emergency,Moderate,4,41-50,4406,unknown
3115,2,c,3,Z,3,gynecology,R,A,2,55673,7,Trauma,Moderate,2,41-50,5033,21-30
4946,27,a,12,Y,3,gynecology,R,B,2,70808,11,Emergency,Moderate,3,41-50,4593,31-40
3180,28,a,6,X,3,gynecology,R,F,3,34798,1,Emergency,Moderate,8,51-60,5085,unknown
1258,10,e,1,X,4,gynecology,Q,E,2,106504,10,Emergency,Extreme,2,51-60,3941,21-30
4329,18,a,7,Y,2,gynecology,S,C,2,91463,8,Emergency,Moderate,4,61-70,4942,21-30
4485,25,b,2,Y,4,gynecology,R,D,4,122230,8,Emergency,Moderate,8,81-90,3750,51-60
5778,26,b,2,Y,3,gynecology,Q,B,4,124588,8,Trauma,Minor,2,41-50,5075,51-60
440,19,a,7,Y,2,gynecology,S,C,4,53603,8,Emergency,Extreme,2,51-60,4753,21-30
7668,19,a,7,Y,4,radiotherapy,R,C,4,60627,8,Emergency,Moderate,2,41-50,5141,31-40
1079,6,c,5,X,4,gynecology,Q,F,3,64930,8,Trauma,Minor,2,81-90,4986,91-100
7521,28,b,11,X,3,anesthesia,R,F,3,40149,8,Trauma,Moderate,2,61-70,5105,31-40
691,26,a,7,X,4,gynecology,Q,C,2,29102,8,Trauma,Extreme,2,61-70,4070,51-60
2076,26,a,2,Y,3,gynecology,Q,D,4,12340,8,Trauma,Moderate,2,41-50,5160,21-30
7967,31,c,3,Z,2,anesthesia,S,A,3,34163,8,Trauma,Moderate,6,21-30,6188,unknown
7848,28,a,2,Y,1,gynecology,P,C,4,71445,8,Emergency,Moderate,6,71-80,3951,31-40
8537,1,d,5,Z,3,anesthesia,R,F,2,77521,4,Trauma,Moderate,3,21-30,5806,unknown
1944,26,b,2,Y,4,anesthesia,Q,D,4,31814,20,Emergency,Moderate,2,41-50,4454,31-40
5816,1,c,3,Z,3,anesthesia,R,A,3,81888,8,Emergency,Minor,2,21-30,5240,31-40
8087,2,c,3,Z,2,gynecology,S,A,3,70107,8,Trauma,Moderate,2,71-80,6015,31-40
324,5,a,6,X,5,gynecology,Q,F,unknown,73055,2,Trauma,Extreme,4,61-70,3599,21-30
4503,23,a,1,X,4,anesthesia,R,E,2,69483,15,Urgent,Moderate,2,31-40,3823,unknown
4254,6,a,1,X,4,gynecology,Q,E,1,81209,1,Emergency,Extreme,8,21-30,4467,31-40
7181,32,e,9,Y,2,radiotherapy,R,E,4,122851,8,Trauma,Moderate,2,71-80,6154,51-60
7123,6,a,6,X,3,gynecology,R,F,2,125154,2,Trauma,Extreme,2,41-50,3899,51-60
5942,26,b,2,Y,3,gynecology,Q,D,4,120192,24,Emergency,Extreme,4,41-50,3697,More than 100 Days
2956,28,b,11,X,4,gynecology,R,F,2,49755,1,Emergency,Moderate,5,81-90,3544,51-60
829,26,b,2,Y,4,gynecology,R,C,4,61182,8,Emergency,Extreme,2,41-50,3571,31-40
4641,25,e,1,X,3,gynecology,R,E,3,41744,8,Trauma,Moderate,2,61-70,4421,51-60
875,14,a,4,X,2,anesthesia,S,F,3,57115,8,Emergency,Minor,4,unknown,5119,71-80
5087,13,e,1,X,5,anesthesia,R,E,3,57509,1,Trauma,Moderate,5,51-60,4002,unknown
2231,14,a,5,X,4,gynecology,R,F,3,96400,1,Trauma,Moderate,2,21-30,6868,unknown
521,1,g,10,Y,4,radiotherapy,Q,B,2,87235,8,Emergency,Extreme,4,31-40,5982,unknown
7701,32,f,9,Y,2,radiotherapy,S,B,3,49276,2,Trauma,Moderate,8,unknown,7130,More than 100 Days
5686,23,a,6,X,4,TB & Chest disease,R,F,2,12523,8,Emergency,Moderate,3,41-50,5845,41-50
1564,28,b,11,X,2,radiotherapy,R,F,4,46912,8,Trauma,Extreme,6,51-60,3581,31-40
931,6,a,6,X,3,gynecology,Q,E,3,110420,2,Trauma,Extreme,2,21-30,4643,unknown
9322,6,a,7,Y,4,gynecology,R,C,4,109696,8,Trauma,Moderate,6,71-80,7089,51-60
7851,19,a,7,Y,4,gynecology,S,C,2,5081,8,Emergency,Moderate,2,51-60,3289,51-60
5493,14,a,1,X,2,radiotherapy,R,E,4,35603,1,Emergency,Moderate,2,41-50,4748,21-30
543,3,c,3,Z,1,anesthesia,S,A,3,72494,8,Trauma,Moderate,2,41-50,4941,unknown
6964,20,c,3,Z,4,gynecology,Q,F,4,31427,8,Trauma,Extreme,2,21-30,2930,unknown
2922,23,a,6,X,4,gynecology,R,F,4,97743,8,Trauma,Minor,2,41-50,3558,21-30
5276,18,b,2,Y,6,radiotherapy,S,B,1,107157,8,Trauma,Extreme,6,61-70,3738,51-60
5433,1,d,9,Y,2,gynecology,S,B,3,81164,8,Emergency,Extreme,2,71-80,4865,21-30
7520,20,a,5,Z,2,radiotherapy,R,F,4,92078,8,Trauma,Moderate,2,61-70,4021,31-40
591,19,a,7,Y,3,anesthesia,R,C,4,106610,8,Emergency,Extreme,3,41-50,4086,unknown
9554,14,a,5,Z,2,gynecology,R,A,4,29985,4,Trauma,Moderate,2,51-60,3976,21-30
2046,24,a,9,Y,4,anesthesia,R,B,3,35626,8,Emergency,Moderate,3,51-60,4957,0-10
2064,18,e,1,X,3,gynecology,R,E,2,55013,unknown,Emergency,Moderate,6,unknown,4223,21-30
8650,26,b,2,Y,2,gynecology,Q,D,4,119922,8,Trauma,Extreme,4,21-30,5646,31-40
1124,13,d,5,Z,2,gynecology,S,F,3,69862,8,Trauma,Moderate,2,61-70,3861,31-40
5195,26,a,7,Y,4,gynecology,R,C,2,80598,8,Emergency,Moderate,2,51-60,6656,21-30
997,19,a,7,Y,3,gynecology,Q,B,3,40421,8,Emergency,Moderate,3,41-50,3242,21-30
961,23,a,6,X,4,gynecology,Q,F,3,58705,8,Emergency,Extreme,2,51-60,4651,21-30
537,14,a,1,X,4,gynecology,Q,E,2,127006,1,Emergency,Moderate,12,41-50,4002,31-40
2783,10,e,1,X,4,gynecology,Q,E,2,8205,9,Urgent,Moderate,2,41-50,4504,41-50
5157,28,a,7,Y,2,gynecology,R,C,4,42592,8,Urgent,Minor,2,21-30,4973,unknown
6062,26,b,2,Y,1,anesthesia,S,D,4,106094,8,Trauma,Minor,2,41-50,4232,21-30
876,23,a,7,Y,4,gynecology,Q,C,2,34016,8,Emergency,Moderate,6,61-70,3851,31-40
829,23,a,6,X,2,surgery,R,F,3,59836,1,Emergency,Moderate,4,41-50,4193,51-60
8207,14,a,1,X,4,anesthesia,R,E,3,8896,1,Trauma,Moderate,2,41-50,5318,21-30
701,23,a,6,X,4,anesthesia,R,F,4,128229,8,Urgent,Moderate,2,41-50,4821,unknown
3620,23,a,1,X,3,gynecology,S,E,2,11368,7,Emergency,Moderate,2,41-50,4879,71-80
1385,16,e,1,X,3,gynecology,S,E,3,46399,9,Trauma,Extreme,6,41-50,3113,31-40
9294,9,d,5,Z,3,gynecology,Q,F,2,67041,14,Emergency,Minor,4,51-60,6604,51-60
8320,23,a,9,Y,2,radiotherapy,S,B,2,68446,8,Emergency,Moderate,4,41-50,5308,unknown
8664,14,a,1,X,4,gynecology,Q,E,2,9948,10,Emergency,Moderate,2,41-50,3479,0-10
7105,26,b,2,Y,4,radiotherapy,Q,D,3,48725,8,Emergency,Extreme,5,51-60,4793,51-60
2529,28,b,11,X,4,gynecology,R,F,3,42583,1,Emergency,Moderate,5,41-50,4721,41-50
7720,19,a,7,Y,4,gynecology,P,C,2,25307,8,Emergency,Moderate,3,51-60,4116,31-40
4187,27,a,4,X,4,gynecology,R,F,2,31606,8,Trauma,Extreme,6,41-50,4712,31-40
4276,6,a,6,Z,2,anesthesia,Q,F,4,32061,1,Trauma,Minor,2,41-50,6045,51-60
930,25,b,2,Y,4,gynecology,P,D,3,74600,8,Emergency,Moderate,3,41-50,5027,31-40
1012,26,a,7,Y,3,gynecology,R,C,2,36316,8,Emergency,Moderate,6,31-40,5141,51-60
1601,21,g,9,Y,3,gynecology,Q,B,2,72690,8,Trauma,Moderate,2,71-80,3863,31-40
2724,2,c,9,Y,3,gynecology,S,B,2,98854,8,Urgent,Moderate,4,41-50,4870,21-30
823,8,e,1,X,2,gynecology,S,E,3,83529,8,Emergency,Moderate,2,41-50,4804,21-30
2596,11,a,1,X,4,gynecology,Q,E,3,86363,8,Emergency,Moderate,4,51-60,4550,91-100
752,2,c,5,Z,4,gynecology,S,F,4,122978,5,Emergency,Moderate,2,31-40,3566,0-10
4731,14,a,1,X,4,gynecology,Q,E,3,56374,11,Trauma,Minor,2,31-40,4613,21-30
780,26,e,7,Y,3,gynecology,S,E,2,97971,8,Emergency,Moderate,6,41-50,5048,unknown
1388,21,f,9,Y,3,gynecology,S,B,2,78273,8,Urgent,Moderate,2,41-50,4753,21-30
1238,26,b,2,Y,4,gynecology,Q,D,4,78741,8,Trauma,Moderate,2,41-50,5177,41-50
964,17,a,7,Y,4,gynecology,S,C,2,112631,8,Emergency,Moderate,4,71-80,4826,unknown
4261,22,a,6,X,4,radiotherapy,Q,F,3,30585,11,Trauma,Minor,2,unknown,4960,unknown
9160,11,a,9,Y,2,gynecology,R,B,3,127216,10,Emergency,Minor,2,21-30,4776,51-60
835,25,b,2,Y,4,gynecology,S,D,4,25619,7,Emergency,Extreme,4,51-60,3354,51-60
5114,27,a,7,Y,3,gynecology,R,C,2,4535,8,Trauma,Moderate,3,41-50,4793,21-30
7859,27,a,7,Y,4,gynecology,S,C,2,58844,8,Emergency,Minor,2,71-80,5066,21-30
5386,6,a,5,Z,4,radiotherapy,Q,F,4,111866,8,Emergency,Minor,4,unknown,3160,unknown
5404,23,a,6,X,2,gynecology,Q,C,3,28585,8,Trauma,Moderate,4,61-70,3268,41-50
439,2,c,5,Z,3,gynecology,S,A,4,96805,11,Trauma,Moderate,4,41-50,5112,51-60
8054,28,b,2,Y,3,radiotherapy,S,D,2,128649,8,Trauma,Minor,6,31-40,6020,51-60
4639,18,a,1,X,4,gynecology,Q,E,2,68817,8,Trauma,Moderate,4,61-70,3314,21-30
5553,6,a,6,X,3,gynecology,Q,E,3,31702,8,Trauma,Minor,2,31-40,4605,unknown
3627,23,a,4,X,3,gynecology,R,F,3,73126,8,Trauma,Moderate,3,71-80,7074,unknown
5390,1,d,9,Y,3,radiotherapy,T,B,4,77748,8,Emergency,Extreme,3,41-50,4108,51-60
731,23,e,1,X,4,gynecology,R,E,2,92299,1,Emergency,Moderate,3,81-90,5712,31-40
9124,10,b,2,Y,4,gynecology,Q,D,4,120313,8,Emergency,Minor,4,41-50,5128,0-10
537,7,e,1,X,2,anesthesia,S,E,3,128548,9,Emergency,Moderate,2,51-60,4591,unknown
4633,28,a,7,Y,4,gynecology,R,C,2,61823,8,Emergency,Moderate,3,41-50,5206,21-30
5820,20,f,9,Y,2,TB & Chest disease,S,B,2,89096,8,Urgent,Moderate,4,51-60,5056,31-40
1195,22,a,1,X,4,gynecology,Q,E,3,68774,8,Trauma,Moderate,2,31-40,5055,unknown
8638,11,d,9,Y,3,gynecology,R,B,3,113249,8,Emergency,Moderate,2,41-50,6163,unknown
4533,1,d,9,Z,2,anesthesia,S,F,3,36765,8,Emergency,Moderate,4,21-30,4865,unknown
4786,26,b,2,Y,3,gynecology,R,D,2,30339,8,Emergency,Moderate,6,51-60,3686,31-40
2016,24,e,1,X,2,gynecology,R,E,2,85718,1,Trauma,Moderate,6,41-50,3991,51-60
5131,9,e,1,X,4,gynecology,R,E,4,32133,8,Emergency,Moderate,4,41-50,2739,31-40
556,2,f,9,Y,2,radiotherapy,S,B,2,13858,8,Urgent,Moderate,3,71-80,5252,51-60
7006,28,b,11,X,5,gynecology,R,F,4,98117,8,Trauma,Extreme,5,51-60,6555,71-80
1324,15,c,5,Z,4,gynecology,S,F,2,62032,5,Trauma,Moderate,2,21-30,6115,41-50
3507,15,a,1,X,4,gynecology,Q,E,1,122687,8,Urgent,Moderate,2,31-40,2537,21-30
8305,11,b,5,Z,4,gynecology,R,F,3,107020,4,Trauma,Minor,2,21-30,4784,unknown
892,10,b,2,Y,4,gynecology,Q,D,2,61306,8,Trauma,Extreme,4,21-30,3113,unknown
5508,21,c,3,Z,3,gynecology,R,A,4,50336,8,Trauma,Moderate,6,41-50,4579,51-60
858,5,a,6,X,4,gynecology,Q,F,1,76827,22,Urgent,Moderate,2,41-50,3120,21-30
3565,12,a,6,X,4,radiotherapy,Q,F,4,105792,4,Emergency,Moderate,2,unknown,5476,unknown
1158,14,a,6,X,4,gynecology,S,F,3,13705,8,Trauma,Moderate,4,41-50,4592,unknown
2931,27,a,6,X,3,gynecology,R,F,3,87604,1,Trauma,Moderate,2,61-70,4981,51-60
6975,13,c,5,Z,3,radiotherapy,S,F,3,32048,8,Trauma,Minor,2,21-30,4785,31-40
1975,25,e,1,X,4,gynecology,R,E,2,62101,1,Trauma,Moderate,2,71-80,3767,71-80
459,15,a,6,X,4,gynecology,Q,F,unknown,36426,11,Trauma,Moderate,2,41-50,4414,unknown
1986,26,b,2,Y,1,gynecology,S,D,2,33587,15,Urgent,Extreme,3,unknown,6131,More than 100 Days
5201,26,b,2,Y,7,radiotherapy,Q,D,3,31514,8,Emergency,Moderate,4,71-80,3970,31-40
1795,23,d,9,Z,2,anesthesia,S,F,1,12326,8,Trauma,Moderate,4,51-60,4439,21-30
2536,17,a,7,Y,4,gynecology,R,C,2,77847,8,Emergency,Minor,3,21-30,4801,31-40
518,10,d,9,Y,4,gynecology,Q,B,4,30489,2,Trauma,Moderate,2,41-50,6672,51-60
979,20,a,7,Y,2,radiotherapy,S,C,1,90113,8,Emergency,Extreme,5,51-60,4751,51-60
8450,26,b,11,Z,3,anesthesia,Q,F,4,37758,7,Trauma,Moderate,2,41-50,4926,21-30
7857,13,a,1,X,4,gynecology,Q,E,4,70041,8,Emergency,Moderate,2,41-50,4645,21-30
785,25,b,2,Y,3,gynecology,S,D,4,114688,8,Trauma,Extreme,8,81-90,3869,61-70
4727,25,e,1,X,3,radiotherapy,R,E,3,102890,10,Emergency,Moderate,6,41-50,4295,unknown
8682,26,a,7,X,1,gynecology,P,C,2,70885,8,Trauma,Moderate,6,51-60,4009,21-30
4643,26,b,1,X,4,gynecology,R,F,2,53617,1,Trauma,Extreme,2,61-70,4136,21-30
1132,2,c,6,Z,4,gynecology,S,F,1,59769,4,Emergency,Moderate,4,31-40,3346,31-40
819,27,a,7,Y,4,gynecology,Q,C,2,73992,8,Trauma,Moderate,2,51-60,4289,21-30
7883,19,c,3,Z,4,gynecology,R,A,3,82391,8,Urgent,Moderate,2,71-80,4165,unknown
7628,13,a,7,Y,2,radiotherapy,S,C,3,67693,8,Trauma,Minor,2,81-90,4127,31-40
3981,6,a,6,X,4,gynecology,R,F,4,62544,8,Trauma,Extreme,2,41-50,5499,51-60
3277,6,b,13,Y,3,radiotherapy,R,D,3,123622,8,Urgent,Moderate,2,31-40,4524,31-40
972,5,a,6,X,4,gynecology,Q,F,2,8398,1,Trauma,Moderate,3,41-50,3527,71-80
2318,15,a,6,X,2,radiotherapy,R,E,3,108924,8,Emergency,Moderate,2,51-60,5655,31-40
2824,1,c,3,Z,4,gynecology,R,A,3,54552,8,Emergency,Moderate,4,41-50,3675,31-40
3332,19,c,3,Z,1,gynecology,S,A,3,61996,5,Trauma,Moderate,2,61-70,3837,31-40
4197,20,c,3,Z,4,gynecology,S,A,3,5827,8,Emergency,Moderate,2,41-50,3264,unknown
643,5,a,6,X,4,gynecology,Q,F,2,34409,8,Emergency,Moderate,2,unknown,3510,21-30
5335,23,a,6,X,4,gynecology,Q,E,3,13824,8,Urgent,Extreme,2,21-30,5114,21-30
8034,28,b,11,X,4,anesthesia,R,F,3,59690,1,Emergency,Moderate,2,21-30,5279,31-40
5109,23,a,4,X,4,radiotherapy,Q,F,1,50846,8,Trauma,Extreme,4,41-50,4741,51-60
3779,23,a,6,X,4,radiotherapy,R,F,4,68361,5,Trauma,Moderate,3,71-80,3400,31-40
799,27,a,7,Y,7,gynecology,P,C,3,3346,8,Emergency,Moderate,4,61-70,4064,31-40
583,27,a,4,X,3,gynecology,R,F,2,35221,8,Trauma,Moderate,3,41-50,3469,31-40
7792,23,a,6,X,2,gynecology,R,F,3,35708,8,Trauma,Moderate,2,31-40,5074,unknown
859,26,b,2,Y,3,TB & Chest disease,R,D,4,72681,8,Trauma,Moderate,5,41-50,3985,unknown
1961,32,c,3,Z,7,gynecology,S,A,3,119514,4,Trauma,Moderate,6,31-40,4940,51-60
9584,10,d,13,Y,3,gynecology,Q,B,2,104057,4,Emergency,Moderate,3,31-40,5153,21-30
4933,19,c,3,Z,4,anesthesia,R,A,3,127616,1,Trauma,Moderate,2,51-60,4997,51-60
2027,22,e,1,X,4,gynecology,Q,E,1,54669,8,Emergency,Extreme,2,unknown,2931,unknown
2019,31,c,3,Z,2,gynecology,S,A,2,102050,8,Trauma,Extreme,5,71-80,4829,51-60
7861,25,e,1,X,7,gynecology,S,E,2,35140,8,Emergency,Moderate,4,41-50,2471,51-60
6512,25,b,2,Y,2,gynecology,S,D,1,63870,1,Urgent,Moderate,6,71-80,3281,unknown
6489,23,a,6,X,4,gynecology,R,F,2,124750,1,Trauma,Minor,2,31-40,3305,21-30
711,11,b,5,Y,6,gynecology,Q,D,4,35283,1,Trauma,Moderate,8,31-40,5705,unknown
9591,28,e,1,X,3,gynecology,R,E,2,43326,1,Trauma,Moderate,3,21-30,5770,71-80
4020,28,b,11,X,4,gynecology,R,F,3,51904,1,Trauma,Extreme,4,41-50,5118,51-60
4902,26,b,2,Y,2,gynecology,S,D,4,32417,8,Trauma,Extreme,2,61-70,3399,More than 100 Days
7025,14,a,1,X,4,gynecology,R,E,2,75970,1,Urgent,Moderate,2,51-60,4173,unknown
800,11,d,5,Z,2,anesthesia,Q,F,4,53063,8,Trauma,Moderate,2,61-70,3306,unknown
5477,32,c,3,Z,2,gynecology,S,A,4,75408,8,Emergency,Moderate,4,51-60,6028,31-40
3016,27,a,6,X,3,gynecology,R,F,4,115896,8,Trauma,Moderate,2,71-80,4067,unknown
8550,26,b,2,Y,3,gynecology,R,D,4,33475,8,Emergency,Moderate,2,21-30,5255,unknown
7086,19,c,3,Z,4,gynecology,R,A,3,6682,8,Trauma,Moderate,4,61-70,4623,0-10
5299,19,c,3,Z,2,anesthesia,S,A,4,131316,8,Trauma,Moderate,6,61-70,4682,81-90
6038,20,c,3,Z,4,anesthesia,S,A,4,59292,8,Trauma,Moderate,11,21-30,7391,unknown
4212,26,b,2,Y,4,gynecology,R,D,1,64701,8,Trauma,Extreme,8,61-70,3608,More than 100 Days
2159,6,a,6,X,4,gynecology,Q,F,4,64999,9,Trauma,Moderate,2,41-50,4655,unknown
6263,26,b,2,Y,7,gynecology,Q,D,3,72978,unknown,Emergency,Moderate,4,31-40,3471,unknown
5030,20,c,5,Z,3,gynecology,P,F,4,60554,5,Trauma,Minor,6,61-70,6351,unknown
789,28,a,7,Y,6,gynecology,R,C,3,12480,8,Emergency,Moderate,6,31-40,3530,31-40
3550,27,a,7,Y,4,gynecology,P,C,3,111209,8,Trauma,Moderate,2,31-40,4118,21-30
9164,8,e,9,Y,2,gynecology,S,B,4,34212,4,Emergency,Minor,2,31-40,4926,unknown
8616,32,f,9,Y,3,radiotherapy,S,B,3,42184,8,Trauma,Extreme,2,71-80,4973,31-40
4883,27,b,11,X,4,gynecology,Q,F,3,92597,8,Emergency,Moderate,4,21-30,5588,unknown
6166,31,c,3,Z,3,gynecology,S,F,2,78872,8,Urgent,Extreme,4,41-50,3057,51-60
1910,14,e,1,X,4,gynecology,Q,E,3,8213,8,Trauma,Extreme,4,61-70,3116,31-40
6949,14,a,7,Y,4,gynecology,R,F,4,42106,8,Emergency,Moderate,5,71-80,7034,21-30
416,26,e,1,X,5,gynecology,R,F,3,72911,1,Trauma,Moderate,2,61-70,3802,31-40
4808,24,e,1,X,4,gynecology,S,E,4,84088,4,Emergency,Extreme,2,41-50,3596,0-10
4493,26,b,2,Y,5,gynecology,Q,D,4,73148,8,Emergency,Moderate,5,41-50,3817,31-40
6262,6,a,6,X,4,gynecology,R,F,2,10963,2,Urgent,Moderate,3,41-50,6252,unknown
1947,28,a,7,Y,2,gynecology,S,C,2,13621,1,Emergency,Extreme,3,41-50,4121,51-60
5799,26,a,7,Y,4,gynecology,P,C,2,125747,8,Emergency,Moderate,4,41-50,3474,51-60
5401,8,e,1,X,4,gynecology,S,E,2,33574,8,Emergency,Moderate,2,41-50,4867,21-30
2379,11,b,11,Z,2,gynecology,S,F,2,81924,5,Trauma,Moderate,2,21-30,4398,51-60
2671,18,a,9,Y,4,gynecology,S,B,2,59624,8,Trauma,Moderate,8,61-70,4131,31-40
3863,23,a,6,X,4,gynecology,R,F,2,103982,1,Trauma,Moderate,2,41-50,3456,21-30
2151,26,a,7,Y,4,gynecology,Q,E,3,92503,8,Urgent,Moderate,3,51-60,5036,51-60
1819,20,a,7,Y,3,gynecology,Q,C,3,52329,8,Trauma,Moderate,6,61-70,3365,21-30
7736,26,b,2,Y,7,gynecology,Q,D,3,65419,8,Trauma,Moderate,2,81-90,5251,unknown
5058,26,b,2,Y,2,radiotherapy,R,D,4,123995,8,Trauma,Moderate,2,61-70,5071,0-10
4341,23,a,9,Y,3,gynecology,Q,B,3,110799,8,Trauma,Extreme,3,61-70,4078,31-40
826,11,a,9,Y,2,gynecology,R,B,3,9562,8,Trauma,Moderate,2,unknown,4892,21-30
4624,25,b,2,Y,4,gynecology,R,D,4,120778,8,Trauma,Extreme,5,61-70,4863,41-50
1953,2,c,3,Z,6,gynecology,S,F,4,67270,8,Trauma,Moderate,2,31-40,5102,51-60
4014,9,e,1,X,4,gynecology,R,E,2,66987,1,Emergency,Moderate,2,41-50,3679,unknown
5551,10,e,1,X,1,gynecology,R,E,3,36463,8,Urgent,Extreme,4,41-50,4965,21-30
